ISO3,year,population,built_up_km2,built_up_per_capita_m2
AFE,1975,91180491.01334734,4485.790558111111,49.19682388477667
AFE,1980,112369413.66491638,5263.463839222222,46.84071641521401
AFE,1985,132297302.31388022,6086.50372911111,46.006257290648726
AFE,1990,154868379.0918985,7064.824146999999,45.61824814352677
AFE,1995,180860400.83555338,7863.825994333334,43.48008717222455
AFE,2000,208210669.68182647,8904.118462333332,42.764948001656236
AFE,2005,237585045.88145977,9771.455891222222,41.12824464590913
AFE,2010,270921122.2333395,11012.361267444447,40.64785047641911
AFE,2015,306315324.64319384,12597.594535777778,41.12623013703892
AFE,2020,336797455.51017594,14477.549338777777,42.98592255350443
AFW,1975,79603001.36501877,3718.950399222222,46.71872084532356
AFW,1980,91529611.33263668,4145.840944444444,45.29507865359156
AFW,1985,104672799.36537422,4724.448618,45.135399517774324
AFW,1990,119512500.65458004,5397.400303333334,45.16180544939916
AFW,1995,137391802.77544767,5913.229064555555,43.0391693325409
AFW,2000,158050017.28606537,6544.295240555555,41.4064822828244
AFW,2005,181995885.42044532,7372.2484211111105,40.507775239422614
AFW,2010,208456378.9827058,8499.339732222223,40.772749549330676
AFW,2015,237290191.80899048,9727.819679555556,40.995456261361525
AFW,2020,266008785.67007595,10431.422040111114,39.214577119452535
AGO,1975,3952920.2022026908,334.1201533333333,84.52489203985223
AGO,1980,4819031.426988389,360.1980366666666,74.74490302126317
AGO,1985,5913770.65226237,395.2687454444444,66.83870049867937
AGO,1990,7114671.206081814,435.18178466666666,61.16681601458426
AGO,1995,8540007.456542969,459.59796222222224,53.81704460575137
AGO,2000,10154103.66655816,490.46759999999995,48.30240227065252
AGO,2005,12165911.047743056,515.0104263333333,42.332253154922974
AGO,2010,15289729.306640625,546.7709722222222,35.7606705296443
AGO,2015,19304199.536892362,595.9056446666667,30.86922322408801
AGO,2020,23278431.625651043,695.4151954444444,29.87379934471832
BDI,1975,1978981.535912196,39.75127388888889,20.08673308342205
BDI,1980,2408838.436230554,47.09033233333333,19.54897913660916
BDI,1985,2881708.672572242,58.814990222222214,20.40976271543902
BDI,1990,3280344.681441413,73.80352066666666,22.49870907902176
BDI,1995,3610170.347308689,84.90224955555554,23.517518949998717
BDI,2000,3890140.4381506178,100.54963466666666,25.84730198441581
BDI,2005,4599119.2472873265,116.70183899999999,25.374823466217713
BDI,2010,5670086.769639757,142.6175648888889,25.15262476273356
BDI,2015,6571959.65093316,179.06806455555554,27.247286055709342
BDI,2020,7249824.9410807295,229.62709255555555,31.673467210826896
BEN,1975,2263039.868177626,140.32218133333333,62.00605800477195
BEN,1980,2569126.4477267796,158.53620522222224,61.70821423075481
BEN,1985,2927196.302842882,182.79145366666668,62.44591573484166
BEN,1990,3364959.7671169704,211.15731277777778,62.75180905318612
BEN,1995,3972275.7456054688,231.4395272222222,58.263711294026834
BEN,2000,4602708.610677083,256.0548043333333,55.631330590720644
BEN,2005,5328778.383409288,293.71329344444445,55.11831649049181
BEN,2010,6125060.2416449655,344.5383961111111,56.25061346638785
BEN,2015,7024068.510199653,398.0644163333333,56.67148829133768
BEN,2020,7975030.8080512155,416.688824,52.2491804770623
BFA,1975,1582497.1213565404,91.33597988888889,57.71636400235238
BFA,1980,1948607.8720228407,106.12253688888889,54.46069392028247
BFA,1985,2435779.0717637804,127.53887111111112,52.36060716243797
BFA,1990,2845729.1346842446,151.27994166666664,53.16034468032823
BFA,1995,3415954.8213975695,178.5697551111111,52.275209845443115
BFA,2000,4156966.8157552085,210.30736666666667,50.59154330257975
BFA,2005,5086272.454861111,249.09944988888887,48.974853804934625
BFA,2010,6027593.688368056,297.6633923333333,49.38345345137627
BFA,2015,7005536.040364583,347.954351,49.668483467239675
BFA,2020,7942870.258463541,379.47487233333334,47.77553453412929
BWA,1975,436086.1093885634,103.00943288888888,236.21351533833186
BWA,1980,565346.2457546658,112.58226555555555,199.1386100128293
BWA,1985,687155.7116970486,124.70837333333334,181.48488211695812
BWA,1990,811689.9889865451,137.877552,169.8647930500539
BWA,1995,948674.28515625,158.30100233333334,166.86549304671055
BWA,2000,1067165.2261284722,182.7769807777778,171.2733663941313
BWA,2005,1157684.0364583333,192.8398442222222,166.57381301738525
BWA,2010,1256420.4613715278,205.41367666666667,163.49119023613636
BWA,2015,1357941.6809895833,217.6614908888889,160.28780465024886
BWA,2020,1476292.1705729167,221.23712066666667,149.85998373263024
CAF,1975,983934.7827148438,41.06438066666667,41.73486026519262
CAF,1980,1047670.030544705,44.404167111111114,42.38373325237192
CAF,1985,1111770.367513021,48.812553666666666,43.90524796578101
CAF,1990,1215541.7570529513,53.93228366666667,44.36892715016559
CAF,1995,1406071.4637586805,58.661164222222226,41.719902390601426
CAF,2000,1601390.6265190972,64.63847266666666,40.36396341795111
CAF,2005,1789596.7738715278,67.77511433333333,37.87172357642996
CAF,2010,1986634.304904514,71.67997188888889,36.081110505304665
CAF,2015,2084320.130642361,76.27635833333333,36.59531816248684
CAF,2020,2292270.2102864585,81.15658311111112,35.40445744438183
CIV,1975,3849929.534939236,250.2513461111111,65.00153933728059
CIV,1980,4695292.438483344,267.8102902222222,57.03804262056343
CIV,1985,5558138.816826714,289.7401271111111,52.12898357881088
CIV,1990,6542493.288682726,313.79702444444445,47.96291117138077
CIV,1995,7832469.99758572,336.54362633333335,42.96775173566825
CIV,2000,9171257.746365018,365.93346433333335,39.900030557790096
CIV,2005,10329174.983940972,394.58621666666664,38.20113583903262
CIV,2010,11500589.120768229,433.970938,37.73467023670272
CIV,2015,12817144.951497396,482.03763755555553,37.6088153313145
CIV,2020,14556220.730034722,534.1288694444445,36.69419963812066
CMR,1975,5109541.59967041,245.92163455555558,48.12988205662494
CMR,1980,5825776.39316135,284.0099964444444,48.750583145936154
CMR,1985,6638656.412543403,336.41901522222224,50.67576845618576
CMR,1990,7668987.838161892,398.29726055555557,51.936092345012725
CMR,1995,8976428.775716146,431.20510177777777,48.03748935704956
CMR,2000,10356037.208170572,469.71310844444446,45.35645237676978
CMR,2005,11904810.9968533,502.7725892222222,42.23272333807869
CMR,2010,13691344.536132812,544.6342093333334,39.77945393865372
CMR,2015,15770751.816080729,591.7463813333334,37.521761057069966
CMR,2020,17872777.17296007,636.1735383333333,35.59455434244475
COD,1975,13089550.476303948,512.665564,39.16601757471198
COD,1980,15085208.819417318,558.574062,37.027930384431734
COD,1985,17372305.692077637,620.4371531111111,35.71415125362729
COD,1990,20309838.025041368,691.2816724444444,34.036789047362994
COD,1995,24880846.756781682,740.55336,29.76399345404714
COD,2000,28425894.314602323,800.7568663333334,28.169979718878583
COD,2005,33085525.363023546,857.9390265555555,25.930947661915926
COD,2010,38874032.68967014,933.4804246666666,24.01295569509353
COD,2015,46175417.8218316,1033.8917413333334,22.39052270891445
COD,2020,54032103.95985243,1183.9080697777779,21.91119691836282
COG,1975,1565113.0183556876,98.92644511111112,63.207221428036895
COG,1980,1757877.5696529811,104.19040533333333,59.27056988041627
COG,1985,1974615.2476128472,110.86128377777779,56.14323292185668
COG,1990,2244317.1619737414,118.50740988888887,52.80332561582729
COG,1995,2516491.5889756945,119.1138308888889,47.33329187774979
COG,2000,2784026.1763237845,120.01499277777779,43.10842828936819
COG,2005,3144402.953450521,125.18173544444444,39.810971207451594
COG,2010,3656059.128797743,131.63998255555558,36.005977452242135
COG,2015,4107064.3636610243,141.79341566666668,34.524274058435374
COG,2020,4672484.3846571185,163.28451622222224,34.94597365769571
COM,1975,180278.71375868056,8.621132333333334,47.821132920182144
COM,1980,208264.97295464412,9.776611444444443,46.94313837677155
COM,1985,233525.2548828125,11.213296222222223,48.01748842046772
COM,1990,263480.9464789496,12.888376000000001,48.915779953863556
COM,1995,295549.0831976997,12.90037,43.64882428469806
COM,2000,327836.5635036892,12.913104333333333,39.38884728209403
COM,2005,364646.6345214844,13.34198222222222,36.58879846712566
COM,2010,407532.7262369791,13.857936333333333,34.00447483394249
COM,2015,455887.203016493,14.324210444444445,31.42051443792386
COM,2020,496771.92404513893,14.47917488888889,29.146524165430186
CPV,1975,80208.546875,5.641368555555556,70.33375837549178
CPV,1980,86475.78776041666,6.0748706666666665,70.24938221432858
CPV,1985,93294.27864583331,6.630786555555556,71.07388204080078
CPV,1990,101241.72352430555,7.281851888888888,71.92540422467918
CPV,1995,148354.29774305556,8.153643666666667,54.960616515394065
CPV,2000,170634.8828125,9.957579666666666,58.35606121409786
CPV,2005,179357.4865451389,10.184745444444445,56.78461290145951
CPV,2010,185384.88628472222,10.477968333333333,56.52007854211379
CPV,2015,191483.6627604167,10.793357555555556,56.366989224872654
CPV,2020,196799.3359375,11.009626555555554,55.9434131375932
ERI,1975,828362.0542399088,8.54173433333333,10.31159538225237
ERI,1980,939213.7725558812,10.061741555555553,10.712940812371766
ERI,1985,1071716.3760579426,12.195402777777776,11.379319239886682
ERI,1990,1223613.262898763,14.673523,11.991961385935083
ERI,1995,1320746.1698676215,16.933201444444443,12.820935491443946
ERI,2000,1523093.0710720485,20.00555611111111,13.134821824794951
ERI,2005,1739893.5534939235,22.109766333333333,12.707539658925779
ERI,2010,1836893.7727864583,24.966744666666663,13.591828246438878
ERI,2015,1808154.1050347222,28.203282444444444,15.597831161577266
ERI,2020,1607641.1881510417,30.772532666666667,19.141418429356335
ETH,1975,13883671.276565764,151.9898091111111,10.94737883686821
ETH,1980,15613264.414664375,182.75879844444444,11.705354728559692
ETH,1985,18525394.940629747,226.3976772222222,12.220936608789302
ETH,1990,22337843.84435696,276.53835166666664,12.379813987128681
ETH,1995,27771612.865411546,320.34608488888887,11.535019101748581
ETH,2000,33117533.308189392,373.6102301111111,11.281342322035917
ETH,2005,37527484.55514187,436.4523361111111,11.630204936059592
ETH,2010,41248734.49468316,527.0533613333333,12.77744318195432
ETH,2015,43569727.42518563,645.140392111111,14.807078910899623
ETH,2020,42113388.125298396,804.889091888889,19.11242784584637
GAB,1975,417372.361328125,58.59726988888889,140.3956642036044
GAB,1980,495538.16796875,63.21150755555555,127.56132956350164
GAB,1985,573832.8654513889,68.96701477777778,120.18658904021973
GAB,1990,667733.0729166666,75.52411977777778,113.10525543970357
GAB,1995,773942.7296006944,75.77037222222222,97.90178177823952
GAB,2000,879130.6176215279,76.13474055555555,86.60230804102436
GAB,2005,1009271.7625868056,81.24576244444445,80.4993912008478
GAB,2010,1184362.2838541665,87.72064633333333,74.06572087712192
GAB,2015,1401319.782986111,95.3663418888889,68.05466036144165
GAB,2020,1650059.0286458333,103.26185066666667,62.580700977353146
GHA,1975,6221443.540798611,374.50864566666667,60.19642277724394
GHA,1980,7212073.2472873265,415.11087,57.557772330742125
GHA,1985,8298880.3703342015,472.7133944444445,56.9611047936347
GHA,1990,9422854.097764757,541.3840547777778,57.454360341438615
GHA,1995,10947087.182400173,628.8744795555556,57.446740770148274
GHA,2000,12622745.46657986,738.4384622222223,58.50062208552975
GHA,2005,14686212.920681423,838.2146418888889,57.07493459450652
GHA,2010,16979549.646267362,967.8669336666667,57.00192018222546
GHA,2015,19429749.118489582,1106.2395202222222,56.93534761956918
GHA,2020,21958486.97016059,1184.1263745555557,53.925681499124515
GIN,1975,1451002.6156927745,101.75680677777778,70.1286170522818
GIN,1980,1634319.385330836,110.26016755555555,67.46549575634847
GIN,1985,1889181.2100745307,121.3767961111111,64.2483608580474
GIN,1990,2242767.555296156,133.83373644444444,59.67347624964718
GIN,1995,2741564.301550971,149.02262555555555,54.35678655111236
GIN,2000,3173790.3734541996,168.1410611111111,52.977998332043114
GIN,2005,3603527.6883239746,182.14837,50.54723752787881
GIN,2010,4158830.2638753257,200.70997855555555,48.26116138929119
GIN,2015,4860820.959269205,221.15356944444446,45.4971642234059
GIN,2020,5445358.581976997,235.24532822222224,43.201072010360406
GMB,1975,266551.8728298611,28.887177777777776,108.37356898338632
GMB,1980,329927.2161458334,31.265101888888882,94.76363379209425
GMB,1985,415349.4535590278,34.51442366666667,83.09731328865615
GMB,1990,533392.6961805555,38.408069,72.00711459873219
GMB,1995,671025.5894097222,44.88943,66.89674836318486
GMB,2000,805207.1644965279,53.441534,66.36991864499294
GMB,2005,962830.2421875001,56.74269433333334,58.93322815080766
GMB,2010,1156544.8519965278,60.89910288888889,52.65606671782732
GMB,2015,1391486.2473958335,65.21122988888888,46.86444441037897
GMB,2020,1657208.7803819443,66.89590655555556,40.366613638227136
GNB,1975,222118.64279513888,12.059524333333334,54.293165947605274
GNB,1980,282357.9583333333,13.409754333333334,47.49203603994989
GNB,1985,311667.97743055556,15.170668666666668,48.675737532409556
GNB,1990,348209.07508680556,17.145865555555556,49.2401455972428
GNB,1995,415056.97048611107,19.387179777777778,46.70968362504956
GNB,2000,478842.64670138893,22.144412666666668,46.24569849660059
GNB,2005,558858.6493055556,24.38537722222222,43.63424857524131
GNB,2010,657762.5720486111,27.32132388888889,41.53675665034608
GNB,2015,769967.4314236111,30.191250666666665,39.21107495526836
GNB,2020,872755.0173611111,31.00083422222222,35.52065998538432
GNQ,1975,120987.47178819444,9.345300444444444,77.24188551360676
GNQ,1980,123189.50173611111,10.311635777777777,83.705475161891
GNQ,1985,149858.30902777778,11.518691666666667,76.86388390070222
GNQ,1990,181495.2751736111,12.846423999999999,70.78103817144346
GNQ,1995,234778.20746527778,12.86350511111111,54.7900303439089
GNQ,2000,359717.1545138889,12.883983666666666,35.816984274986
GNQ,2005,485041.23350694444,16.36960433333333,33.74889226422637
GNQ,2010,624233.9288194444,22.165879666666665,35.508931256887834
GNQ,2015,788232.9001736111,28.934997444444445,36.70869033514258
GNQ,2020,1363837.0321180555,31.30391477777778,22.952826503883987
KEN,1975,10191002.162119547,275.453461,27.02908473750246
KEN,1980,12267470.14916314,332.5059151111111,27.104685079163932
KEN,1985,14840070.1296658,426.49913233333336,28.73969789945583
KEN,1990,17707814.99009196,551.0583112222222,31.11949789008725
KEN,1995,20567709.589301214,623.5135278888888,30.31516587599157
KEN,2000,23564876.16880968,738.6951148888888,31.347294575076994
KEN,2005,27199663.156548396,897.4118316666667,32.99349063632107
KEN,2010,31072255.473795574,1188.2179085555556,38.24047821561024
KEN,2015,34539928.446614586,1623.1790582222222,46.99427969953763
KEN,2020,37585209.32845052,2268.980988222222,60.368986331670975
LBR,1975,688189.5325520834,52.019491,75.58890180600514
LBR,1980,817514.0149739584,56.52390511111111,69.14120623719418
LBR,1985,1023756.7109375,62.22792966666667,60.78390402899704
LBR,1990,1392039.6629774305,68.6410078888889,49.309663879887445
LBR,1995,968967.5062934029,70.65266777777778,72.91541493279361
LBR,2000,1468104.1004774305,73.31397799999999,49.93786065726411
LBR,2005,1876250.515625,81.39161144444445,43.37992755585306
LBR,2010,2009935.5381944445,92.44766411111111,45.995337837629485
LBR,2015,2362630.155815972,104.63132811111112,44.285953031432044
LBR,2020,2693883.348090278,111.18322444444443,41.27247177323524
LSO,1975,303756.5220269097,19.641996555555558,64.66362079894857
LSO,1980,377042.31749131944,23.90073077777778,63.39004846141187
LSO,1985,456332.6015625,30.46054522222222,66.75075398497536
LSO,1990,527741.1365017361,38.22058255555556,72.42297390139082
LSO,1995,586808.5026041666,44.08146877777777,75.12070561716631
LSO,2000,614487.4529079861,50.951907777777784,82.9177349946759
LSO,2005,616376.9240451389,55.93890788888889,90.7543837328867
LSO,2010,631954.9034288194,61.58084455555556,97.44499840326304
LSO,2015,656028.3389756944,67.45825233333333,102.82825958198833
LSO,2020,676955.8962673611,72.41796322222223,106.97589550740989
MDG,1975,967890.5577256944,70.93116966666666,73.28428725799075
MDG,1980,1151755.4052530925,80.51567922222222,69.90692542443878
MDG,1985,1367491.257473416,92.71754844444443,67.80120014496462
MDG,1990,1640301.8185492621,106.39017955555556,64.86012412621147
MDG,1995,1989815.8931477866,116.87915166666667,58.73867631128921
MDG,2000,2341375.763970269,128.23785122222222,54.77029923841417
MDG,2005,2726124.3819444445,135.88812766666666,49.84663523303461
MDG,2010,3385780.660481771,144.66904544444446,42.72841626541134
MDG,2015,4147609.8374565975,152.89136722222221,36.86252401117325
MDG,2020,5070212.673339844,155.47889677777778,30.66516274461539
MLI,1975,1724141.3815294902,119.15388033333332,69.10911228615812
MLI,1980,1963470.4767506917,130.80311677777777,66.61832623744935
MLI,1985,2222653.5821236507,146.48794900000001,65.90678375531515
MLI,1990,2490535.854256524,164.16255533333333,65.91455210442624
MLI,1995,2903698.5444132485,187.36999155555554,64.52804541850865
MLI,2000,3493645.831190321,216.17321166666665,61.87610940317158
MLI,2005,4358261.3956977,238.71827877777778,54.773740513460446
MLI,2010,5428587.4296875,268.5883522222222,49.47665588904104
MLI,2015,6478580.311848958,301.97823733333337,46.611791904629506
MLI,2020,7754336.6863064235,327.2477254444444,42.20189794213338
MOZ,1980,4653507.146883541,227.3833621111111,48.86279421820379
MOZ,1985,5326274.469076687,263.86565777777776,49.54037936079532
MOZ,1990,5817695.332413409,305.1291121111111,52.44845160781762
MOZ,1995,6997725.444637722,351.0452298888889,50.16561919529022
MOZ,2000,8028475.483788384,411.93622344444447,51.30939544827068
MOZ,2005,9078923.236423068,473.06806311111114,52.106186030216
MOZ,2010,10271497.835144043,553.9264076666667,53.92849383382055
MOZ,2015,11822686.100023057,642.9004012222222,54.378539342338485
MOZ,2020,13028718.234422471,697.6320782222222,53.54571844059427
MRT,1975,365528.46072048607,21.959616333333333,60.07635161992354
MRT,1980,505645.78895399306,24.39208011111111,48.239460594678185
MRT,1985,678483.4559461805,27.71789188888889,40.852715929874584
MRT,1990,845814.5470920139,31.658436888888893,37.42952518106178
MRT,1995,982149.9544270834,37.46523988888889,38.14615041217759
MRT,2000,1109239.2860243055,47.30989533333334,42.650757081368546
MRT,2005,1311231.5720486112,57.03608222222222,43.49810013582233
MRT,2010,1556889.6241319445,71.37486322222223,45.844523668155226
MRT,2015,1852441.9674479167,88.50414666666666,47.777014460861935
MRT,2020,2153259.1336805555,101.36490488888889,47.07510735859569
MUS,1975,697095.2521701389,22.29898877777778,31.98843875117271
MUS,1980,751218.7304687501,26.555138111111113,35.34940894583536
MUS,1985,805649.6493055555,32.25394377777778,40.03470218795435
MUS,1990,854385.2126736111,38.83537144444445,45.454170868568376
MUS,1995,903344.1414930555,39.08534477777778,43.26739166446263
MUS,2000,943156.0034722222,39.35748788888889,41.72956302456282
MUS,2005,967833.3871527778,43.32566477777777,44.76562324971599
MUS,2010,980215.1788194445,47.98650255555555,48.95506985858935
MUS,2015,982259.8854166667,52.471616222222224,53.41928037707066
MUS,2020,982257.2005208334,53.847232222222225,54.81989054767956
MWI,1975,1443397.8640407987,101.8752771111111,70.58017726720948
MWI,1980,1804060.2068142362,121.57237111111111,67.38820059990903
MWI,1985,2233166.029730903,150.11483155555555,67.22063185496532
MWI,1990,2789239.910698785,184.49381033333333,66.14483380424322
MWI,1995,3040766.6983506945,194.76247311111112,64.05044925569261
MWI,2000,3419207.4050564235,207.56338844444443,60.70511784031985
MWI,2005,3881486.334201389,227.38337711111112,58.58152200808791
MWI,2010,4447904.440755208,253.74614422222223,57.04847026325475
MWI,2015,5078941.349392361,284.5745103333333,56.03028087091013
MWI,2020,5702347.768880209,313.40730822222224,54.961100396682255
NAM,1975,261073.8548177083,27.641209666666665,105.87505855753656
NAM,1980,293920.5251736111,33.362831444444446,113.50970274953714
NAM,1985,335623.59917534725,41.28757344444444,123.01749205327384
NAM,1990,412505.07703993056,49.950987888888896,121.09181357797843
NAM,1995,499575.15190972225,57.82457444444445,115.74749909678029
NAM,2000,600792.2608506944,66.94853555555555,111.43375159453534
NAM,2005,690037.751736111,71.18879488888889,103.16652199068871
NAM,2010,783232.1549479167,76.49065,97.66025247659357
NAM,2015,891833.5403645833,82.70549322222222,92.73646872308935
NAM,2020,967290.9813368056,89.59376944444445,92.62338962431447
NER,1975,1831796.7445976883,51.32587655555556,28.019416841374557
NER,1980,2173115.5485597798,58.666112999999996,26.996315515242912
NER,1985,2582865.128704437,69.47416855555556,26.89810156305132
NER,1990,3048409.3745185304,81.63908466666668,26.7808796774747
NER,1995,3667759.384019049,91.50065544444445,24.947289574972086
NER,2000,4408626.960110094,103.49042822222222,23.4745260051755
NER,2005,5176617.810158189,115.92494033333334,22.393953848756485
NER,2010,6059219.250758617,132.37746422222224,21.84728077064525
NER,2015,6983571.853139235,152.27213566666666,21.80433435337502
NER,2020,7633325.360776908,177.2437558888889,23.219730263253094
NGA,1975,43091590.22467889,1718.3752747777778,39.87727688438035
NGA,1980,49379884.94571262,1931.2163716666666,39.10937366074895
NGA,1985,55871435.04979113,2217.185433888889,39.68370298548789
NGA,1990,62915477.6658393,2552.0097713333334,40.56251126134225
NGA,1995,71666432.50343153,2749.167228,38.36059828802507
NGA,2000,81178146.16582574,2983.9062815555553,36.75750706920819
NGA,2005,92437095.80268012,3424.2129002222223,37.0437092434371
NGA,2010,105096505.17529297,4040.0039195555555,38.44089689583052
NGA,2015,118792438.38764106,4698.991009555555,39.556314133580656
NGA,2020,131524162.79416233,4978.706378888889,37.85392944626193
RWA,1975,1834632.7398003472,67.03315988888889,36.53764507450343
RWA,1980,2189633.181315104,79.75389911111111,36.42340634571976
RWA,1985,2675088.925130208,99.8668291111111,37.33215302599713
RWA,1990,3187833.0262586805,125.91943966666666,39.500011019852195
RWA,1995,2603349.2981770835,141.40532922222224,54.31669477516407
RWA,2000,3781149.8561197915,162.5274991111111,42.983617496159354
RWA,2005,4321066.372395833,187.06058633333333,43.29037561846494
RWA,2010,4958518.043836805,221.62729222222222,44.69627623876333
RWA,2015,5596671.704861111,265.2931567777778,47.40195079646206
RWA,2020,6230227.888020833,313.88950366666666,50.38170502080631
SDN,1975,7497153.990370429,344.88082544444444,46.00156617930214
SDN,1980,9384003.496022874,374.73481944444444,39.933363153931516
SDN,1985,11197226.864649508,416.47040888888887,37.19406723853363
SDN,1990,12419195.806126105,463.91549533333335,37.354713024533716
SDN,1995,14049765.749728838,499.1162622222222,35.52488141888452
SDN,2000,15982075.016326904,556.7504202222223,34.83592835432567
SDN,2005,18095706.935787838,588.311006,32.511081666364674
SDN,2010,20624121.797907934,634.4065798888888,30.76041666672283
SDN,2015,22852374.287852816,703.5922721111111,30.788585170561717
SDN,2020,24542657.072926838,825.4316734444444,33.632530943643566
SEN,1975,3308250.5276150173,130.96287466666666,39.586746400696676
SEN,1980,3683430.8002387155,141.30967122222222,38.36360145901594
SEN,1985,4135459.4073350695,155.39374633333333,37.5759331738842
SEN,1990,4688053.655381944,171.63972622222224,36.61215055104535
SEN,1995,5405082.031467014,188.82349844444445,34.93443713622884
SEN,2000,6097063.5973307295,210.5058718888889,34.52577925889563
SEN,2005,6885428.1654730905,228.909314,33.24547268503409
SEN,2010,7817978.222005208,253.8806143333333,32.473947499461865
SEN,2015,8872426.110677084,283.958146,32.004565882863155
SEN,2020,9859088.678602431,315.186304,31.96911137274394
SLE,1975,1190099.90625,33.756761777777776,28.364645354981327
SLE,1980,1313120.0933159722,37.22098,28.34545003877541
SLE,1985,1469228.279513889,41.69102788888889,28.37614036579996
SLE,1990,1664380.6067708333,46.83196411111111,28.13777324765438
SLE,1995,1743211.6571180555,53.047022444444444,30.43062626838087
SLE,2000,1907839.3706597222,61.522370888888894,32.24714398655833
SLE,2005,2356907.509548611,71.05078877777778,30.14576876263814
SLE,2010,2720948.9348958335,84.79655466666667,31.164331523889093
SLE,2015,3133522.525173611,99.88033777777778,31.874778935008283
SLE,2020,3692077.980902778,104.95346055555555,28.42666408955224
SOM,1975,2497154.419060601,41.813862444444446,16.744604228429857
SOM,1980,3445214.1926540798,46.721501777777775,13.561276357620327
SOM,1985,3981089.660692003,53.564143111111115,13.454643747410717
SOM,1990,4353694.897115071,61.13216111111111,14.041443545256161
SOM,1995,4668376.619167752,70.08222966666666,15.01211992599699
SOM,2000,5659262.811686198,81.90871844444445,14.473390116342634
SOM,2005,6821012.852013482,93.45930755555555,13.70167592162907
SOM,2010,7833845.9317491315,108.71433455555555,13.877517569621382
SOM,2015,8941826.387586806,126.249218,14.118952049355519
SOM,2020,10753707.426323785,143.04829355555555,13.302230373628214
SSA,1975,170783492.3783661,8204.740957333333,48.041768224038634
SSA,1980,203899024.99755308,9409.304783666666,46.14688463458609
SSA,1985,236970101.67925444,10810.952347111112,45.62158799992428
SSA,1990,274380879.74647856,12462.224450333333,45.41943469912384
SSA,1995,318252203.6110011,13777.055058888887,43.28973971765031
SSA,2000,366260686.9678918,15448.41370288889,42.178738402910206
SSA,2005,419580931.30190516,17143.70431233333,40.85911211250388
SSA,2010,479377501.21604526,19511.700999666667,40.70216259664043
SSA,2015,543605516.4521843,22325.41421533333,41.0691458045516
SSA,2020,602806241.1802518,24908.97137888889,41.32168792764802
SSD,1975,909798.9314129353,14.367463444444441,15.791910661107828
SSD,1980,1105428.8439835443,16.885172999999998,15.274771498771708
SSD,1985,1348041.417336146,20.640479999999997,15.311458338414768
SSD,1990,1435926.7423375447,24.82175044444444,17.28622339328894
SSD,1995,1691304.9250893062,28.027583666666665,16.57157337562103
SSD,2000,2046388.98535898,32.60708255555555,15.933961132924871
SSD,2005,2696531.6165330675,40.673180555555554,15.083517028385186
SSD,2010,3563340.9572211374,52.841985,14.829337308548968
SSD,2015,4168354.1561143664,70.18675511111111,16.83800187854897
SSD,2020,3789917.0445963545,96.68234911111112,25.510413017868125
STP,1975,65945.078125,5.616922333333333,85.17576281714858
STP,1980,74880.44010416666,5.622205888888888,75.08243649566965
STP,1985,82428.78211805556,5.627662555555555,68.27302807283436
STP,1990,92992.87239583333,5.634242888888889,60.58790038129136
STP,1995,103102.53602430556,5.634295111111111,54.64749295577825
STP,2000,112041.64149305556,5.634341777777777,50.287926012999364
STP,2005,125601.0373263889,5.655832888888888,45.030144728753704
STP,2010,141869.7873263889,5.677976,40.02244668864638
STP,2015,157484.34548611112,5.700344444444444,36.196260821029796
STP,2020,173150.78819444444,5.728341111111111,33.08296295295123
SWZ,1975,134466.859375,4.288639444444444,31.893653680750617
SWZ,1980,167799.18207465278,5.649560444444444,33.66858154249519
SWZ,1985,209704.37413194444,7.864851666666666,37.50447123109678
SWZ,1990,259393.32682291663,10.53815611111111,40.62616506054271
SWZ,1995,303848.3177083333,13.954446888888889,45.9257006724121
SWZ,2000,337397.07204861107,18.639132000000004,55.24390560601705
SWZ,2005,354799.6215277778,22.085694444444442,62.24835964971659
SWZ,2010,364063.22222222225,27.01121022222222,74.19373497094064
SWZ,2015,371397.9552951389,33.68501388888889,90.69789805956366
SWZ,2020,360483.65234375,43.29780755555556,120.11032199115547
SYC,1975,46891.37152777778,1.6804564444444443,35.83722100022103
SYC,1980,50531.95486111111,2.1609386666666666,42.76380505377408
SYC,1985,52209.30555555556,2.6589306666666666,50.92829024200134
SYC,1990,54292.37152777778,3.1989075555555555,58.92001888182188
SYC,1995,56507.18402777778,3.299398666666667,58.389012360707085
SYC,2000,59580.79861111111,3.401279555555556,57.08684064065663
SYC,2005,63289.93055555556,3.536240888888889,55.873673076395555
SYC,2010,67410.53472222222,3.675050222222222,54.5174465291806
SYC,2015,71323.47916666667,3.8063582222222223,53.367534319626124
SYC,2020,75978.5625,3.891102222222222,51.213159267421275
TCD,1975,1847347.0207502577,75.09043622222222,40.64771555033875
TCD,1980,2052398.3218044706,83.39272122222222,40.63184048450364
TCD,1985,2362059.338663737,95.14378977777777,40.28001677197596
TCD,1990,2792006.7208641903,108.59966899999999,38.896635953077464
TCD,1995,3347898.378377279,116.78772355555554,34.88389143166358
TCD,2000,4027340.27867296,127.19685122222222,31.583338486643736
TCD,2005,4796528.152133518,138.48427455555554,28.87177353352072
TCD,2010,5567808.166693794,153.40213044444445,27.55161921024585
TCD,2015,6391903.8538954,171.61541755555555,26.84887343087435
TCD,2020,7011821.857204861,192.19507377777776,27.410147846282126
TGO,1975,1422316.5890028211,57.68812644444444,40.55927273188123
TGO,1980,1632799.326171875,67.59847633333332,41.40035780870823
TGO,1985,1948637.728732639,82.07160055555556,42.1174235443617
TGO,1990,2296060.123263889,98.82273344444444,43.04013315817106
TGO,1995,2655101.144205729,123.920796,46.672721402886815
TGO,2000,3197556.2057834202,153.07236866666668,47.8716741209442
TGO,2005,3729427.9675564235,174.1006361111111,46.68293304648123
TGO,2010,4264557.187282986,201.1794458888889,47.174756265154784
TGO,2015,4780730.7284071185,230.22609355555554,48.1570928451484
TGO,2020,5230671.519314236,249.59017322222223,47.71665976359085
TZA,1975,4733595.819241636,380.81376766666665,80.44915159817687
TZA,1980,5928203.000998603,424.19602999999995,71.55558436992531
TZA,1985,7161576.90560574,487.3245616666666,68.04710304586861
TZA,1990,8546168.527492946,562.0510872222222,65.76644088097596
TZA,1995,10218489.426296657,624.6658445555555,61.13093809619416
TZA,2000,11859591.024902344,703.7662277777778,59.34152588398999
TZA,2005,13928563.706542969,785.9215527777777,56.42516840473578
TZA,2010,16338164.667209202,897.8848754444444,54.95628754718729
TZA,2015,19364169.636067707,1022.862799,52.822445693453105
TZA,2020,22728091.777669273,1094.799278,48.16943229152473
UGA,1975,4577252.980678982,191.91446133333332,41.92786855859233
UGA,1980,5264494.694444444,222.68974033333333,42.30030672617736
UGA,1985,6096521.347832574,271.79390266666667,44.5818011878683
UGA,1990,7229214.747775608,335.0333826666666,46.344367176221276
UGA,1995,8590076.56157769,391.7235832222222,45.601873326059916
UGA,2000,10022381.25922309,470.20672099999996,46.915668925216
UGA,2005,11602116.546006944,540.000351,46.543262072802555
UGA,2010,13246284.262803819,638.4924224444444,48.20162468031588
UGA,2015,15102701.506293403,757.5018111111111,50.15670943343844
UGA,2020,17363728.20768229,868.277005,50.00521746336973
ZAF,1975,16419140.736165365,1449.0911172222222,88.25620904938125
ZAF,1980,18753734.97454834,1613.7509625555556,86.04957704402138
ZAF,1985,21390631.33296712,1841.079849888889,86.06944887369579
ZAF,1990,25061299.960869685,2108.7959254444445,84.14551235319337
ZAF,1995,28479641.400661893,2369.231291,83.19034842008007
ZAF,2000,31254110.84247504,2691.8787695555557,86.12879064526871
ZAF,2005,33579917.184543185,2846.210686111111,84.75931225408799
ZAF,2010,36111159.25526258,3040.438817888889,84.19665501172736
ZAF,2015,39356769.881510414,3257.62397,82.77162937424937
ZAF,2020,42335170.63113064,3451.993393,81.53961213661955
ZMB,1975,2313301.9934014217,210.04692577777777,90.79961301072066
ZMB,1980,2797597.339782715,234.09116344444445,83.67578854740617
ZMB,1985,3232925.6238064235,265.696755,82.18461725301634
ZMB,1990,3677198.201388889,300.304689,81.66671268537388
ZMB,1995,4186575.6476236978,327.7305666666666,78.28129580142344
ZMB,2000,4766864.981092664,358.5206638888889,75.21099618112291
ZMB,2005,5692709.996826172,390.517584,68.59959214815497
ZMB,2010,6859927.28374566,430.381083,62.738432230873904
ZMB,2015,8074586.928819445,471.19032088888895,58.354727621686514
ZMB,2020,9316373.602864584,491.5261791111111,52.75938901376577
ZWE,1975,1937089.5129152935,97.701754,50.43739762596731
ZWE,1980,2269749.794313219,110.36996866666667,48.626491317763254
ZWE,1985,2819672.7378849452,127.680483,45.2820220178367
ZWE,1990,3460003.1785329184,147.155774,42.530531449510335
ZWE,1995,3956010.7837592233,168.22916244444443,42.52495042103592
ZWE,2000,4311688.265428332,193.50712488888888,44.87966498887542
ZWE,2005,4503020.4716796875,209.42388077777775,46.50742364927775
ZWE,2010,4656145.620930989,230.4314567777778,49.489744423350615
ZWE,2015,4895089.452012803,259.52699099999995,53.017823993652556
ZWE,2020,4860522.838053386,307.2978987777778,63.22321878048185
