ISO_A3,WB_NAME_pop,surface_area_km2_pop,worldpop_pop_2015,worldpop_pop_2020,worldpop_pop_cagr_2015_2020,pop_ftm3_all_flood_rp10_2015,pop_ftm3_all_flood_rp10_2020,pop_ftm3_all_flood_rp100_2015,pop_ftm3_all_flood_rp100_2020,pop_ftm3_fluvial_pluvial_flood_rp10_2015,pop_ftm3_fluvial_pluvial_flood_rp10_2020,pop_ftm3_fluvial_pluvial_flood_rp100_2015,pop_ftm3_fluvial_pluvial_flood_rp100_2020,pop_ftm3_coastal_flood_rp10_2015,pop_ftm3_coastal_flood_rp10_2020,pop_ftm3_coastal_flood_rp100_2015,pop_ftm3_coastal_flood_rp100_2020,pop_ftm3_all_flood_rp10_cagr_2015_2020,pop_ftm3_all_flood_rp100_cagr_2015_2020,pop_ftm3_fluvial_pluvial_flood_rp10_cagr_2015_2020,pop_ftm3_fluvial_pluvial_flood_rp100_cagr_2015_2020,pop_ftm3_coastal_flood_rp10_cagr_2015_2020,pop_ftm3_coastal_flood_rp100_cagr_2015_2020,WB_NAME_builtup,surface_area_km2_builtup,worldpop_built_km2_2015,worldpop_built_km2_2020,worldpop_built_cagr_2015_2020,built_ftm3_all_flood_rp10_2015,built_ftm3_all_flood_rp10_2020,built_ftm3_all_flood_rp100_2015,built_ftm3_all_flood_rp100_2020,built_ftm3_fluvial_pluvial_flood_rp10_2015,built_ftm3_fluvial_pluvial_flood_rp10_2020,built_ftm3_fluvial_pluvial_flood_rp100_2015,built_ftm3_fluvial_pluvial_flood_rp100_2020,built_ftm3_coastal_flood_rp10_2015,built_ftm3_coastal_flood_rp10_2020,built_ftm3_coastal_flood_rp100_2015,built_ftm3_coastal_flood_rp100_2020,built_ftm3_all_flood_rp10_cagr_2015_2020,built_ftm3_all_flood_rp100_cagr_2015_2020,built_ftm3_fluvial_pluvial_flood_rp10_cagr_2015_2020,built_ftm3_fluvial_pluvial_flood_rp100_cagr_2015_2020,built_ftm3_coastal_flood_rp10_cagr_2015_2020,built_ftm3_coastal_flood_rp100_cagr_2015_2020
AGO,Angola,1318971.92,27655590,32920418,0.0354675244111393,278297.0,324617.0,1517245.0,1780414.0,204657,237358,1463023,1716176,73869.0,87526.0,79013.0,93595.0,0.0312703867323811,0.0325071246818611,0.0300906711057336,0.0324336098256727,0.0345106651109532,0.0344531333174202,Angola,1318971.92,1031.5071,1301.3281,0.047569633,8.742729187011719,10.352249145507812,47.76028060913086,55.787742614746094,5.5538206,6.972979,45.331352,53.23476,3.197008848190308,3.388058662414551,3.3919360637664795,3.596763610839844,0.0343738626118392,0.0315597393485398,0.04656279,0.032664657,0.0116759284076075,0.0117957425828054
BDI,Burundi,27211.54,10980263,12441309,0.0252993140643618,67260.0,74944.0,339390.0,388253.0,67260,74944,339390,388253,0.0,0.0,0.0,0.0,0.0,0.0,0.0218708279270489,0.0272665710045103,0.0,0.0,Burundi,27211.54,309.3459,423.56915,0.06486857,1.2787574529647827,1.8139846324920652,8.621125221252441,10.978599548339844,1.2787575,1.8139846,8.621125,10.9786,0.0,0.0,0.0,0.0,0.0,0.0,0.07243037,0.0495342,0.0,0.0
BEN,Benin,119446.19,11193712,12898336,0.0287548873321021,46461.0,52706.0,363728.0,416101.0,40686,45968,357810,409204,5778.0,6741.0,6103.0,7116.0,0.025544006668045,0.027269526110544,0.0247127094717536,0.0272058386571965,0.031310306477545,0.0311895752449882,Benin,119446.19,670.8756,737.7873,0.019196272,3.1459274291992188,3.4290499687194824,21.108562469482425,22.91409492492676,2.2675648,2.5386586,20.20037,21.993301,0.8784856796264648,0.890562117099762,0.918294370174408,0.9312806129455566,0.017384279664008,0.0165501527623546,0.022842884,0.017152786,0.0027343814291618,0.0028124752522677
BFA,Burkina Faso,288193.0,18502094,21219332,0.0277847393812864,106906.0,118176.0,989868.0,1115249.0,106906,118176,989868,1115249,0.0,0.0,0.0,0.0,0.0,0.0,0.0202472695031987,0.0241390160746834,0.0,0.0,Burkina Faso,288193.0,969.2919,1254.6143,0.05295825,3.3759138584136963,4.198197364807129,40.95441818237305,51.03907775878906,3.3759139,4.1981974,40.95442,51.039078,0.0,0.0,0.0,0.0,0.0,0.0,0.04456222,0.04500997,0.0,0.0
BWA,Botswana,678331.43,2187614,2348750,0.0143158683544792,9003.0,9660.0,90804.0,97131.0,9003,9660,90804,97131,0.0,0.0,0.0,0.0,0.0,0.0,0.0141868502123043,0.0135625978805178,0.0,0.0,Botswana,678331.43,455.8665,481.81702,0.011134386,1.1492431163787842,1.2643393278121948,11.819707870483398,12.638792991638184,1.1492431,1.2643393,11.819708,12.638793,0.0,0.0,0.0,0.0,0.0,0.0,0.019272566,0.013490677,0.0,0.0
CAF,Central African Republic,633070.44,4589877,4960549,0.0156538971945761,68207.0,73383.0,346278.0,373016.0,68207,73383,346278,373016,0.0,0.0,0.0,0.0,0.0,0.0,0.0147365482796288,0.0149870752832907,0.0,0.0,Central African Republic,633070.44,192.92917,206.19069,0.013384461,2.477192640304565,2.655314922332764,11.925950050354004,12.72337532043457,2.4771926,2.655315,11.92595,12.723375,0.0,0.0,0.0,0.0,0.0,0.0,0.013984323,0.013028979,0.0,0.0
CIV,Côte d'Ivoire,329776.9,24880340,28557938,0.0279550090118734,219973.0,249791.0,1013648.0,1153016.0,219348,249077,1012988,1152260,626.0,716.0,731.0,837.0,0.025749896393213,0.0260998714791429,0.0257463717615413,0.0260989354481615,0.0272301027615762,0.0274521758785792,Côte d'Ivoire,329776.9,1137.7078,1272.3403,0.022620559,9.061946868896484,10.23116397857666,40.40909194946289,45.35429382324219,9.009836,10.174429,40.355453,45.29487,0.0521396733820438,0.056752897799015,0.0598507933318614,0.0657732114195823,0.0245678093383316,0.0233586471067319,0.024610043,0.02336216,0.0171006855484197,0.0190507832724049
CMR,Cameroon,474652.63,22417796,25857312,0.0289590531260273,355766.0,407128.0,1709425.0,1969139.0,341322,390376,1696528,1954143,14966.0,17357.0,16223.0,18803.0,0.0273378905533732,0.0286917681582536,0.0272207073725565,0.0286770764388712,0.0300867111865208,0.0299572418666231,Cameroon,474652.63,1082.9913,1236.8746,0.026928306,13.88149642944336,16.433895111083984,64.75279235839844,73.60039520263672,13.197132,15.717273,64.12265,72.93996,0.7024202346801758,0.7356368899345398,0.7475048303604126,0.7819567322731018,0.0343341053346395,0.0259455899341325,0.035570145,0.026102662,0.009283787701154,0.0090524563108052
COD,"Congo, Democratic Republic of",2364426.58,79711920,94412576,0.0344304959628478,1127973.0,1306470.0,4250250.0,4934833.0,1125233,1303163,4247430,4931436,2766.0,3335.0,2884.0,3478.0,0.0298172150702751,0.0303187346950404,0.0297961316209993,0.0303136040766049,0.0381228073157815,0.0381661499275636,"Congo, Democratic Republic of",2364426.58,2311.143,2791.191,0.038466573,24.525279998779297,29.90336036682129,96.00467681884766,114.35783386230467,24.398756,29.77166,95.87345,114.22116,0.1295345276594162,0.1347618997097015,0.1351189613342285,0.140922412276268,0.0404499748815967,0.035606353272501,0.04060781,0.035642028,0.0079437952296597,0.0084462471397299
COG,"Congo, Rep. of",344672.72,5035922,5683274,0.0244810272677598,52651.0,58853.0,322184.0,362116.0,50092,55968,321611,361468,2563.0,2891.0,2694.0,3038.0,0.0225213772304044,0.0236435377157369,0.0224316460044624,0.0236412827039693,0.0243771845993057,0.0243256209076281,"Congo, Rep. of",344672.72,202.2738,242.38663,0.03684497,2.276698589324951,3.005892276763916,12.741389274597168,15.507670402526855,2.1011205,2.8188028,12.652839,15.409424,0.1761474758386612,0.188002660870552,0.1864093840122223,0.1998279094696045,0.0571426018132192,0.0400781085954593,0.06052947,0.04020679,0.0131121280623986,0.0139993456156588
COM,Comoros,1758.21,719110,794087,0.0200337736299311,4184.0,4610.0,30280.0,33244.0,1963,2150,27910,30619,2226.0,2466.0,2736.0,3029.0,0.0195812726989264,0.0188528873837257,0.0183653924108131,0.0186998289980546,0.0206893479798011,0.0205555199647933,Comoros,1758.21,25.596464,26.005476,0.0031756163,0.1806337684392929,0.1832122504711151,1.0006437301635742,1.012531042098999,0.061699107,0.061987437,0.8735611,0.88315535,0.1193531081080436,0.1216432005167007,0.1488823145627975,0.1513553261756897,0.0028387650255827,0.0023647226232916,0.0009329319,0.0021870136,0.0038083894434057,0.0033002473148706
CPV,Cabo Verde,4451.38,512346,514496,0.0008378713489154,6231.0,6361.0,2459.0,2703.0,4414,4378,0,0,1845.0,2014.0,2459.0,2703.0,0.0041382920069765,0.0191016468256979,-0.0016365211832097,0.0,0.0176832326605227,0.0191016468256979,Cabo Verde,4451.38,21.625698,23.77139,0.01910019,0.2603620886802673,0.3035140037536621,0.1385803371667862,0.170324221253395,0.15457912,0.17287436,0.0,0.0,0.1065406948328018,0.1316301375627517,0.1385803371667862,0.170324221253395,0.0311460853525316,0.0421133504782915,0.022623897,0.0,0.0432009216232076,0.0421133504782915
ERI,Eritrea,130383.14,3095193,3262064,0.0105573114714982,22946.0,24055.0,155372.0,162716.0,17245,18060,149309,156342,5701.0,5995.0,6175.0,6493.0,0.0094845450610923,0.0092796127620469,0.0092782387751606,0.0092480879870007,0.0101075780339845,0.0100937599744641,Eritrea,130383.14,84.56969,115.744736,0.06477368,0.3941761553287506,0.5125600099563599,3.1798620223999023,3.985052347183228,0.31392163,0.42545184,3.0962784,3.8938017,0.0802612006664276,0.0871165171265602,0.0858306363224983,0.0939008146524429,0.0539278334118555,0.0461769591156384,0.06268811,0.04690373,0.0165271216125366,0.0181350897897041
ETH,Ethiopia,1165071.92,102478968,117298560,0.0273811364586094,852182.0,968676.0,3689150.0,4202030.0,852182,968676,3689150,4202030,0.0,0.0,0.0,0.0,0.0259571834243297,0.0263761859578863,0.0259571834243297,0.0263761859578863,0.0,0.0,Ethiopia,1165071.92,1537.4949,2577.6006,0.10886943,10.91708278656006,16.9801025390625,49.23139190673828,73.95329284667969,10.917083,16.980103,49.23139,73.95329,0.0,0.0,0.0,0.0,0.0923623950072116,0.0847835238013685,0.092362404,0.084783554,0.0,0.0
GAB,Gabon,266515.47,2010530,2295414,0.0268572971250911,70115.0,78976.0,198503.0,224510.0,63555,71367,192345,217366,6647.0,7710.0,7134.0,8271.0,0.0240869668062795,0.0249288619962528,0.0234568653558346,0.0247599467065426,0.030115067996481,0.0300184006128201,Gabon,266515.47,132.33807,145.92957,0.01974523,3.636162281036377,4.308972358703613,10.725296020507812,12.127914428710938,3.0337563,3.6423557,10.128324,11.469682,0.6041887998580933,0.6710135340690613,0.6554673314094543,0.7243306040763855,0.0345371486818746,0.0248855435810371,0.03724253,0.025186181,0.0212021533461186,0.0201808258875528
GHA,Ghana,244746.04,28368838,31569282,0.0216088146678483,140154.0,152520.0,1330202.0,1463398.0,136783,148734,1326977,1459761,3839.0,4303.0,4889.0,5487.0,0.0170545801129282,0.0192693669124826,0.0168938636533984,0.0192569283209114,0.0230824781965026,0.0233471504375335,Ghana,244746.04,1770.3193,1939.6714,0.01843965,6.740229606628418,7.661447525024414,76.64431762695312,83.50169372558594,6.394635,7.287793,76.326965,83.15961,0.4036593437194824,0.432732492685318,0.4905911386013031,0.5264430046081543,0.0259524385090592,0.0172859925178936,0.026493192,0.017295003,0.0140068744955168,0.0142063653771387
GIN,Guinea,254826.14,11616322,13202221,0.0259251378069844,263864.0,295135.0,731819.0,820428.0,244515,273453,712846,799153,20118.0,22528.0,21561.0,24126.0,0.0226525714922223,0.0231218475452121,0.0226227194822519,0.0231206338795197,0.0228867823474065,0.0227353913175949,Guinea,254826.14,601.49664,652.9088,0.01653862,8.95702075958252,10.015826225280762,27.23758888244629,29.923194885253903,8.223781,9.228966,26.511276,29.143318,0.7567273378372192,0.812221109867096,0.7989133596420288,0.8579367995262146,0.0225972960430114,0.0189851621684906,0.023331404,0.019111395,0.0142545620270899,0.0143576819712201
GMB,"Gambia, The",11348.83,2194719,2485601,0.0252044870572418,12257.0,13854.0,80549.0,90815.0,11263,12645,79775,89872,1166.0,1392.0,1279.0,1522.0,0.0247978354688032,0.0242818727142004,0.0234177614887509,0.0241215827518066,0.0360677058063314,0.0354015757587473,"Gambia, The",11348.83,109.5303,113.370926,0.006916523,0.6677786111831665,0.7045797109603882,4.163629531860352,4.331244468688965,0.5468408,0.571058,4.0584,4.2134185,0.1244789958000183,0.1374942362308502,0.1358172297477722,0.14976167678833,0.0107867160517003,0.00792478204401,0.008704305,0.007525325,0.0200881049152141,0.019739319217201
GNB,Guinea-Bissau,35636.77,1763730,1990595,0.0244957505655947,21876.0,23708.0,55465.0,60521.0,16814,18204,50994,55646,5671.0,6159.0,5917.0,6430.0,0.016214531266687,0.0176007434665115,0.0160127471532443,0.0176137683366095,0.0166468312699481,0.0167680262281133,Guinea-Bissau,35636.77,93.20297,97.851135,0.009781122,0.620961606502533,0.6801131367683411,1.6019723415374756,1.7244423627853394,0.45411628,0.4909851,1.4477102,1.5513726,0.1826310753822326,0.2063478678464889,0.1905244290828704,0.2158556431531906,0.0183645737149609,0.0148427042946837,0.015734553,0.01392746,0.0247196442664043,0.0252801460890925
GNQ,Equatorial Guinea,27167.73,1426798,1696973,0.0352911179886614,37539.0,44261.0,126681.0,149858.0,34974,41178,124594,147346,2894.0,3495.0,3086.0,3726.0,0.0334933928312979,0.0341741781297948,0.0331990274834641,0.0341135872160347,0.0384598992642217,0.0384112528694806,Equatorial Guinea,27167.73,52.1599,58.10217,0.02181232,1.1593226194381714,1.3024557828903198,4.1025824546813965,4.594000339508057,1.0373368,1.1555533,4.0022964,4.470465,0.1343965828418731,0.1621595472097396,0.1442303955554962,0.1726101338863372,0.0235563001489995,0.0228848373265913,0.021819115,0.022371411,0.0382713237497631,0.0365777892304699
KEN,Kenya,590855.83,46576600,51707368,0.021120346412333,388516.0,431861.0,1840365.0,2047598.0,386877,430023,1839297,2046397,1653.0,1854.0,1750.0,1963.0,0.0213792143234297,0.0215700366362221,0.0213715455034821,0.0215687648068867,0.023216124099884,0.0232375052538338,Kenya,590855.83,2088.1836,3066.1794,0.0798558,19.26593399047852,29.053773880004883,75.7216796875,109.63368225097656,19.113361,28.860966,75.61052,109.49131,0.1536913812160492,0.194003164768219,0.1588989943265915,0.2011333703994751,0.0856316519690896,0.0768240642926254,0.08591235,0.07686055,0.0476877360475247,0.0482686469499498
LBR,Liberia,97807.08,4609291,5094202,0.0202072533718828,105135.0,114743.0,342965.0,375081.0,94455,102655,332601,363346,10689.0,12097.0,11131.0,12599.0,0.0176437655282619,0.0180639346188991,0.0167894490079563,0.0178396540774292,0.0250572477941075,0.0250861803471862,Liberia,97807.08,188.27751,201.01454,0.01317811,3.7437312602996826,4.002127647399902,12.460234642028809,13.37957763671875,3.2772882,3.5222502,12.00491,12.912015,0.4666709303855896,0.4801326394081116,0.4871788620948791,0.5012454986572266,0.0134381621163077,0.0143392634274088,0.014521122,0.01467514,0.0057038120233554,0.0057091694219038
LSO,Lesotho,40532.11,2092111,2222094,0.0121282358424499,16151.0,17169.0,55015.0,58431.0,16151,17169,55015,58431,0.0,0.0,0.0,0.0,0.0,0.0,0.0122997199423551,0.0121210103069191,0.0,0.0,Lesotho,40532.11,175.99173,210.379,0.036339402,0.911975085735321,1.2318530082702637,3.598348617553711,4.489593029022217,0.9119751,1.231853,3.5983486,4.489593,0.0,0.0,0.0,0.0,0.0,0.0,0.061977148,0.04525137,0.0,0.0
MDG,Madagascar,670441.75,25093544,28585972,0.0264036610709739,952595.0,1071938.0,2669109.0,3004708.0,881879,992998,2589661,2915233,74482.0,83025.0,102718.0,115191.0,0.0238875774210147,0.0239699050707755,0.0240186694250195,0.023967260334603,0.0219543836189362,0.0231855513823204,Madagascar,670441.75,732.1345,821.7071,0.023352385,23.67383575439453,26.64477157592773,65.64364624023438,73.30072784423828,21.528612,24.3787,63.14465,70.639114,2.223430156707764,2.3535563945770264,3.065633773803711,3.2602851390838623,0.0239262435380565,0.0223111985120278,0.025177121,0.022684693,0.0114402294782407,0.0123881718604559
MLI,Mali,1386489.38,18302444,21379682,0.0315693524042235,377425.0,437888.0,1976341.0,2303995.0,377425,437888,1976341,2303995,0.0,0.0,0.0,0.0,0.0,0.0,0.0301642538576039,0.0311549487204763,0.0,0.0,Mali,1386489.38,943.2148,1035.4553,0.018835664,21.530445098876957,23.01860809326172,116.12381744384766,124.69938659667967,21.530445,23.018608,116.12382,124.69939,0.0,0.0,0.0,0.0,0.0,0.0,0.013456702,0.014351845,0.0,0.0
MOZ,Mozambique,872757.72,26161522,30323522,0.029967040207125,273169.0,311692.0,1224745.0,1407363.0,233575,265972,1144314,1314265,40199.0,46401.0,120511.0,139769.0,0.0267361390083982,0.0281869580513063,0.0263179208028927,0.0280815047198803,0.0291114687105564,0.0300939430815385,Mozambique,872757.72,1590.2452,1956.5122,0.04232633,10.3748140335083,13.338326454162598,55.08301162719727,67.94284057617188,8.831638,11.462975,51.718052,64.13716,1.559080719947815,1.894638538360596,5.0287933349609375,5.614055633544922,0.0515361421752047,0.042858066149104,0.05354047,0.04398322,0.0397562825473218,0.0222628650313725
MRT,Mauritania,1192801.17,3906422,4533420,0.0302185366085809,24947.0,28608.0,267924.0,307464.0,20956,23992,263634,302494,3992.0,4616.0,4792.0,5548.0,0.0277650238671725,0.0279134077753879,0.0274285096453286,0.0278815462278139,0.0294732196205695,0.0297313349143131,Mauritania,1192801.17,171.23819,228.73395,0.05960989,1.011391282081604,1.3016737699508667,10.682031631469728,13.920454025268556,0.72973937,0.973235,10.370184,13.55434,0.2816475331783294,0.328427255153656,0.3451449275016784,0.4013827443122864,0.0517598537367658,0.0543866733528317,0.05927813,0.055014372,0.0312088885392356,0.0306505529081486
MUS,Mauritius,2312.26,1292328,1284800,-0.0011677534246152,23086.0,22951.0,71374.0,70961.0,23043,22908,71250,70837,64.0,64.0,250.0,249.0,-0.0011722852662875,-0.0011599721159649,-0.0011744779908327,-0.0011619955769471,0.0,-0.0008012830806278,Mauritius,2312.26,71.27359,73.975075,0.0074682236,1.4129301309585571,1.4705623388290403,4.348295211791992,4.525006771087647,1.3876551,1.4451543,4.2834926,4.4594774,0.0318946726620197,0.0321780033409595,0.0975456237792968,0.0989147275686264,0.0080278953021213,0.0079988634458432,0.0081532,0.008085132,0.001770384964765,0.0027914762393883
MWI,Malawi,125432.14,16852582,19277840,0.02725528548681,110182.0,126025.0,550838.0,630091.0,110182,126025,550838,630091,0.0,0.0,0.0,0.0,0.0272335871553335,0.027249353748614,0.0272335871553335,0.027249353748614,0.0,0.0,Malawi,125432.14,925.78827,1099.7659,0.035041332,4.879361629486084,6.129858493804932,24.855993270874023,30.75592613220215,4.8793616,6.1298585,24.855993,30.755926,0.0,0.0,0.0,0.0,0.0466885865108737,0.0435170209571973,0.046688557,0.043516994,0.0,0.0
NAM,Namibia,968467.11,2342480,2687684,0.0278753777389306,40449.0,46391.0,197167.0,225772.0,40226,46137,196852,225413,223.0,254.0,320.0,364.0,0.0277918959730916,0.0274653159206346,0.0277997328778787,0.0274668658964949,0.0263743041845645,0.0261014021487202,Namibia,968467.11,246.06944,305.96762,0.044536352,4.563509941101074,5.72878360748291,21.406509399414062,26.37290954589844,4.547337,5.712403,21.385721,26.351883,0.0161935593932867,0.0164007879793643,0.0210028085857629,0.0212447941303253,0.046532412155325,0.0426113247106691,0.04667616,0.0426476,0.0025463938328884,0.0022937691315569
NER,Niger,1310700.07,19570186,23327606,0.0357502424744446,278789.0,331220.0,1705510.0,2024049.0,278789,331220,1705510,2024049,0.0,0.0,0.0,0.0,0.0,0.0,0.0350663353322033,0.0348403409591142,0.0,0.0,Niger,1310700.07,563.9885,748.1854,0.058151364,8.858119010925293,10.674419403076172,48.99153137207031,61.88406753540039,8.858119,10.674419,48.99153,61.884068,0.0,0.0,0.0,0.0,0.0,0.0,0.038007617,0.047831774,0.0,0.0
NGA,Nigeria,941845.05,188318080,211741280,0.0237235718403319,2348348.0,2621889.0,13631380.0,15251551.0,2098580,2338755,13338163,14919505,254102.0,288085.0,424399.0,479805.0,0.0222811886708609,0.02271549828069,0.0219080960929922,0.0226609639330215,0.0254217207512958,0.0248447566349863,Nigeria,941845.05,7370.586,8219.339,0.022037864,70.60794830322266,78.06832122802734,436.3357238769531,477.439697265625,61.13053,68.26036,424.87064,465.54282,9.69482421875,10.031378746032717,17.521617889404297,18.125417709350582,0.0202914555588964,0.0181682520272228,0.022308707,0.018452048,0.0068485240850517,0.0067989727791737
RWA,Rwanda,25481.38,11501389,12920615,0.0235441458499563,82728.0,92264.0,376916.0,421158.0,82728,92264,376916,421158,0.0,0.0,0.0,0.0,0.0,0.0,0.0220589621344495,0.0224453313647168,0.0,0.0,Rwanda,25481.38,532.5143,677.30524,0.04927814,2.9678635597229004,3.868205308914185,14.52605438232422,17.809764862060547,2.9678636,3.8682053,14.526054,17.809765,0.0,0.0,0.0,0.0,0.0,0.0,0.054418683,0.04160273,0.0,0.0
SDN,Sudan,2046598.98,39418436,46174176,0.03214319370614,743285.0,864111.0,5004702.0,5828478.0,738526,859246,4999640,5823296,4758.0,4864.0,5092.0,5206.0,0.0305826648280169,0.0309447413460417,0.030742885709881,0.0309699961613745,0.0044164705426943,0.0044380442528901,Sudan,2046598.98,1265.8579,1682.4991,0.05855632,37.55388641357422,44.49817657470703,209.8253173828125,253.0796813964844,37.421528,44.34916,209.6839,252.92044,0.132441908121109,0.1490138620138168,0.1421536654233932,0.1600208133459091,0.0345166036339499,0.038197259310017,0.03455305,0.038206577,0.023859226505225,0.0239616281072809
SEN,Senegal,211117.26,14372647,16571852,0.028885051245578,175828.0,203521.0,913038.0,1057970.0,131765,154270,889470,1032107,45080.0,50378.0,47077.0,52629.0,0.0296846495095797,0.0299043678403316,0.0320394119643816,0.0301932114919345,0.0224719507552846,0.0225469736869596,Senegal,211117.26,616.69147,706.5777,0.02758658,6.770315170288086,7.76702880859375,34.980682373046875,40.58284378051758,5.066189,5.903764,33.941803,39.413372,1.7391386032104492,1.899649739265442,1.8268911838531492,1.995350241661072,0.0278487354959733,0.0301556287275777,0.031073213,0.030342817,0.01781270436891,0.0177972933054644
SLE,Sierra Leone,74734.95,6956704,7821405,0.0237083600307865,231364.0,257205.0,605502.0,678033.0,207216,230856,588065,658918,26298.0,28685.0,27002.0,29459.0,0.0214020485724824,0.0228855651160906,0.0218415926973218,0.0230131302790619,0.0175281354272012,0.0175702785306561,Sierra Leone,74734.95,215.6404,225.25209,0.008759737,5.619448184967041,5.9253249168396,14.291529655456545,14.943718910217283,4.772964,5.052478,13.610909,14.242964,0.9191970229148864,0.9487482309341432,0.9443463087081908,0.9747557640075684,0.0106567938934722,0.0089647532043672,0.01144731,0.00911963,0.0063486631363267,0.0063589306658766
SOM,Somalia,647355.11,13574748,16331889,0.0376739845030189,351856.0,413351.0,1757648.0,2114734.0,324957,381358,1737116,2090485,27284.0,32450.0,29405.0,34862.0,0.0327395431474786,0.0376831596018458,0.0325269426842793,0.0377282676421333,0.0352883621355266,0.0346327538737463,Somalia,647355.11,194.29144,245.16862,0.047616243,4.16716194152832,5.020314693450928,25.526735305786133,31.664424896240234,3.751562,4.589992,25.223007,31.34878,0.4193313717842102,0.4348746240139007,0.4394241571426391,0.4562553763389587,0.0379540137606155,0.0440354995430887,0.041165948,0.04444301,0.007305817829792,0.0075458379372383
SSD,South Sudan,643198.4,11113213,10560796,-0.0101454059199577,513744.0,486534.0,1866939.0,1769119.0,513744,486534,1866939,1769119,0.0,0.0,0.0,0.0,0.0,0.0,-0.0108246474120832,-0.0107059803924277,0.0,0.0,South Sudan,643198.4,124.832405,203.91678,0.10312605,3.2510979175567627,6.317962646484375,18.51676368713379,30.937673568725582,3.251098,6.3179626,18.516764,30.937674,0.0,0.0,0.0,0.0,0.0,0.0,0.1421138,0.10811424,0.0,0.0
STP,São Tomé and Príncipe,1009.12,198557,214999,0.0160386937990981,3040.0,3291.0,8508.0,9188.0,2455,2647,8263,8918,689.0,760.0,690.0,761.0,0.0159933368422109,0.0154971316831424,0.0151740061181646,0.015373776786868,0.0198090791305658,0.0197814626674603,São Tomé and Príncipe,1009.12,7.805495,7.93718,0.0033515692,0.1295576840639114,0.1327746361494064,0.3092745244503021,0.3159482777118683,0.077808864,0.08032689,0.29018918,0.29638094,0.0611989982426166,0.0619202107191085,0.0612186640501022,0.0619406551122665,0.0049174526190736,0.0042789709528916,0.006390214,0.004231453,0.0023459096627098,0.002347679471377
SWZ,eSwatini,21818.42,1139489,1185399,0.0079311886539805,9370.0,9755.0,24374.0,25374.0,9370,9755,24374,25374,0.0,0.0,0.0,0.0,0.0080858912222661,0.0080740280349516,0.0080858912222661,0.0080740280349516,0.0,0.0,eSwatini,21818.42,106.556335,160.45296,0.085309744,0.6931376457214355,1.0559297800064087,1.85779082775116,2.798243999481201,0.69313765,1.0559298,1.8577908,2.798244,0.0,0.0,0.0,0.0,0.0878352068629608,0.0853698500394002,0.08783519,0.085369825,0.0,0.0
SYC,Seychelles,502.28,105933,118958,0.023463776978988,2297.0,2585.0,6521.0,7338.0,2202,2478,6425,7230,99.0,111.0,106.0,120.0,0.0239055815521895,0.0238885855299437,0.0238982423570126,0.0238893673444056,0.0231458730804616,0.0251208721985269,Seychelles,502.28,5.336974,5.458527,0.0045142174,0.1377591490745544,0.1406198292970657,0.3969318568706512,0.4046602547168731,0.12878314,0.13149616,0.38763627,0.39521778,0.0093541117385029,0.0095100020989775,0.0099546648561954,0.0101174470037221,0.0041190880284003,0.0038640898223107,0.0041782856,0.0038814545,0.0033110880831535,0.0032492852401759
TCD,Chad,1380442.21,14433058,16935740,0.0324978694571309,179218.0,203455.0,1472024.0,1707792.0,179218,203455,1472024,1707792,0.0,0.0,0.0,0.0,0.0,0.0,0.0256928973859547,0.0301584204883174,0.0,0.0,Chad,1380442.21,462.5464,572.7474,0.043666005,3.62106728553772,4.518738269805908,45.091583251953125,54.3120346069336,3.6210673,4.5187383,45.091583,54.312035,0.0,0.0,0.0,0.0,0.0,0.0,0.045288324,0.037911057,0.0,0.0
TGO,Togo,58928.38,7566795,8565877,0.0251135477971933,35825.0,39279.0,285117.0,318812.0,35755,39195,285019,318696,71.0,84.0,98.0,117.0,0.0185792969326794,0.022591808332222,0.0185416136468909,0.0225876894680323,0.034199176136354,0.0360768195420677,Togo,58928.38,402.18774,471.0627,0.032119513,1.162801742553711,1.3924072980880735,11.342921257019045,13.018386840820312,1.1515163,1.3806938,11.326225,13.001111,0.0113199986517429,0.0117478892207145,0.0167319998145103,0.0173166655004024,0.0366976722574579,0.0279368876350485,0.03696823,0.027966738,0.0074481263287711,0.0068929113153775
TZA,Tanzania,960259.31,51123580,60051336,0.0327145196601865,351057.0,406980.0,2085641.0,2434452.0,339653,393619,2076101,2423159,11892.0,13900.0,12439.0,14540.0,0.0300044144935474,0.0314123613294397,0.0299309752031686,0.0313989546283646,0.0316965539997888,0.0317055997230593,Tanzania,960259.31,3270.9124,4138.235,0.04816401,16.742767333984375,21.22183990478516,104.9546356201172,130.39129638671875,16.199287,20.533125,104.485275,129.79305,0.5613608360290527,0.7115612030029297,0.5853292346000671,0.7424622774124146,0.0485548620439606,0.0443579945467595,0.048556447,0.044333577,0.0485617954781765,0.0487086145086717
UGA,Uganda,243328.78,36950212,43736848,0.0342990109195382,166146.0,193848.0,996814.0,1165800.0,166146,193848,996814,1165800,0.0,0.0,0.0,0.0,0.0,0.0,0.0313220113180736,0.0318153499120181,0.0,0.0,Uganda,243328.78,2024.42,2667.901,0.056753755,5.973204612731934,8.220664024353027,36.652374267578125,48.7358512878418,5.9732046,8.220664,36.652374,48.73585,0.0,0.0,0.0,0.0,0.0,0.0,0.065957546,0.058642387,0.0,0.0
ZAF,South Africa,1605570.65,56068272,60079120,0.0139143699622288,238810.0,255295.0,1569183.0,1677650.0,237145,253504,1564770,1672905,1724.0,1855.0,5202.0,5588.0,0.0134398096200842,0.0134575288235674,0.0134309625390534,0.0134542624434077,0.014755305153971,0.0144186145861053,South Africa,1605570.65,5652.1797,6366.1284,0.02407527,19.09036064147949,23.196237564086918,124.06040954589844,142.07557678222656,18.875591,22.90308,123.60372,141.47418,0.2200618535280227,0.2997789084911346,0.5282320976257324,0.6909904479980469,0.0397302582777199,0.0274891474388305,0.03943813,0.02737534,0.0637786296206883,0.0551870469009461
ZMB,Zambia,799618.54,16145420,18787074,0.0307704500827292,184090.0,211686.0,715429.0,825797.0,184090,211686,715429,825797,0.0,0.0,0.0,0.0,0.0,0.0,0.0283297203381187,0.0291089426171491,0.0,0.0,Zambia,799618.54,1219.878,1380.7051,0.025077939,9.562137603759766,11.064828872680664,40.61965560913086,46.86751174926758,9.562138,11.064829,40.619656,46.86751,0.0,0.0,0.0,0.0,0.0,0.0,0.029622316,0.02902782,0.0,0.0
ZWE,Zimbabwe,439707.79,14302032,15394218,0.0148269160161729,78482.0,83620.0,347085.0,371209.0,78482,83620,347085,371209,0.0,0.0,0.0,0.0,0.0,0.0,0.0127634516967147,0.0135298186294439,0.0,0.0,Zimbabwe,439707.79,915.95197,1332.2628,0.07781303,4.488847732543945,6.946362018585205,20.73874855041504,30.85050392150879,4.4888477,6.946362,20.738749,30.850504,0.0,0.0,0.0,0.0,0.0,0.0,0.09125066,0.082669616,0.0,0.0
