ISO_A3,worldpop_year,worldpop_population_total,worldpop_built_surface_km2,worldpop_built_volume_m3,ftm_return_period,ftm_flood_type,worldpop_population_ftm_total,worldpop_population_ftm_share,worldpop_built_surface_ftm_km2,worldpop_built_surface_ftm_share,worldpop_built_volume_ftm_m3,worldpop_built_volume_ftm_share
AGO,2015,27655590,1031.5071,5262079000.0,10,FLUVIAL_PLUVIAL_DEFENDED,204657,0.0074002037201158,5.553820610046387,0.0053841807945959,19895680.0,0.0037809542750579
AGO,2015,27655590,1031.5071,5262079000.0,100,FLUVIAL_PLUVIAL_DEFENDED,1463023,0.0529015291302771,45.33135223388672,0.0439467194257681,246482112.0,0.0468412034718955
AGO,2020,32920418,1301.3281,6260647000.0,10,FLUVIAL_PLUVIAL_DEFENDED,237358,0.0072100542587278,6.972979068756104,0.0053583557711519,24588364.0,0.0039274478094061
AGO,2020,32920418,1301.3281,6260647000.0,100,FLUVIAL_PLUVIAL_DEFENDED,1716176,0.0521310513128964,53.23476028442383,0.0409080225515173,277853280.0,0.0443809216372558
AGO,2025,38458560,1404.3114,6545013000.0,10,FLUVIAL_PLUVIAL_DEFENDED,274357,0.0071338344441393,8.660491943359375,0.0061670737237679,29224252.0,0.0044651173179718
AGO,2025,38458560,1404.3114,6545013000.0,100,FLUVIAL_PLUVIAL_DEFENDED,1989200,0.0517232054450296,59.69989776611328,0.0425118657499978,297691008.0,0.0454836371937012
BDI,2015,10980263,309.3459,1174756000.0,10,FLUVIAL_PLUVIAL_DEFENDED,67260,0.0061255363373354,1.2787574529647827,0.0041337464304021,4211645.0,0.0035851233062218
BDI,2015,10980263,309.3459,1174756000.0,100,FLUVIAL_PLUVIAL_DEFENDED,339390,0.0309090957110954,8.621125221252441,0.0278688859461009,43318952.0,0.0368748516117349
BDI,2020,12441309,423.56915,1471824600.0,10,FLUVIAL_PLUVIAL_DEFENDED,74944,0.0060238034438337,1.8139846324920652,0.0042826174199975,5599391.0,0.0038043873215765
BDI,2020,12441309,423.56915,1471824600.0,100,FLUVIAL_PLUVIAL_DEFENDED,388253,0.0312067644972084,10.978599548339844,0.0259192612940193,49604788.0,0.0337029199348096
BDI,2025,14220671,517.35516,1711412700.0,10,FLUVIAL_PLUVIAL_DEFENDED,85989,0.0060467610846211,2.924675226211548,0.0056531285123473,8428565.0,0.0049249166041031
BDI,2025,14220671,517.35516,1711412700.0,100,FLUVIAL_PLUVIAL_DEFENDED,455422,0.0320253523901931,15.582011222839355,0.0301185961210648,61613388.0,0.0360014780210213
BEN,2015,11193712,670.8756,3331822300.0,10,FLUVIAL_PLUVIAL_DEFENDED,40686,0.0036347192066402,2.2675647735595703,0.0033800077668217,9136507.0,0.0027421951348608
BEN,2015,11193712,670.8756,3331822300.0,100,FLUVIAL_PLUVIAL_DEFENDED,357810,0.0319652676431196,20.20037078857422,0.0301104563601418,96078712.0,0.0288366852463528
BEN,2020,12898336,737.7873,3519612700.0,10,FLUVIAL_PLUVIAL_DEFENDED,45968,0.003563870564389,2.538658618927002,0.0034409085718892,9935284.0,0.0028228344780774
BEN,2020,12898336,737.7873,3519612700.0,100,FLUVIAL_PLUVIAL_DEFENDED,409204,0.0317253326320542,21.99330139160156,0.0298098132290395,101386264.0,0.0288060856260037
BEN,2025,14637550,813.329,3730704000.0,10,FLUVIAL_PLUVIAL_DEFENDED,51800,0.0035388435906282,3.2050321102142334,0.0039406343448076,11903339.0,0.0031906416076971
BEN,2025,14637550,813.329,3730704000.0,100,FLUVIAL_PLUVIAL_DEFENDED,463908,0.0316930087343851,26.07902717590332,0.0320645493194968,113985016.0,0.0305532199581666
BFA,2015,18502094,969.2919,3927574000.0,10,FLUVIAL_PLUVIAL_DEFENDED,106906,0.0057780486900563,3.3759138584136963,0.0034828661649721,10665629.0,0.0027155768310287
BFA,2015,18502094,969.2919,3927574000.0,100,FLUVIAL_PLUVIAL_DEFENDED,989868,0.0535003227202283,40.95441818237305,0.0422518948574505,144435696.0,0.0367747865251179
BFA,2020,21219332,1254.6143,4683966500.0,10,FLUVIAL_PLUVIAL_DEFENDED,118176,0.0055692610870125,4.198197364807129,0.0033462056872579,12814294.0,0.0027357783405342
BFA,2020,21219332,1254.6143,4683966500.0,100,FLUVIAL_PLUVIAL_DEFENDED,1115249,0.0525581578157125,51.03907775878906,0.0406810917706123,170911088.0,0.0364885379333066
BFA,2025,23811662,1444.3875,5175805000.0,10,FLUVIAL_PLUVIAL_DEFENDED,130117,0.0054644232729323,6.126760482788086,0.0042417707782058,18073850.0,0.0034919882513779
BFA,2025,23811662,1444.3875,5175805000.0,100,FLUVIAL_PLUVIAL_DEFENDED,1241929,0.0521563341525677,66.3241195678711,0.045918509963556,211909936.0,0.0409424116534246
BWA,2015,2187614,455.8665,2070173000.0,10,FLUVIAL_PLUVIAL_DEFENDED,9003,0.004115442669502,1.1492431163787842,0.0025210081299944,3251966.25,0.0015708668609007
BWA,2015,2187614,455.8665,2070173000.0,100,FLUVIAL_PLUVIAL_DEFENDED,90804,0.0415082368278864,11.819707870483398,0.0259280035799034,43082988.0,0.0208112978164468
BWA,2020,2348750,481.81702,2141158900.0,10,FLUVIAL_PLUVIAL_DEFENDED,9660,0.0041128259712613,1.2643393278121948,0.0026241068377577,3548990.5,0.0016575091554904
BWA,2020,2348750,481.81702,2141158900.0,100,FLUVIAL_PLUVIAL_DEFENDED,97131,0.0413543374135178,12.638792991638184,0.026231520590087,45299960.0,0.0211567482199097
BWA,2025,2541722,508.12042,2217708500.0,10,FLUVIAL_PLUVIAL_DEFENDED,10508,0.0041342050782894,1.5679439306259155,0.0030857723122667,4452587.5,0.0020077424114392
BWA,2025,2541722,508.12042,2217708500.0,100,FLUVIAL_PLUVIAL_DEFENDED,104987,0.0413054614155285,14.450970649719238,0.0284400508495749,50956788.0,0.0229772249098572
CAF,2015,4589877,192.92917,821763200.0,10,FLUVIAL_PLUVIAL_DEFENDED,68207,0.0148603110715167,2.477192640304565,0.0128399072933418,7655292.0,0.009315690943571
CAF,2015,4589877,192.92917,821763200.0,100,FLUVIAL_PLUVIAL_DEFENDED,346278,0.0754438517633479,11.925950050354004,0.061815173571945,55303460.0,0.0672985356365434
CAF,2020,4960549,206.19069,866153500.0,10,FLUVIAL_PLUVIAL_DEFENDED,73383,0.0147933222713856,2.655314922332764,0.0128779574581735,8169573.5,0.0094320161081106
CAF,2020,4960549,206.19069,866153500.0,100,FLUVIAL_PLUVIAL_DEFENDED,373016,0.0751965155469687,12.72337532043457,0.0617068373784394,57908392.0,0.0668569645819072
CAF,2025,5421123,212.6143,883830800.0,10,FLUVIAL_PLUVIAL_DEFENDED,79491,0.0146631980126626,2.8307595252990723,0.0133140596729226,8648468.0,0.0097852079341015
CAF,2025,5421123,212.6143,883830800.0,100,FLUVIAL_PLUVIAL_DEFENDED,404655,0.074644128163113,13.304997444152832,0.0625780919701467,59538976.0,0.0673646778069228
CIV,2015,24880340,1137.7078,5968699000.0,10,FLUVIAL_PLUVIAL_DEFENDED,219348,0.0088161174646327,9.009836196899414,0.0079192886649738,38420884.0,0.0064370618743628
CIV,2015,24880340,1137.7078,5968699000.0,100,FLUVIAL_PLUVIAL_DEFENDED,1012988,0.0407143953820566,40.35545349121094,0.0354708430229626,193510896.0,0.0324209513481102
CIV,2020,28557938,1272.3403,6453912000.0,10,FLUVIAL_PLUVIAL_DEFENDED,249077,0.0087218131785285,10.174428939819336,0.007996625339681,42318128.0,0.0065569731320095
CIV,2020,28557938,1272.3403,6453912000.0,100,FLUVIAL_PLUVIAL_DEFENDED,1152260,0.0403481511865457,45.29486846923828,0.035599648402976,210279648.0,0.0325817342899576
CIV,2025,32320674,1359.3682,6715837400.0,10,FLUVIAL_PLUVIAL_DEFENDED,280398,0.0086754997745405,11.770149230957031,0.0086585441252218,47311968.0,0.0070448352007757
CIV,2025,32320674,1359.3682,6715837400.0,100,FLUVIAL_PLUVIAL_DEFENDED,1298632,0.0401796076406079,51.78189849853516,0.0380926226371109,230496208.0,0.0343212905403499
CMR,2015,22417796,1082.9913,5584093700.0,10,FLUVIAL_PLUVIAL_DEFENDED,341322,0.0152254931751542,13.197132110595703,0.0121858150738317,54833112.0,0.0098195186157564
CMR,2015,22417796,1082.9913,5584093700.0,100,FLUVIAL_PLUVIAL_DEFENDED,1696528,0.0756777338860608,64.12265014648438,0.0592088303868465,327756544.0,0.0586946713008735
CMR,2020,25857312,1236.8746,6084740000.0,10,FLUVIAL_PLUVIAL_DEFENDED,390376,0.01509731560651,15.717272758483888,0.0127072480339703,62651200.0,0.0102964463578626
CMR,2020,25857312,1236.8746,6084740000.0,100,FLUVIAL_PLUVIAL_DEFENDED,1954143,0.0755740967970684,72.93995666503906,0.0589711799987308,356014432.0,0.0585093901108508
CMR,2025,29499902,1331.7262,6348535000.0,10,FLUVIAL_PLUVIAL_DEFENDED,446295,0.0151286943258319,19.2309684753418,0.0144406324129765,72625208.0,0.0114396802523686
CMR,2025,29499902,1331.7262,6348535000.0,100,FLUVIAL_PLUVIAL_DEFENDED,2236968,0.0758296756375665,84.37236022949219,0.0633556360643809,389280672.0,0.0613181915583247
COD,2015,79711920,2311.143,10909852000.0,10,FLUVIAL_PLUVIAL_DEFENDED,1125233,0.0141162450986,24.39875602722168,0.010557008080491,108226296.0,0.0099200520311236
COD,2015,79711920,2311.143,10909852000.0,100,FLUVIAL_PLUVIAL_DEFENDED,4247430,0.0532847533969825,95.87345123291016,0.0414831312810029,498782560.0,0.0457185465112568
COD,2020,94412576,2791.191,12617231000.0,10,FLUVIAL_PLUVIAL_DEFENDED,1303163,0.0138028539757245,29.77165985107422,0.0106662928929061,126295056.0,0.0100097281563995
COD,2020,94412576,2791.191,12617231000.0,100,FLUVIAL_PLUVIAL_DEFENDED,4931436,0.0522328296603198,114.22116088867188,0.0409220165318518,564348160.0,0.0447283674126111
COD,2025,111036592,2976.892,13130626000.0,10,FLUVIAL_PLUVIAL_DEFENDED,1507324,0.0135750203860723,33.057010650634766,0.011104537770588,135786224.0,0.010341184304817
COD,2025,111036592,2976.892,13130626000.0,100,FLUVIAL_PLUVIAL_DEFENDED,5715941,0.0514779938490907,125.30813598632812,0.0420936104515986,597139456.0,0.045476845796774
COG,2015,5035922,202.2738,1192531300.0,10,FLUVIAL_PLUVIAL_DEFENDED,50092,0.0099469372242064,2.1011204719543457,0.0103875066044488,7281506.5,0.0061059247074136
COG,2015,5035922,202.2738,1192531300.0,100,FLUVIAL_PLUVIAL_DEFENDED,321611,0.0638633799332078,12.652838706970217,0.0625530270101211,70628728.0,0.059225888948722
COG,2020,5683274,242.38663,1358212200.0,10,FLUVIAL_PLUVIAL_DEFENDED,55968,0.0098478447458278,2.818802833557129,0.0116293661335658,9306353.0,0.0068519137403964
COG,2020,5683274,242.38663,1358212200.0,100,FLUVIAL_PLUVIAL_DEFENDED,361468,0.0636020716228005,15.409423828125,0.0635737375708606,80028776.0,0.0589221438195508
COG,2025,6408290,253.02707,1389117600.0,10,FLUVIAL_PLUVIAL_DEFENDED,62932,0.0098204045072866,3.210655689239502,0.0126889810673762,10386845.0,0.0074772972707807
COG,2025,6408290,253.02707,1389117600.0,100,FLUVIAL_PLUVIAL_DEFENDED,406592,0.0634478152518066,16.851104736328125,0.0665980315735097,84384608.0,0.0607469158434831
COM,2015,719110,25.596464,134203230.0,10,FLUVIAL_PLUVIAL_DEFENDED,1963,0.0027297631794857,0.0616991072893142,0.0024104543076973,365042.21875,0.0027200702495003
COM,2015,719110,25.596464,134203230.0,100,FLUVIAL_PLUVIAL_DEFENDED,27910,0.0388118646660455,0.8735610842704773,0.0341281936016156,4824989.5,0.0359528561875469
COM,2020,794087,26.005476,135611710.0,10,FLUVIAL_PLUVIAL_DEFENDED,2150,0.002707511897311,0.0619874373078346,0.0023836301751516,366179.28125,0.002700203956204
COM,2020,794087,26.005476,135611710.0,100,FLUVIAL_PLUVIAL_DEFENDED,30619,0.0385587473412862,0.883155345916748,0.0339603607327634,4857619.0,0.0358200551291617
COM,2025,874749,26.017784,135642460.0,10,FLUVIAL_PLUVIAL_DEFENDED,2349,0.0026853417380299,0.0619874373078346,0.0023825025615227,366179.28125,0.0026995917830717
COM,2025,874749,26.017784,135642460.0,100,FLUVIAL_PLUVIAL_DEFENDED,33553,0.0383572887765519,0.8835223317146301,0.0339584004419971,4858537.0,0.035818702025348
CPV,2015,512346,21.625698,126629730.0,10,FLUVIAL_PLUVIAL_DEFENDED,4414,0.0086152717109141,0.1545791178941726,0.007147936554636,960269.375,0.0075832854588458
CPV,2015,512346,21.625698,126629730.0,100,FLUVIAL_PLUVIAL_DEFENDED,0,0.0,0.0,0.0,0.0,0.0
CPV,2020,514496,23.77139,132226250.0,10,FLUVIAL_PLUVIAL_DEFENDED,4378,0.0085092984202015,0.1728743612766266,0.0072723704681556,1008126.9375,0.0076242573070665
CPV,2020,514496,23.77139,132226250.0,100,FLUVIAL_PLUVIAL_DEFENDED,0,0.0,0.0,0.0,0.0,0.0
CPV,2025,526140,25.725458,137551740.0,10,FLUVIAL_PLUVIAL_DEFENDED,4406,0.0083741969817919,0.1943696439266204,0.0075555367305801,1065640.125,0.0077471945757372
CPV,2025,526140,25.725458,137551740.0,100,FLUVIAL_PLUVIAL_DEFENDED,0,0.0,0.0,0.0,0.0,0.0
ERI,2015,3095193,84.56969,343307940.0,10,FLUVIAL_PLUVIAL_DEFENDED,17245,0.005571542711553,0.3139216303825378,0.0037119876155171,865875.1875,0.0025221531363026
ERI,2015,3095193,84.56969,343307940.0,100,FLUVIAL_PLUVIAL_DEFENDED,149309,0.0482389951127441,3.096278429031372,0.0366121543416801,12505508.0,0.0364265042798195
ERI,2020,3262064,115.744736,425277500.0,10,FLUVIAL_PLUVIAL_DEFENDED,18060,0.0055363720638221,0.4254518449306488,0.0036757770648684,1152057.25,0.0027089541279851
ERI,2020,3262064,115.744736,425277500.0,100,FLUVIAL_PLUVIAL_DEFENDED,156342,0.0479273245405363,3.893801689147949,0.0336412854113936,14665900.0,0.034485482683796
ERI,2025,3569425,131.9235,468041540.0,10,FLUVIAL_PLUVIAL_DEFENDED,19761,0.0055361858002339,0.5618652701377869,0.004259023618776,1515286.25,0.0032375037970988
ERI,2025,3569425,131.9235,468041540.0,100,FLUVIAL_PLUVIAL_DEFENDED,170534,0.047776322516932,4.809652328491211,0.036457891159783,17125080.0,0.0365888039475197
ETH,2015,102478968,1537.4949,6483916300.0,10,FLUVIAL_PLUVIAL_DEFENDED,852182,0.0083156770275048,10.91708278656006,0.0071005653273662,48942396.0,0.0075482769712155
ETH,2015,102478968,1537.4949,6483916300.0,100,FLUVIAL_PLUVIAL_DEFENDED,3689150,0.0359990939799471,49.23139190673828,0.0320205242760749,233018640.0,0.0359379470137909
ETH,2020,117298560,2577.6006,9255177000.0,10,FLUVIAL_PLUVIAL_DEFENDED,968676,0.0082582087964251,16.9801025390625,0.0065875615608174,65360256.0,0.0070620210153304
ETH,2020,117298560,2577.6006,9255177000.0,100,FLUVIAL_PLUVIAL_DEFENDED,4202030,0.0358233724267373,73.95329284667969,0.0286907495482982,300358016.0,0.0324529729674708
ETH,2025,133764528,3130.226,10685313000.0,10,FLUVIAL_PLUVIAL_DEFENDED,1117408,0.0083535449697097,24.71209526062012,0.0078946678849027,86111968.0,0.0080589092529705
ETH,2025,133764528,3130.226,10685313000.0,100,FLUVIAL_PLUVIAL_DEFENDED,4825410,0.0360739134069983,99.45104217529295,0.0317712011264599,369047680.0,0.0345378445321247
GAB,2015,2010530,132.33807,907904900.0,10,FLUVIAL_PLUVIAL_DEFENDED,63555,0.0316110677284099,3.033756256103516,0.0229242890619847,13573324.0,0.0149501605947942
GAB,2015,2010530,132.33807,907904900.0,100,FLUVIAL_PLUVIAL_DEFENDED,192345,0.0956688037482653,10.128323554992676,0.0765337084747122,58395584.0,0.0643190539639958
GAB,2020,2295414,145.92957,964671400.0,10,FLUVIAL_PLUVIAL_DEFENDED,71367,0.0310911234313287,3.642355680465698,0.0249596829110045,16254635.0,0.0168499186309472
GAB,2020,2295414,145.92957,964671400.0,100,FLUVIAL_PLUVIAL_DEFENDED,217366,0.0946957716560062,11.469681739807127,0.0785973815932009,63804536.0,0.0661412107922044
GAB,2025,2566042,150.37686,978300000.0,10,FLUVIAL_PLUVIAL_DEFENDED,79116,0.0308319193528399,3.889890193939209,0.025867611235322,16966860.0,0.0173432070377362
GAB,2025,2566042,150.37686,978300000.0,100,FLUVIAL_PLUVIAL_DEFENDED,241739,0.0942069537443268,12.10752296447754,0.0805145342035157,65839380.0,0.067299783140557
GHA,2015,28368838,1770.3193,10320196000.0,10,FLUVIAL_PLUVIAL_DEFENDED,136783,0.004821593327157,6.394635200500488,0.0036121365624208,27076326.0,0.0026236252772164
GHA,2015,28368838,1770.3193,10320196000.0,100,FLUVIAL_PLUVIAL_DEFENDED,1326977,0.0467758672385523,76.32696533203125,0.0431148006930688,439214560.0,0.0425587438169233
GHA,2020,31569282,1939.6714,10850821000.0,10,FLUVIAL_PLUVIAL_DEFENDED,148734,0.0047113520035077,7.287793159484863,0.0037572308430106,29894126.0,0.0027550104890126
GHA,2020,31569282,1939.6714,10850821000.0,100,FLUVIAL_PLUVIAL_DEFENDED,1459761,0.0462399176515956,83.15960693359375,0.0428730389606204,461680000.0,0.0425479320776048
GHA,2025,34746428,2081.6821,11273613000.0,10,FLUVIAL_PLUVIAL_DEFENDED,161335,0.0046432110949649,9.106059074401855,0.0043743753899575,35467136.0,0.0031460309147066
GHA,2025,34746428,2081.6821,11273613000.0,100,FLUVIAL_PLUVIAL_DEFENDED,1595841,0.0459282030371582,95.08635711669922,0.045677654525794,499644768.0,0.0443198426424793
GIN,2015,11616322,601.49664,2697414000.0,10,FLUVIAL_PLUVIAL_DEFENDED,244515,0.021049261547674,8.223780632019043,0.0136721970551565,31066638.0,0.0115171936120764
GIN,2015,11616322,601.49664,2697414000.0,100,FLUVIAL_PLUVIAL_DEFENDED,712846,0.0613658953324468,26.511276245117188,0.0440755182106482,107007280.0,0.0396703229252447
GIN,2020,13202221,652.9088,2849519000.0,10,FLUVIAL_PLUVIAL_DEFENDED,273453,0.0207126513031405,9.228965759277344,0.0141351526718342,33868912.0,0.0118858343333991
GIN,2020,13202221,652.9088,2849519000.0,100,FLUVIAL_PLUVIAL_DEFENDED,799153,0.0605317090207776,29.14331817626953,0.0446361231074355,114696464.0,0.0402511651313357
GIN,2025,14928018,699.8271,2976405800.0,10,FLUVIAL_PLUVIAL_DEFENDED,307455,0.0205958352944108,11.18572235107422,0.015983551583569,39442072.0,0.0132515776343612
GIN,2025,14928018,699.8271,2976405800.0,100,FLUVIAL_PLUVIAL_DEFENDED,897782,0.0601407367006122,34.118675231933594,0.0487530074872882,129006912.0,0.0433431871869512
GMB,2015,2194719,109.5303,551022900.0,10,FLUVIAL_PLUVIAL_DEFENDED,11263,0.0051318642614384,0.5468407869338989,0.0049925984433374,2291818.0,0.0041592063598255
GMB,2015,2194719,109.5303,551022900.0,100,FLUVIAL_PLUVIAL_DEFENDED,79775,0.0363486168388755,4.0584001541137695,0.0370527633929364,20999734.0,0.0381104551964619
GMB,2020,2485601,113.370926,563323700.0,10,FLUVIAL_PLUVIAL_DEFENDED,12645,0.0050873008177901,0.5710579752922058,0.0050370760469857,2358805.75,0.0041873006581338
GMB,2020,2485601,113.370926,563323700.0,100,FLUVIAL_PLUVIAL_DEFENDED,89872,0.036157050146021,4.213418483734131,0.0371648943515484,21479354.0,0.0381296819971249
GMB,2025,2791070,118.89975,578593100.0,10,FLUVIAL_PLUVIAL_DEFENDED,14191,0.0050844299856327,0.6478661894798279,0.0054488440119521,2566157.25,0.0044351674833695
GMB,2025,2791070,118.89975,578593100.0,100,FLUVIAL_PLUVIAL_DEFENDED,100600,0.036043524526436,4.53186559677124,0.0381150137496223,22373442.0,0.0386686990633389
GNB,2015,1763730,93.20297,379350900.0,10,FLUVIAL_PLUVIAL_DEFENDED,16814,0.0095332051958066,0.4541162848472595,0.0048723369340553,1219938.375,0.0032158572351079
GNB,2015,1763730,93.20297,379350900.0,100,FLUVIAL_PLUVIAL_DEFENDED,50994,0.0289125886615298,1.4477101564407349,0.0155328753898479,4549861.0,0.011993805355607
GNB,2020,1990595,97.851135,393287230.0,10,FLUVIAL_PLUVIAL_DEFENDED,18204,0.0091450043831115,0.490985095500946,0.0050176739822887,1316536.875,0.0033475200003441
GNB,2020,1990595,97.851135,393287230.0,100,FLUVIAL_PLUVIAL_DEFENDED,55646,0.0279544558285336,1.5513726472854614,0.0158544164383982,4827211.0,0.0122740089360439
GNB,2025,2225318,103.55091,408797500.0,10,FLUVIAL_PLUVIAL_DEFENDED,19682,0.0088445786175279,0.5622892379760742,0.0054300752433667,1529547.625,0.0037415777005331
GNB,2025,2225318,103.55091,408797500.0,100,FLUVIAL_PLUVIAL_DEFENDED,60632,0.0272464429802841,1.7785744667053225,0.0171758456820254,5706346.5,0.0139588584670027
GNQ,2015,1426798,52.1599,326668670.0,10,FLUVIAL_PLUVIAL_DEFENDED,34974,0.0245122294816785,1.037336826324463,0.0198876304036924,6639985.0,0.020326359914917
GNQ,2015,1426798,52.1599,326668670.0,100,FLUVIAL_PLUVIAL_DEFENDED,124594,0.0873242042671772,4.002296447753906,0.0767312896824163,25718784.0,0.078730488119779
GNQ,2020,1696973,58.10217,352068700.0,10,FLUVIAL_PLUVIAL_DEFENDED,41178,0.024265559911678,1.1555533409118652,0.0198882995259381,7159616.5,0.0203358504140146
GNQ,2020,1696973,58.10217,352068700.0,100,FLUVIAL_PLUVIAL_DEFENDED,147346,0.0868287238512339,4.470465183258057,0.0769414508505111,27833682.0,0.0790575296348976
GNQ,2025,1915416,60.925735,360972640.0,10,FLUVIAL_PLUVIAL_DEFENDED,46203,0.0241216529464095,1.2281275987625122,0.020157780439007,7384131.0,0.0204562068748479
GNQ,2025,1915416,60.925735,360972640.0,100,FLUVIAL_PLUVIAL_DEFENDED,165876,0.086600508714556,4.740114212036133,0.0778015099068855,28670766.0,0.0794264241190135
KEN,2015,46576600,2088.1836,7483949600.0,10,FLUVIAL_PLUVIAL_DEFENDED,386877,0.0083062524958884,19.113361358642575,0.0091531038821727,67816392.0,0.0090615778986499
KEN,2015,46576600,2088.1836,7483949600.0,100,FLUVIAL_PLUVIAL_DEFENDED,1839297,0.0394897223069094,75.61051940917969,0.0362087508184071,305497376.0,0.0408203413484039
KEN,2020,51707368,3066.1794,10012902000.0,10,FLUVIAL_PLUVIAL_DEFENDED,430023,0.0083164743562271,28.86096572875977,0.0094126799366768,92926672.0,0.00928069287882
KEN,2020,51707368,3066.1794,10012902000.0,100,FLUVIAL_PLUVIAL_DEFENDED,2046397,0.0395765067755914,109.4913101196289,0.0357093614846193,393931904.0,0.0393424292241178
KEN,2025,56980864,3645.1167,11497278000.0,10,FLUVIAL_PLUVIAL_DEFENDED,480332,0.0084297072083708,46.01747894287109,0.0126244185687481,137243520.0,0.0119370440952381
KEN,2025,56980864,3645.1167,11497278000.0,100,FLUVIAL_PLUVIAL_DEFENDED,2277192,0.0399641535797,158.97186279296875,0.0436122834769709,522341792.0,0.0454317770623321
LBR,2015,4609291,188.27751,966425000.0,10,FLUVIAL_PLUVIAL_DEFENDED,94455,0.0204923056496107,3.2772881984710693,0.017406689575819,11336401.0,0.0117302436489889
LBR,2015,4609291,188.27751,966425000.0,100,FLUVIAL_PLUVIAL_DEFENDED,332601,0.0721588200875145,12.004910469055176,0.0637617863506269,48237376.0,0.049913210856593
LBR,2020,5094202,201.01454,1009069000.0,10,FLUVIAL_PLUVIAL_DEFENDED,102655,0.020151340681033,3.522250175476074,0.0175223650338185,12036606.0,0.0119284271892481
LBR,2020,5094202,201.01454,1009069000.0,100,FLUVIAL_PLUVIAL_DEFENDED,363346,0.0713254009165714,12.912014961242676,0.0642342332887925,51014696.0,0.0505562022066376
LBR,2025,5672239,210.62671,1036585660.0,10,FLUVIAL_PLUVIAL_DEFENDED,112435,0.0198219785872915,3.859998941421509,0.018326255772756,12980501.0,0.0125223620688622
LBR,2025,5672239,210.62671,1036585660.0,100,FLUVIAL_PLUVIAL_DEFENDED,401036,0.0707015342618673,14.204263687133787,0.0674380934669947,54893120.0,0.0529557005334003
LSO,2015,2092111,175.99173,687101500.0,10,FLUVIAL_PLUVIAL_DEFENDED,16151,0.0077199536735861,0.911975085735321,0.0051819201226196,2962208.5,0.0043111657924707
LSO,2015,2092111,175.99173,687101500.0,100,FLUVIAL_PLUVIAL_DEFENDED,55015,0.0262964058790379,3.598348617553711,0.0204461233658239,16463538.0,0.0239608528058177
LSO,2020,2222094,210.379,783501440.0,10,FLUVIAL_PLUVIAL_DEFENDED,17169,0.0077264958188087,1.2318530082702637,0.005855399165963,3813419.25,0.0048671502760735
LSO,2020,2222094,210.379,783501440.0,100,FLUVIAL_PLUVIAL_DEFENDED,58431,0.0262954672484602,4.489593029022217,0.0213405001255494,18912272.0,0.0241381458086407
LSO,2025,2350396,229.10924,832898200.0,10,FLUVIAL_PLUVIAL_DEFENDED,18288,0.007780816509218,1.6210869550704956,0.0070756071276317,4840353.0,0.0058114582784246
LSO,2025,2350396,229.10924,832898200.0,100,FLUVIAL_PLUVIAL_DEFENDED,62096,0.0264193778410106,5.558988094329834,0.0242634830041859,21828104.0,0.0262074100159873
MDG,2015,25093544,732.1345,2613463600.0,10,FLUVIAL_PLUVIAL_DEFENDED,881879,0.0351436608555571,21.52861213684082,0.0294052684378171,57039724.0,0.0218253374746126
MDG,2015,25093544,732.1345,2613463600.0,100,FLUVIAL_PLUVIAL_DEFENDED,2589661,0.1032002892855628,63.144649505615234,0.0862473324951155,193659920.0,0.0741008688840517
MDG,2020,28585972,821.7071,2840527600.0,10,FLUVIAL_PLUVIAL_DEFENDED,992998,0.0347372480459996,24.378700256347656,0.0296683580867615,64210228.0,0.0226050356413785
MDG,2020,28585972,821.7071,2840527600.0,100,FLUVIAL_PLUVIAL_DEFENDED,2915233,0.101981244506921,70.63911437988281,0.0859662950984594,212739760.0,0.0748944522847406
MDG,2025,32351544,921.53284,3097923300.0,10,FLUVIAL_PLUVIAL_DEFENDED,1123332,0.0347226704233961,30.84228515625,0.0334684602878955,80803400.0,0.0260830858109603
MDG,2025,32351544,921.53284,3097923300.0,100,FLUVIAL_PLUVIAL_DEFENDED,3294627,0.1018383233888311,86.64224243164062,0.0940197016980746,255001968.0,0.0823138409189189
MLI,2015,18302444,943.2148,3917217300.0,10,FLUVIAL_PLUVIAL_DEFENDED,377425,0.0206215628907265,21.530445098876957,0.0228266620640806,71001448.0,0.0181254811578897
MLI,2015,18302444,943.2148,3917217300.0,100,FLUVIAL_PLUVIAL_DEFENDED,1976341,0.1079823547062895,116.12381744384766,0.1231149252237225,403018720.0,0.102883932953548
MLI,2020,21379682,1035.4553,4181975300.0,10,FLUVIAL_PLUVIAL_DEFENDED,437888,0.0204815020167278,23.01860809326172,0.0222304213405325,75057720.0,0.0179479109003325
MLI,2020,21379682,1035.4553,4181975300.0,100,FLUVIAL_PLUVIAL_DEFENDED,2303995,0.107765634680628,124.69938659667967,0.1204295191837264,426250560.0,0.1019256523126051
MLI,2025,24834886,1126.6624,4428863000.0,10,FLUVIAL_PLUVIAL_DEFENDED,507110,0.0204192602293402,26.69476890563965,0.0236936725739895,85039904.0,0.0192012948833213
MLI,2025,24834886,1126.6624,4428863000.0,100,FLUVIAL_PLUVIAL_DEFENDED,2675727,0.1077406596511053,140.25918579101562,0.1244908781706891,468291200.0,0.1057362132307251
MOZ,2015,26161522,1590.2452,6235367400.0,10,FLUVIAL_PLUVIAL_DEFENDED,233575,0.0089281885052406,8.83163833618164,0.005553632935448,27288024.0,0.0043763297564419
MOZ,2015,26161522,1590.2452,6235367400.0,100,FLUVIAL_PLUVIAL_DEFENDED,1144314,0.0437403450762535,51.71805191040039,0.0325220605185008,198040736.0,0.0317608767107675
MOZ,2020,30323522,1956.5122,7208198700.0,10,FLUVIAL_PLUVIAL_DEFENDED,265972,0.0087711447238879,11.462974548339844,0.0058588822022906,34125724.0,0.0047342929389986
MOZ,2020,30323522,1956.5122,7208198700.0,100,FLUVIAL_PLUVIAL_DEFENDED,1314265,0.0433414363938331,64.13716125488281,0.0327813754621048,231152560.0,0.0320680063121723
MOZ,2025,35133780,2229.74,7913784300.0,10,FLUVIAL_PLUVIAL_DEFENDED,305619,0.0086987224261095,15.555746078491213,0.0069764843195264,45162524.0,0.0057068176454927
MOZ,2025,35133780,2229.74,7913784300.0,100,FLUVIAL_PLUVIAL_DEFENDED,1517571,0.043194071346721,79.94026184082031,0.0358518312408333,274036000.0,0.034627681134479
MRT,2015,3906422,171.23819,830265100.0,10,FLUVIAL_PLUVIAL_DEFENDED,20956,0.0053644997903452,0.7297393679618835,0.0042615456823737,2619298.25,0.0031547734426718
MRT,2015,3906422,171.23819,830265100.0,100,FLUVIAL_PLUVIAL_DEFENDED,263634,0.0674873323977798,10.370183944702148,0.0605599951917019,42121016.0,0.0507320091002068
MRT,2020,4533420,228.73395,1006728900.0,10,FLUVIAL_PLUVIAL_DEFENDED,23992,0.005292251765775,0.973235011100769,0.0042548778642506,3293400.0,0.0032713871759175
MRT,2020,4533420,228.73395,1006728900.0,100,FLUVIAL_PLUVIAL_DEFENDED,302494,0.0667253420155202,13.554340362548828,0.0592581053037736,51385548.0,0.0510420910775168
MRT,2025,5242262,249.27986,1063143550.0,10,FLUVIAL_PLUVIAL_DEFENDED,27885,0.0053192686668464,1.21043062210083,0.0048557096231484,3941294.75,0.003707208441029
MRT,2025,5242262,249.27986,1063143550.0,100,FLUVIAL_PLUVIAL_DEFENDED,348862,0.0665479901614989,15.896538734436035,0.0637698474395697,57807684.0,0.054374297705377
MUS,2015,1292328,71.27359,388970780.0,10,FLUVIAL_PLUVIAL_DEFENDED,23043,0.017830612661801,1.3876551389694214,0.0194694154911832,6996216.0,0.0179864819872949
MUS,2015,1292328,71.27359,388970780.0,100,FLUVIAL_PLUVIAL_DEFENDED,71250,0.0551330621947369,4.283492565155029,0.0600992956840375,21849710.0,0.0561731392144866
MUS,2020,1284800,73.975075,397605540.0,10,FLUVIAL_PLUVIAL_DEFENDED,22908,0.0178300124533001,1.445154309272766,0.0195356924451073,7165248.5,0.0180209978263481
MUS,2020,1284800,73.975075,397605540.0,100,FLUVIAL_PLUVIAL_DEFENDED,70837,0.0551346513075965,4.459477424621582,0.0602835135835057,22379316.0,0.0562852223466023
MUS,2025,1269821,76.64761,405972320.0,10,FLUVIAL_PLUVIAL_DEFENDED,22638,0.017827709574814,1.5521658658981323,0.0202506744111994,7496662.0,0.0184659436879834
MUS,2025,1269821,76.64761,405972320.0,100,FLUVIAL_PLUVIAL_DEFENDED,70014,0.055136905122848,4.738819122314453,0.0618260491664838,23235462.0,0.0572341040394084
MWI,2015,16852582,925.78827,3012899800.0,10,FLUVIAL_PLUVIAL_DEFENDED,110182,0.0065379892529227,4.879361629486084,0.0052704941212207,15767760.0,0.005233416587788
MWI,2015,16852582,925.78827,3012899800.0,100,FLUVIAL_PLUVIAL_DEFENDED,550838,0.0326856739222512,24.855993270874023,0.026848464278521,83819960.0,0.0278203605998399
MWI,2020,19277840,1099.7659,3461282000.0,10,FLUVIAL_PLUVIAL_DEFENDED,126025,0.0065372987845111,6.129858493804932,0.0055737849898859,18971118.0,0.005480951201582
MWI,2020,19277840,1099.7659,3461282000.0,100,FLUVIAL_PLUVIAL_DEFENDED,630091,0.0326847302394874,30.75592613220215,0.0279658852808692,98989560.0,0.0285991024791516
MWI,2025,21934454,1272.6251,3900939500.0,10,FLUVIAL_PLUVIAL_DEFENDED,145558,0.0066360439152029,8.825630187988281,0.0069349803291881,25936258.0,0.0066487208701969
MWI,2025,21934454,1272.6251,3900939500.0,100,FLUVIAL_PLUVIAL_DEFENDED,725704,0.0330851180521749,41.79739761352539,0.0328434484662138,127491128.0,0.0326821596044637
NAM,2015,2342480,246.06944,1048842500.0,10,FLUVIAL_PLUVIAL_DEFENDED,40226,0.0171723984836583,4.547337055206299,0.0184798933358186,13930500.0,0.0132817844939799
NAM,2015,2342480,246.06944,1048842500.0,100,FLUVIAL_PLUVIAL_DEFENDED,196852,0.084035722823674,21.38572120666504,0.0869092926279238,79100192.0,0.0754166543610376
NAM,2020,2687684,305.96762,1218738300.0,10,FLUVIAL_PLUVIAL_DEFENDED,46137,0.0171660805362535,5.712402820587158,0.0186699586208664,16965728.0,0.0139207309266616
NAM,2020,2687684,305.96762,1218738300.0,100,FLUVIAL_PLUVIAL_DEFENDED,225413,0.0838688625597354,26.351882934570312,0.0861263778872958,92550968.0,0.0759399845694847
NAM,2025,3062090,349.136,1332404400.0,10,FLUVIAL_PLUVIAL_DEFENDED,52747,0.0172258163541894,7.000888347625732,0.0200520388094458,20352080.0,0.0152747024350758
NAM,2025,3062090,349.136,1332404400.0,100,FLUVIAL_PLUVIAL_DEFENDED,256972,0.0839204595554017,31.650997161865234,0.0906552128720383,106719968.0,0.0800957816144989
NER,2015,19570186,563.9885,2100752800.0,10,FLUVIAL_PLUVIAL_DEFENDED,278789,0.0142455978701479,8.858119010925293,0.0157062043146889,25802284.0,0.0122823991442671
NER,2015,19570186,563.9885,2100752800.0,100,FLUVIAL_PLUVIAL_DEFENDED,1705510,0.087148379683259,48.99153137207031,0.0868661846234162,168249520.0,0.0800901098705585
NER,2020,23327606,748.1854,2621100500.0,10,FLUVIAL_PLUVIAL_DEFENDED,331220,0.0141986280118071,10.674419403076172,0.0142670774505701,30724556.0,0.011722005884258
NER,2020,23327606,748.1854,2621100500.0,100,FLUVIAL_PLUVIAL_DEFENDED,2024049,0.0867662545397928,61.88406753540039,0.0827122067387975,204180160.0,0.0778986370696049
NER,2025,27472436,843.7189,2869876200.0,10,FLUVIAL_PLUVIAL_DEFENDED,392277,0.0142789303431264,13.003292083740234,0.0154118777168428,36859000.0,0.0128434110474027
NER,2025,27472436,843.7189,2869876200.0,100,FLUVIAL_PLUVIAL_DEFENDED,2386242,0.0868594980073845,73.73688507080078,0.0873950879987615,235797552.0,0.0821629692695764
NGA,2015,188318080,7370.586,41378690000.0,10,FLUVIAL_PLUVIAL_DEFENDED,2098580,0.011143805204471,61.13053131103516,0.0082938496110622,272710080.0,0.0065905925594168
NGA,2015,188318080,7370.586,41378690000.0,100,FLUVIAL_PLUVIAL_DEFENDED,13338163,0.0708278408530928,424.8706359863281,0.0576440787189896,2327362048.0,0.0562454273660074
NGA,2020,211741280,8219.339,43995150000.0,10,FLUVIAL_PLUVIAL_DEFENDED,2338755,0.0110453426936873,68.26036071777344,0.0083048480931083,294749568.0,0.0066995925566727
NGA,2020,211741280,8219.339,43995150000.0,100,FLUVIAL_PLUVIAL_DEFENDED,14919505,0.0704610126093504,465.5428161621094,0.0566399346327728,2461246208.0,0.0559435825034217
NGA,2025,235086592,8939.248,46062916000.0,10,FLUVIAL_PLUVIAL_DEFENDED,2587944,0.0110084712955471,81.09140014648438,0.0090713894190275,332747232.0,0.0072237553307541
NGA,2025,235086592,8939.248,46062916000.0,100,FLUVIAL_PLUVIAL_DEFENDED,16529316,0.0703116067121343,524.8901977539062,0.0587174888761922,2644470016.0,0.057409957282829
RWA,2015,11501389,532.5143,1930377300.0,10,FLUVIAL_PLUVIAL_DEFENDED,82728,0.007192870356789,2.9678635597229004,0.0055733032122886,10077543.0,0.0052205041834556
RWA,2015,11501389,532.5143,1930377300.0,100,FLUVIAL_PLUVIAL_DEFENDED,376916,0.0327713461391489,14.52605438232422,0.0272782437338347,62102628.0,0.0321712375008064
RWA,2020,12920615,677.30524,2329707500.0,10,FLUVIAL_PLUVIAL_DEFENDED,92264,0.0071408365623462,3.868205308914185,0.0057111699403008,12519341.0,0.005373782284911
RWA,2020,12920615,677.30524,2329707500.0,100,FLUVIAL_PLUVIAL_DEFENDED,421158,0.0325958168399878,17.809764862060547,0.0262950349325117,71378504.0,0.0306383970465099
RWA,2025,14406782,786.4515,2617553700.0,10,FLUVIAL_PLUVIAL_DEFENDED,103990,0.0072181282398803,5.850759983062744,0.0074394417885808,17887098.0,0.0068335172057813
RWA,2025,14406782,786.4515,2617553700.0,100,FLUVIAL_PLUVIAL_DEFENDED,472783,0.0328166970250538,24.314998626708984,0.0309173538816291,89409592.0,0.0341576920579229
SDN,2015,39418436,1265.8579,6457770000.0,10,FLUVIAL_PLUVIAL_DEFENDED,738526,0.0187355480060142,37.42152786254883,0.0295621866896022,129020240.0,0.0199790702238799
SDN,2015,39418436,1265.8579,6457770000.0,100,FLUVIAL_PLUVIAL_DEFENDED,4999640,0.1268350677332809,209.68389892578125,0.1656456836454093,886735488.0,0.1373129563606333
SDN,2020,46174176,1682.4991,7733067300.0,10,FLUVIAL_PLUVIAL_DEFENDED,859246,0.0186087998625032,44.349159240722656,0.0263590976311237,147214128.0,0.0190369646317872
SDN,2020,46174176,1682.4991,7733067300.0,100,FLUVIAL_PLUVIAL_DEFENDED,5823296,0.1261158618185195,252.92044067382807,0.1503242609953846,1007394880.0,0.1302710613535923
SDN,2025,50849332,1806.3517,8080985000.0,10,FLUVIAL_PLUVIAL_DEFENDED,939733,0.018480734417514,50.71060180664063,0.0280734932404391,164308816.0,0.0203327705979798
SDN,2025,50849332,1806.3517,8080985000.0,100,FLUVIAL_PLUVIAL_DEFENDED,6323804,0.1243635609608401,277.0792541503906,0.1533916437851918,1073926528.0,0.1328954968119847
SEN,2015,14372647,616.69147,2948299300.0,10,FLUVIAL_PLUVIAL_DEFENDED,131765,0.0091677615125453,5.066188812255859,0.0082151109282549,18360372.0,0.0062274451661634
SEN,2015,14372647,616.69147,2948299300.0,100,FLUVIAL_PLUVIAL_DEFENDED,889470,0.0618863038937782,33.941802978515625,0.0550385480894306,153540448.0,0.0520776333239962
SEN,2020,16571852,706.5777,3236141800.0,10,FLUVIAL_PLUVIAL_DEFENDED,154270,0.0093091586866694,5.903763771057129,0.0083554346391404,20770744.0,0.0064183664158224
SEN,2020,16571852,706.5777,3236141800.0,100,FLUVIAL_PLUVIAL_DEFENDED,1032107,0.0622807275855468,39.41337203979492,0.0557806624311572,171224928.0,0.0529102052110803
SEN,2025,18715900,763.604,3387047700.0,10,FLUVIAL_PLUVIAL_DEFENDED,177670,0.0094929979322394,6.90568208694458,0.0090435383413631,23458896.0,0.0069260601610426
SEN,2025,18715900,763.604,3387047700.0,100,FLUVIAL_PLUVIAL_DEFENDED,1175385,0.0628014148397886,44.41947555541992,0.0581708258838221,184802416.0,0.0545615041356607
SLE,2015,6956704,215.6404,1190175400.0,10,FLUVIAL_PLUVIAL_DEFENDED,207216,0.0297865195931866,4.772964000701904,0.0221339048092198,23057682.0,0.0193733484786645
SLE,2015,6956704,215.6404,1190175400.0,100,FLUVIAL_PLUVIAL_DEFENDED,588065,0.0845321290082199,13.610909461975098,0.0631185515654346,62281176.0,0.0523294113566592
SLE,2020,7821405,225.25209,1226193700.0,10,FLUVIAL_PLUVIAL_DEFENDED,230856,0.0295159245685397,5.052477836608887,0.0224303260689978,24095262.0,0.0196504538454375
SLE,2020,7821405,225.25209,1226193700.0,100,FLUVIAL_PLUVIAL_DEFENDED,658918,0.0842454776347727,14.242963790893556,0.0632312169098194,64470024.0,0.0525773586120895
SLE,2025,8731138,236.65738,1258794100.0,10,FLUVIAL_PLUVIAL_DEFENDED,256117,0.0293337477886616,5.710828304290772,0.024131207422278,26310434.0,0.02090130049798
SLE,2025,8731138,236.65738,1258794100.0,100,FLUVIAL_PLUVIAL_DEFENDED,734002,0.0840671628371925,15.807503700256348,0.0667948903896676,69396088.0,0.0551290217665079
SOM,2015,13574748,194.29144,1052958600.0,10,FLUVIAL_PLUVIAL_DEFENDED,324957,0.023938344932812,3.7515621185302734,0.019308941572992,16278679.0,0.0154599422272438
SOM,2015,13574748,194.29144,1052958600.0,100,FLUVIAL_PLUVIAL_DEFENDED,1737116,0.1279667217395122,25.22300720214844,0.1298204739715845,122853856.0,0.1166749166903611
SOM,2020,16331889,245.16862,1206612900.0,10,FLUVIAL_PLUVIAL_DEFENDED,381358,0.0233505138321721,4.589992046356201,0.0187217758742236,18611956.0,0.015424960693938
SOM,2020,16331889,245.16862,1206612900.0,100,FLUVIAL_PLUVIAL_DEFENDED,2090485,0.1280001964255329,31.348779678344727,0.1278661969652658,140559984.0,0.1164913686847615
SOM,2025,19332502,261.95416,1253930100.0,10,FLUVIAL_PLUVIAL_DEFENDED,452521,0.0234072651330903,5.308559894561768,0.0202652244267458,20695804.0,0.0165047507847072
SOM,2025,19332502,261.95416,1253930100.0,100,FLUVIAL_PLUVIAL_DEFENDED,2489360,0.1287655369180874,34.540077209472656,0.1318554241206079,149626256.0,0.1193258336872924
SSD,2015,11113213,124.832405,522336700.0,10,FLUVIAL_PLUVIAL_DEFENDED,513744,0.0462282150085668,3.2510979175567627,0.0260437016750913,8123482.0,0.0155521944710973
SSD,2015,11113213,124.832405,522336700.0,100,FLUVIAL_PLUVIAL_DEFENDED,1866939,0.1679927308151117,18.51676368713379,0.1483329883273062,69450976.0,0.1329620826339632
SSD,2020,10560796,203.91678,748367360.0,10,FLUVIAL_PLUVIAL_DEFENDED,486534,0.0460698227671474,6.317962646484375,0.0309830446075207,15900106.0,0.0212463916117346
SSD,2020,10560796,203.91678,748367360.0,100,FLUVIAL_PLUVIAL_DEFENDED,1769119,0.1675175810611245,30.937673568725582,0.1517171553342627,102578456.0,0.137069655202493
SSD,2025,12066930,230.01236,816068860.0,10,FLUVIAL_PLUVIAL_DEFENDED,560486,0.0464481023756663,7.822495937347412,0.0340090243424312,19703896.0,0.0241448937328896
SSD,2025,12066930,230.01236,816068860.0,100,FLUVIAL_PLUVIAL_DEFENDED,2023653,0.1677023899202199,36.33485412597656,0.157969137772164,116960432.0,0.1433217675120123
STP,2015,198557,7.805495,32093524.0,10,FLUVIAL_PLUVIAL_DEFENDED,2455,0.012364207758981,0.0778088644146919,0.009968473050695,209239.625,0.0065196836907034
STP,2015,198557,7.805495,32093524.0,100,FLUVIAL_PLUVIAL_DEFENDED,8263,0.0416152540580286,0.2901891767978668,0.0371775505306913,938253.3125,0.029234973152216
STP,2020,214999,7.93718,32448282.0,10,FLUVIAL_PLUVIAL_DEFENDED,2647,0.0123116851706287,0.0803268924355506,0.010120331403319,215588.34375,0.0066440603465539
STP,2020,214999,7.93718,32448282.0,100,FLUVIAL_PLUVIAL_DEFENDED,8918,0.041479262694245,0.2963809370994568,0.0373408358536882,954161.75,0.029405616913709
STP,2025,237888,8.000101,32605906.0,10,FLUVIAL_PLUVIAL_DEFENDED,2913,0.0122452582728006,0.0813716724514961,0.0101713305296258,218203.109375,0.0066921345284808
STP,2025,237888,8.000101,32605906.0,100,FLUVIAL_PLUVIAL_DEFENDED,9826,0.0413051520043045,0.299477756023407,0.0374342464768735,961907.75,0.0295010281266222
SWZ,2015,1139489,106.556335,351143600.0,10,FLUVIAL_PLUVIAL_DEFENDED,9370,0.008222984162199,0.6931376457214355,0.006504893799128,2344421.25,0.0066765310350964
SWZ,2015,1139489,106.556335,351143600.0,100,FLUVIAL_PLUVIAL_DEFENDED,24374,0.0213902898579977,1.85779082775116,0.0174348228091657,6877251.5,0.0195852955504109
SWZ,2020,1185399,160.45296,488191870.0,10,FLUVIAL_PLUVIAL_DEFENDED,9755,0.0082292966334542,1.0559297800064087,0.0065809306275198,3287085.5,0.0067331835872924
SWZ,2020,1185399,160.45296,488191870.0,100,FLUVIAL_PLUVIAL_DEFENDED,25374,0.0214054508228874,2.798243999481201,0.0174396536475631,9348361.0,0.0191489484691789
SWZ,2025,1249337,195.3252,576986500.0,10,FLUVIAL_PLUVIAL_DEFENDED,10385,0.0083124089016814,1.7112482786178589,0.0087610217201116,5000417.5,0.0086664376630402
SWZ,2025,1249337,195.3252,576986500.0,100,FLUVIAL_PLUVIAL_DEFENDED,26988,0.0216018576252844,4.390701770782471,0.0224789319358304,13500678.0,0.0233986030757988
SYC,2015,105933,5.336974,19694048.0,10,FLUVIAL_PLUVIAL_DEFENDED,2202,0.0207867236838378,0.1287831366062164,0.0241303654714974,480121.84375,0.0243790328808988
SYC,2015,105933,5.336974,19694048.0,100,FLUVIAL_PLUVIAL_DEFENDED,6425,0.0606515439003898,0.38763627409935,0.0726322188644019,1600202.5,0.081253102460195
SYC,2020,118958,5.458527,20128300.0,10,FLUVIAL_PLUVIAL_DEFENDED,2478,0.0208308814875838,0.1314961612224578,0.0240900446399829,490406.84375,0.0243640468271041
SYC,2020,118958,5.458527,20128300.0,100,FLUVIAL_PLUVIAL_DEFENDED,7230,0.0607777534928294,0.3952177762985229,0.0724037400410452,1630696.375,0.0810151068396238
SYC,2025,131630,5.462619,20164888.0,10,FLUVIAL_PLUVIAL_DEFENDED,2744,0.0208463116310871,0.1331060528755188,0.0243667107427743,504812.125,0.0250342141746584
SYC,2025,131630,5.462619,20164888.0,100,FLUVIAL_PLUVIAL_DEFENDED,8011,0.0608599863253057,0.3982199132442474,0.0728990848155481,1657554.625,0.0822000412300827
TCD,2015,14433058,462.5464,1718605300.0,10,FLUVIAL_PLUVIAL_DEFENDED,179218,0.0124171883740784,3.62106728553772,0.0078285495022999,10647164.0,0.0061952351279593
TCD,2015,14433058,462.5464,1718605300.0,100,FLUVIAL_PLUVIAL_DEFENDED,1472024,0.10198975158279,45.091583251953125,0.0974855377680659,201494960.0,0.1172433010610873
TCD,2020,16935740,572.7474,2024080600.0,10,FLUVIAL_PLUVIAL_DEFENDED,203455,0.0120133516456913,4.518738269805908,0.0078895835462424,13015187.0,0.006430172169425
TCD,2020,16935740,572.7474,2024080600.0,100,FLUVIAL_PLUVIAL_DEFENDED,1707792,0.1008395263507824,54.3120346069336,0.0948272081746882,229613200.0,0.1134407372228015
TCD,2025,20727846,630.0778,2172050400.0,10,FLUVIAL_PLUVIAL_DEFENDED,245058,0.0118226466946927,5.67353105545044,0.009004492583207,16190547.0,0.0074540382495133
TCD,2025,20727846,630.0778,2172050400.0,100,FLUVIAL_PLUVIAL_DEFENDED,2088346,0.1007507485341216,60.54230117797852,0.0960870217505336,246504624.0,0.1134893648730896
TGO,2015,7566795,402.18774,2391176700.0,10,FLUVIAL_PLUVIAL_DEFENDED,35755,0.0047252502545661,1.151516318321228,0.002863131298995,6632906.5,0.0027739089666206
TGO,2015,7566795,402.18774,2391176700.0,100,FLUVIAL_PLUVIAL_DEFENDED,285019,0.0376670704043125,11.32622528076172,0.0281615376046901,81433904.0,0.0340559958884577
TGO,2020,8565877,471.0627,2632635000.0,10,FLUVIAL_PLUVIAL_DEFENDED,39195,0.0045757136134455,1.380693793296814,0.0029310190625736,7464437.0,0.0028353483639934
TGO,2020,8565877,471.0627,2632635000.0,100,FLUVIAL_PLUVIAL_DEFENDED,318696,0.0372052972509411,13.001111030578612,0.0275995332565895,88244520.0,0.0335194677660732
TGO,2025,9618078,517.72955,2762225200.0,10,FLUVIAL_PLUVIAL_DEFENDED,43350,0.0045071374967015,1.830561637878418,0.0035357487832863,8783109.0,0.0031797223313387
TGO,2025,9618078,517.72955,2762225200.0,100,FLUVIAL_PLUVIAL_DEFENDED,356449,0.0370603149610556,15.512733459472656,0.0299630055169,95586232.0,0.0346047938672886
TZA,2015,51123580,3270.9124,12073448000.0,10,FLUVIAL_PLUVIAL_DEFENDED,339653,0.0066437639930536,16.19928741455078,0.0049525287331956,53273932.0,0.0044124868076796
TZA,2015,51123580,3270.9124,12073448000.0,100,FLUVIAL_PLUVIAL_DEFENDED,2076101,0.0406094604485836,104.48527526855467,0.0319437710265309,413924256.0,0.0342838467222318
TZA,2020,60051336,4138.235,14357322000.0,10,FLUVIAL_PLUVIAL_DEFENDED,393619,0.0065547084581099,20.53312492370605,0.0049618075343904,64575332.0,0.0044977282827105
TZA,2020,60051336,4138.235,14357322000.0,100,FLUVIAL_PLUVIAL_DEFENDED,2423159,0.0403514586253335,129.7930450439453,0.0313643496157274,481713696.0,0.0335517797209036
TZA,2025,69541952,4810.592,16084635000.0,10,FLUVIAL_PLUVIAL_DEFENDED,457036,0.0065720904699367,27.555984497070312,0.0057281901397185,83159144.0,0.0051700984165296
TZA,2025,69541952,4810.592,16084635000.0,100,FLUVIAL_PLUVIAL_DEFENDED,2817736,0.0405185060091497,164.58242797851562,0.0342125116675727,574219328.0,0.0356998676950487
UGA,2015,36950212,2024.42,6350671400.0,10,FLUVIAL_PLUVIAL_DEFENDED,166146,0.0044964829971746,5.973204612731934,0.0029505757120893,17459824.0,0.0027492879115067
UGA,2015,36950212,2024.42,6350671400.0,100,FLUVIAL_PLUVIAL_DEFENDED,996814,0.0269772200495087,36.652374267578125,0.0181051231819201,134251216.0,0.021139688765126
UGA,2020,43736848,2667.901,7985202700.0,10,FLUVIAL_PLUVIAL_DEFENDED,193848,0.0044321438069794,8.220664024353027,0.0030813228817268,23283168.0,0.002915789230371
UGA,2020,43736848,2667.901,7985202700.0,100,FLUVIAL_PLUVIAL_DEFENDED,1165800,0.0266548700537359,48.7358512878418,0.0182674894982687,165902352.0,0.0207762230317978
UGA,2025,50697996,3221.719,9384686000.0,10,FLUVIAL_PLUVIAL_DEFENDED,226825,0.0044740427215308,12.778290748596191,0.0039662958724321,35010612.0,0.0037306110840175
UGA,2025,50697996,3221.719,9384686000.0,100,FLUVIAL_PLUVIAL_DEFENDED,1362673,0.0268782418934271,73.12957763671875,0.0226989311512643,229592528.0,0.0244645946138959
ZAF,2015,56068272,5652.1797,29495486000.0,10,FLUVIAL_PLUVIAL_DEFENDED,237145,0.0042295756858709,18.87559127807617,0.003339524275886,70988024.0,0.0024067419293674
ZAF,2015,56068272,5652.1797,29495486000.0,100,FLUVIAL_PLUVIAL_DEFENDED,1564770,0.0279082972273516,123.60372161865234,0.0218683284064741,594870080.0,0.0201681732127406
ZAF,2020,60079120,6366.1284,31750767000.0,10,FLUVIAL_PLUVIAL_DEFENDED,253504,0.0042195025493049,22.903079986572266,0.0035976465573529,82477848.0,0.0025976647764083
ZAF,2020,60079120,6366.1284,31750767000.0,100,FLUVIAL_PLUVIAL_DEFENDED,1672905,0.0278450316848848,141.47418212890625,0.0222229544929674,651162624.0,0.0205085638519376
ZAF,2025,64385944,6763.596,32920244000.0,10,FLUVIAL_PLUVIAL_DEFENDED,272460,0.0042316689493595,29.017799377441406,0.0042902915189276,100574448.0,0.0030550942245646
ZAF,2025,64385944,6763.596,32920244000.0,100,FLUVIAL_PLUVIAL_DEFENDED,1794442,0.0278700891610752,165.76515197753906,0.0245084341652682,729188032.0,0.0221501404132475
ZMB,2015,16145420,1219.878,4642437000.0,10,FLUVIAL_PLUVIAL_DEFENDED,184090,0.0114019951168814,9.562137603759766,0.0078386012355751,27769222.0,0.0059816043345784
ZMB,2015,16145420,1219.878,4642437000.0,100,FLUVIAL_PLUVIAL_DEFENDED,715429,0.0443115756666596,40.61965560913086,0.0332981280797691,145358928.0,0.0313109093871798
ZMB,2020,18787074,1380.7051,5062040000.0,10,FLUVIAL_PLUVIAL_DEFENDED,211686,0.0112676407193584,11.064828872680664,0.0080138974267457,31615782.0,0.0062456601686825
ZMB,2020,18787074,1380.7051,5062040000.0,100,FLUVIAL_PLUVIAL_DEFENDED,825797,0.0439555941494668,46.86751174926758,0.0339446218398166,161855520.0,0.031974365661599
ZMB,2025,21612252,1528.6042,5445367000.0,10,FLUVIAL_PLUVIAL_DEFENDED,242571,0.0112237725157008,13.945619583129885,0.0091231066516715,39234044.0,0.0072050323800557
ZMB,2025,21612252,1528.6042,5445367000.0,100,FLUVIAL_PLUVIAL_DEFENDED,947376,0.0438351357368959,55.8757438659668,0.0365534401316496,185749328.0,0.0341114447140242
ZWE,2015,14302032,915.95197,3120665900.0,10,FLUVIAL_PLUVIAL_DEFENDED,78482,0.0054874719899941,4.488847732543945,0.0049007457841053,12103592.0,0.003878528672568
ZWE,2015,14302032,915.95197,3120665900.0,100,FLUVIAL_PLUVIAL_DEFENDED,347085,0.0242682298571279,20.73874855041504,0.0226417425098239,64695004.0,0.020731153857954
ZWE,2020,15394218,1332.2628,4228326100.0,10,FLUVIAL_PLUVIAL_DEFENDED,83620,0.0054319095650068,6.946362018585205,0.0052139577326274,18386258.0,0.0043483537867792
ZWE,2020,15394218,1332.2628,4228326100.0,100,FLUVIAL_PLUVIAL_DEFENDED,371209,0.0241135340554486,30.85050392150879,0.0231564699689762,90944928.0,0.0215084941186599
ZWE,2025,16790382,1597.6677,4904325600.0,10,FLUVIAL_PLUVIAL_DEFENDED,91647,0.0054583034501537,10.494372367858888,0.0065685575330907,27436118.0,0.0055942692346901
ZWE,2025,16790382,1597.6677,4904325600.0,100,FLUVIAL_PLUVIAL_DEFENDED,406911,0.0242347672614,43.994361877441406,0.0275366155301146,125142672.0,0.025516795047919
