ISO3,year,population,built_up_km2,population_density
AFE,1975,91180491.01334734,4485.790558111111,20326.515434046898
AFE,1980,112369413.66491638,5263.463839222222,21348.94759370497
AFE,1985,132297302.31388022,6086.50372911111,21736.173705294234
AFE,1990,154868379.0918985,7064.824146999999,21921.052225717704
AFE,1995,180860400.83555338,7863.825994333334,22999.033926473097
AFE,2000,208210669.68182647,8904.118462333332,23383.636523099973
AFE,2005,237585045.88145977,9771.455891222222,24314.19110174609
AFE,2010,270921122.2333395,11012.361267444447,24601.546902956812
AFE,2015,306315324.64319384,12597.594535777778,24315.382097212565
AFE,2020,336797455.51017594,14477.549338777777,23263.42999281459
AFW,1975,79603001.36501877,3718.950399222222,21404.695631774724
AFW,1980,91529611.33263668,4145.840944444444,22077.45365998404
AFW,1985,104672799.36537422,4724.448618,22155.558844808715
AFW,1990,119512500.65458004,5397.400303333334,22142.60457590506
AFW,1995,137391802.77544767,5913.229064555555,23234.64916977205
AFW,2000,158050017.28606537,6544.295240555555,24150.807913832487
AFW,2005,181995885.42044532,7372.2484211111105,24686.618657516123
AFW,2010,208456378.9827058,8499.339732222223,24526.185039105756
AFW,2015,237290191.80899048,9727.819679555556,24392.94719943162
AFW,2020,266008785.67007595,10431.422040111114,25500.721248475387
AGO,1975,3952920.2022026908,334.1201533333333,11830.834395251459
AGO,1980,4819031.426988389,360.1980366666666,13378.838684365188
AGO,1985,5913770.65226237,395.2687454444444,14961.392015988675
AGO,1990,7114671.206081814,435.18178466666666,16348.733923988551
AGO,1995,8540007.456542969,459.59796222222224,18581.47371944559
AGO,2000,10154103.66655816,490.46759999999995,20702.90405840908
AGO,2005,12165911.047743056,515.0104263333333,23622.65000023289
AGO,2010,15289729.306640625,546.7709722222222,27963.68147434585
AGO,2015,19304199.536892362,595.9056446666667,32394.725087208397
AGO,2020,23278431.625651043,695.4151954444444,33474.14864982012
BDI,1975,1978981.535912196,39.75127388888889,49784.103559643474
BDI,1980,2408838.436230554,47.09033233333333,51153.56628148991
BDI,1985,2881708.672572242,58.814990222222214,48996.16002118179
BDI,1990,3280344.681441413,73.80352066666666,44446.99455811977
BDI,1995,3610170.347308689,84.90224955555554,42521.492259711966
BDI,2000,3890140.4381506178,100.54963466666666,38688.75755786553
BDI,2005,4599119.2472873265,116.70183899999999,39409.14116432498
BDI,2010,5670086.769639757,142.6175648888889,39757.28216967688
BDI,2015,6571959.65093316,179.06806455555554,36700.90290663873
BDI,2020,7249824.9410807295,229.62709255555555,31572.16711841927
BEN,1975,2263039.868177626,140.32218133333333,16127.456448256082
BEN,1980,2569126.4477267796,158.53620522222224,16205.297989349512
BEN,1985,2927196.302842882,182.79145366666668,16013.857563498752
BEN,1990,3364959.7671169704,211.15731277777778,15935.79555853819
BEN,1995,3972275.7456054688,231.4395272222222,17163.341946301993
BEN,2000,4602708.610677083,256.0548043333333,17975.48232949871
BEN,2005,5328778.383409288,293.71329344444445,18142.789251781756
BEN,2010,6125060.2416449655,344.5383961111111,17777.58389421909
BEN,2015,7024068.510199653,398.0644163333333,17645.557407265966
BEN,2020,7975030.8080512155,416.688824,19139.056170249518
BFA,1975,1582497.1213565404,91.33597988888889,17326.108761100102
BFA,1980,1948607.8720228407,106.12253688888889,18361.866660453547
BFA,1985,2435779.0717637804,127.53887111111112,19098.327047616283
BFA,1990,2845729.1346842446,151.27994166666664,18811.014225234056
BFA,1995,3415954.8213975695,178.5697551111111,19129.526269843773
BFA,2000,4156966.8157552085,210.30736666666667,19766.14933486341
BFA,2005,5086272.454861111,249.09944988888887,20418.641860228312
BFA,2010,6027593.688368056,297.6633923333333,20249.69762361022
BFA,2015,7005536.040364583,347.954351,20133.491707263012
BFA,2020,7942870.258463541,379.47487233333334,20931.21531242382
BWA,1975,436086.1093885634,103.00943288888888,4233.458016014394
BWA,1980,565346.2457546658,112.58226555555555,5021.62789996162
BWA,1985,687155.7116970486,124.70837333333334,5510.1008322861235
BWA,1990,811689.9889865451,137.877552,5887.035106240826
BWA,1995,948674.28515625,158.30100233333334,5992.85077904076
BWA,2000,1067165.2261284722,182.7769807777778,5838.619401564266
BWA,2005,1157684.0364583333,192.8398442222222,6003.344594721082
BWA,2010,1256420.4613715278,205.41367666666667,6116.537524472499
BWA,2015,1357941.6809895833,217.6614908888889,6238.777817077348
BWA,2020,1476292.1705729167,221.23712066666667,6672.895426067379
CAF,1975,983934.7827148438,41.06438066666667,23960.784668878165
CAF,1980,1047670.030544705,44.404167111111114,23593.957475278257
CAF,1985,1111770.367513021,48.812553666666666,22776.320515929732
CAF,1990,1215541.7570529513,53.93228366666667,22538.295699950635
CAF,1995,1406071.4637586805,58.661164222222226,23969.375350822436
CAF,2000,1601390.6265190972,64.63847266666666,24774.574033908393
CAF,2005,1789596.7738715278,67.77511433333333,26404.924454570246
CAF,2010,1986634.304904514,71.67997188888889,27715.3332033109
CAF,2015,2084320.130642361,76.27635833333333,27325.899874948507
CAF,2020,2292270.2102864585,81.15658311111112,28245.031054943767
CIV,1975,3849929.534939236,250.2513461111111,15384.251053058772
CIV,1980,4695292.438483344,267.8102902222222,17532.15843419351
CIV,1985,5558138.816826714,289.7401271111111,19183.186230519077
CIV,1990,6542493.288682726,313.79702444444445,20849.44336316047
CIV,1995,7832469.99758572,336.54362633333335,23273.267965051175
CIV,2000,9171257.746365018,365.93346433333335,25062.63744714751
CIV,2005,10329174.983940972,394.58621666666664,26177.23211722501
CIV,2010,11500589.120768229,433.970938,26500.82785213656
CIV,2015,12817144.951497396,482.03763755555553,26589.51076205165
CIV,2020,14556220.730034722,534.1288694444445,27252.263569229777
CMR,1975,5109541.59967041,245.92163455555558,20777.11303808094
CMR,1980,5825776.39316135,284.0099964444444,20512.575142054684
CMR,1985,6638656.412543403,336.41901522222224,19733.297204256498
CMR,1990,7668987.838161892,398.29726055555557,19254.432800931107
CMR,1995,8976428.775716146,431.20510177777777,20817.074609525756
CMR,2000,10356037.208170572,469.71310844444446,22047.57972896862
CMR,2005,11904810.9968533,502.7725892222222,23678.321475858043
CMR,2010,13691344.536132812,544.6342093333334,25138.605510828784
CMR,2015,15770751.816080729,591.7463813333334,26651.201111776623
CMR,2020,17872777.17296007,636.1735383333333,28094.1851492027
COD,1975,13089550.476303948,512.665564,25532.33802983488
COD,1980,15085208.819417318,558.574062,27006.640382483994
COD,1985,17372305.692077637,620.4371531111111,28000.105417553088
COD,1990,20309838.025041368,691.2816724444444,29379.974668247247
COD,1995,24880846.756781682,740.55336,33597.6421155954
COD,2000,28425894.314602323,800.7568663333334,35498.78310099859
COD,2005,33085525.363023546,857.9390265555555,38563.958904929365
COD,2010,38874032.68967014,933.4804246666666,41644.18627584133
COD,2015,46175417.8218316,1033.8917413333334,44661.7532337405
COD,2020,54032103.95985243,1183.9080697777779,45638.76650489795
COG,1975,1565113.0183556876,98.92644511111112,15820.977056213847
COG,1980,1757877.5696529811,104.19040533333333,16871.77973853787
COG,1985,1974615.2476128472,110.86128377777779,17811.585616949713
COG,1990,2244317.1619737414,118.50740988888887,18938.201113989297
COG,1995,2516491.5889756945,119.1138308888889,21126.779066682142
COG,2000,2784026.1763237845,120.01499277777779,23197.31986718313
COG,2005,3144402.953450521,125.18173544444444,25118.70395698424
COG,2010,3656059.128797743,131.63998255555558,27773.16631179884
COG,2015,4107064.3636610243,141.79341566666668,28965.127501520004
COG,2020,4672484.3846571185,163.28451622222224,28615.59989128483
COM,1975,180278.71375868056,8.621132333333334,20911.25698901972
COM,1980,208264.97295464412,9.776611444444443,21302.367813031033
COM,1985,233525.2548828125,11.213296222222223,20825.74563757784
COM,1990,263480.9464789496,12.888376000000001,20443.3007291958
COM,1995,295549.0831976997,12.90037,22910.124531133577
COM,2000,327836.5635036892,12.913104333333333,25387.897057210786
COM,2005,364646.6345214844,13.34198222222222,27330.76903026703
COM,2010,407532.7262369791,13.857936333333333,29407.894251665453
COM,2015,455887.203016493,14.324210444444445,31826.34078050047
COM,2020,496771.92404513893,14.47917488888889,34309.40836458537
CPV,1975,80208.546875,5.641368555555556,14217.923556157579
CPV,1980,86475.78776041666,6.0748706666666665,14235.00062888856
CPV,1985,93294.27864583331,6.630786555555556,14069.86605045632
CPV,1990,101241.72352430555,7.281851888888888,13903.293429901616
CPV,1995,148354.29774305556,8.153643666666667,18194.84684492044
CPV,2000,170634.8828125,9.957579666666666,17136.180530265407
CPV,2005,179357.4865451389,10.184745444444445,17610.40445473033
CPV,2010,185384.88628472222,10.477968333333333,17692.82750120186
CPV,2015,191483.6627604167,10.793357555555556,17740.8801454795
CPV,2020,196799.3359375,11.009626555555554,17875.205389068655
ERI,1975,828362.0542399088,8.54173433333333,96978.20394709565
ERI,1980,939213.7725558812,10.061741555555553,93345.05039411371
ERI,1985,1071716.3760579426,12.195402777777776,87878.71918513451
ERI,1990,1223613.262898763,14.673523,83389.19446262244
ERI,1995,1320746.1698676215,16.933201444444443,77997.42855483129
ERI,2000,1523093.0710720485,20.00555611111111,76133.50324343749
ERI,2005,1739893.5534939235,22.109766333333333,78693.4392368864
ERI,2010,1836893.7727864583,24.966744666666663,73573.61952112694
ERI,2015,1808154.1050347222,28.203282444444444,64111.477399712996
ERI,2020,1607641.1881510417,30.772532666666667,52242.73236022806
ETH,1975,13883671.276565764,151.9898091111111,91346.0669354233
ETH,1980,15613264.414664375,182.75879844444444,85430.9863467971
ETH,1985,18525394.940629747,226.3976772222222,81826.78889609817
ETH,1990,22337843.84435696,276.53835166666664,80776.65795622632
ETH,1995,27771612.865411546,320.34608488888887,86692.53090776512
ETH,2000,33117533.308189392,373.6102301111111,88641.93386337491
ETH,2005,37527484.55514187,436.4523361111111,85983.00765100775
ETH,2010,41248734.49468316,527.0533613333333,78262.9189392372
ETH,2015,43569727.42518563,645.140392111111,67535.26512672874
ETH,2020,42113388.125298396,804.889091888889,52321.976468171524
GAB,1975,417372.361328125,58.59726988888889,7122.727084718095
GAB,1980,495538.16796875,63.21150755555555,7839.366392792162
GAB,1985,573832.8654513889,68.96701477777778,8320.395877657831
GAB,1990,667733.0729166666,75.52411977777778,8841.322148227677
GAB,1995,773942.7296006944,75.77037222222222,10214.318696110477
GAB,2000,879130.6176215279,76.13474055555555,11547.036362198225
GAB,2005,1009271.7625868056,81.24576244444445,12422.454196019662
GAB,2010,1184362.2838541665,87.72064633333333,13501.52254183877
GAB,2015,1401319.782986111,95.3663418888889,14694.07083495753
GAB,2020,1650059.0286458333,103.26185066666667,15979.367191202962
GHA,1975,6221443.540798611,374.50864566666667,16612.282821198307
GHA,1980,7212073.2472873265,415.11087,17373.84821382135
GHA,1985,8298880.3703342015,472.7133944444445,17555.839263000882
GHA,1990,9422854.097764757,541.3840547777778,17405.119368786287
GHA,1995,10947087.182400173,628.8744795555556,17407.427934008083
GHA,2000,12622745.46657986,738.4384622222223,17093.835319186324
GHA,2005,14686212.920681423,838.2146418888889,17520.82603518656
GHA,2010,16979549.646267362,967.8669336666667,17543.26866188314
GHA,2015,19429749.118489582,1106.2395202222222,17563.781408375755
GHA,2020,21958486.97016059,1184.1263745555557,18544.040097411376
GIN,1975,1451002.6156927745,101.75680677777778,14259.514047660274
GIN,1980,1634319.385330836,110.26016755555555,14822.391635740712
GIN,1985,1889181.2100745307,121.3767961111111,15564.59941771021
GIN,1990,2242767.555296156,133.83373644444444,16757.864010074536
GIN,1995,2741564.301550971,149.02262555555555,18396.966845339317
GIN,2000,3173790.3734541996,168.1410611111111,18875.760343613467
GIN,2005,3603527.6883239746,182.14837,19783.47480311778
GIN,2010,4158830.2638753257,200.70997855555555,20720.595427317938
GIN,2015,4860820.959269205,221.15356944444446,21979.391838350057
GIN,2020,5445358.581976997,235.24532822222224,23147.573739841035
GMB,1975,266551.8728298611,28.887177777777776,9227.34214052967
GMB,1980,329927.2161458334,31.265101888888882,10552.571276381614
GMB,1985,415349.4535590278,34.51442366666667,12034.08341887406
GMB,1990,533392.6961805555,38.408069,13887.516609610224
GMB,1995,671025.5894097222,44.88943,14948.409668149547
GMB,2000,805207.1644965279,53.441534,15067.066834131818
GMB,2005,962830.2421875001,56.74269433333334,16968.35607649121
GMB,2010,1156544.8519965278,60.89910288888889,18991.164025957114
GMB,2015,1391486.2473958335,65.21122988888888,21338.138381483343
GMB,2020,1657208.7803819443,66.89590655555556,24772.947489779057
GNB,1975,222118.64279513888,12.059524333333334,18418.52436759782
GNB,1980,282357.9583333333,13.409754333333334,21056.16190383602
GNB,1985,311667.97743055556,15.170668666666668,20544.11603592394
GNB,1990,348209.07508680556,17.145865555555556,20308.632069844956
GNB,1995,415056.97048611107,19.387179777777778,21408.83693469759
GNB,2000,478842.64670138893,22.144412666666668,21623.63273794011
GNB,2005,558858.6493055556,24.38537722222222,22917.77749479601
GNB,2010,657762.5720486111,27.32132388888889,24075.06220136396
GNB,2015,769967.4314236111,30.191250666666665,25502.99886296897
GNB,2020,872755.0173611111,31.00083422222222,28152.630058435563
GNQ,1975,120987.47178819444,9.345300444444444,12946.343727249408
GNQ,1980,123189.50173611111,10.311635777777777,11946.649822678204
GNQ,1985,149858.30902777778,11.518691666666667,13010.01132458861
GNQ,1990,181495.2751736111,12.846423999999999,14128.077601487474
GNQ,1995,234778.20746527778,12.86350511111111,18251.495641143985
GNQ,2000,359717.1545138889,12.883983666666666,27919.71519216887
GNQ,2005,485041.23350694444,16.36960433333333,29630.602159348335
GNQ,2010,624233.9288194444,22.165879666666665,28161.928974024675
GNQ,2015,788232.9001736111,28.934997444444445,27241.505781606793
GNQ,2020,1363837.0321180555,31.30391477777778,43567.61899589072
KEN,1975,10191002.162119547,275.453461,36997.18320881634
KEN,1980,12267470.14916314,332.5059151111111,36893.99072814632
KEN,1985,14840070.1296658,426.49913233333336,34795.07695238976
KEN,1990,17707814.99009196,551.0583112222222,32134.19456611921
KEN,1995,20567709.589301214,623.5135278888888,32986.789651445084
KEN,2000,23564876.16880968,738.6951148888888,31900.67958193307
KEN,2005,27199663.156548396,897.4118316666667,30309.008859436788
KEN,2010,31072255.473795574,1188.2179085555556,26150.300588861035
KEN,2015,34539928.446614586,1623.1790582222222,21279.18560287751
KEN,2020,37585209.32845052,2268.980988222222,16564.79693904313
LBR,1975,688189.5325520834,52.019491,13229.455331504172
LBR,1980,817514.0149739584,56.52390511111111,14463.15525027758
LBR,1985,1023756.7109375,62.22792966666667,16451.723790609907
LBR,1990,1392039.6629774305,68.6410078888889,20280.000334942106
LBR,1995,968967.5062934029,70.65266777777778,13714.521146477784
LBR,2000,1468104.1004774305,73.31397799999999,20024.886665915616
LBR,2005,1876250.515625,81.39161144444445,23052.13623772118
LBR,2010,2009935.5381944445,92.44766411111111,21741.333948456944
LBR,2015,2362630.155815972,104.63132811111112,22580.523428958342
LBR,2020,2693883.348090278,111.18322444444443,24229.224881280057
LSO,1975,303756.5220269097,19.641996555555558,15464.645926790725
LSO,1980,377042.31749131944,23.90073077777778,15775.346829222588
LSO,1985,456332.6015625,30.46054522222222,14981.104186854365
LSO,1990,527741.1365017361,38.22058255555556,13807.773226235826
LSO,1995,586808.5026041666,44.08146877777777,13311.909037386406
LSO,2000,614487.4529079861,50.951907777777784,12060.146120298743
LSO,2005,616376.9240451389,55.93890788888889,11018.75147919306
LSO,2010,631954.9034288194,61.58084455555556,10262.199357442998
LSO,2015,656028.3389756944,67.45825233333333,9724.953082597565
LSO,2020,676955.8962673611,72.41796322222223,9347.900246656343
MDG,1975,967890.5577256944,70.93116966666666,13645.489878063354
MDG,1980,1151755.4052530925,80.51567922222222,14304.734386879638
MDG,1985,1367491.257473416,92.71754844444443,14749.001461064354
MDG,1990,1640301.8185492621,106.39017955555556,15417.793497497745
MDG,1995,1989815.8931477866,116.87915166666667,17024.557970977057
MDG,2000,2341375.763970269,128.23785122222222,18258.070777503282
MDG,2005,2726124.3819444445,135.88812766666666,20061.53465173663
MDG,2010,3385780.660481771,144.66904544444446,23403.62895241451
MDG,2015,4147609.8374565975,152.89136722222221,27127.82227546041
MDG,2020,5070212.673339844,155.47889677777778,32610.29489157346
MLI,1975,1724141.3815294902,119.15388033333332,14469.871872457697
MLI,1980,1963470.4767506917,130.80311677777777,15010.88448898694
MLI,1985,2222653.5821236507,146.48794900000001,15172.94492343292
MLI,1990,2490535.854256524,164.16255533333333,15171.156718409211
MLI,1995,2903698.5444132485,187.36999155555554,15497.137616896869
MLI,2000,3493645.831190321,216.17321166666665,16161.326393102909
MLI,2005,4358261.3956977,238.71827877777778,18256.923675940183
MLI,2010,5428587.4296875,268.5883522222222,20211.551933555347
MLI,2015,6478580.311848958,301.97823733333337,21453.798687809714
MLI,2020,7754336.6863064235,327.2477254444444,23695.616755701016
MOZ,1980,4653507.146883541,227.3833621111111,20465.468993327664
MOZ,1985,5326274.469076687,263.86565777777776,20185.55394413003
MOZ,1990,5817695.332413409,305.1291121111111,19066.33979354591
MOZ,1995,6997725.444637722,351.0452298888889,19933.97103516435
MOZ,2000,8028475.483788384,411.93622344444447,19489.6079219679
MOZ,2005,9078923.236423068,473.06806311111114,19191.57927659697
MOZ,2010,10271497.835144043,553.9264076666667,18543.073038187893
MOZ,2015,11822686.100023057,642.9004012222222,18389.607593255303
MOZ,2020,13028718.234422471,697.6320782222222,18675.62952039647
MRT,1975,365528.46072048607,21.959616333333333,16645.48483780368
MRT,1980,505645.78895399306,24.39208011111111,20729.91670454791
MRT,1985,678483.4559461805,27.71789188888889,24478.176719426494
MRT,1990,845814.5470920139,31.658436888888893,26716.876454152036
MRT,1995,982149.9544270834,37.46523988888889,26214.965054003584
MRT,2000,1109239.2860243055,47.30989533333334,23446.242656190447
MRT,2005,1311231.5720486112,57.03608222222222,22989.509814854242
MRT,2010,1556889.6241319445,71.37486322222223,21812.856149154963
MRT,2015,1852441.9674479167,88.50414666666666,20930.566953261216
MRT,2020,2153259.1336805555,101.36490488888889,21242.64937693031
MUS,1975,697095.2521701389,22.29898877777778,31261.294362587163
MUS,1980,751218.7304687501,26.555138111111113,28289.01613411032
MUS,1985,805649.6493055555,32.25394377777778,24978.329932497418
MUS,1990,854385.2126736111,38.83537144444445,22000.18130110699
MUS,1995,903344.1414930555,39.08534477777778,23112.093461860866
MUS,2000,943156.0034722222,39.35748788888889,23963.826302503596
MUS,2005,967833.3871527778,43.32566477777777,22338.56980883974
MUS,2010,980215.1788194445,47.98650255555555,20426.893535002204
MUS,2015,982259.8854166667,52.471616222222224,18719.83285700032
MUS,2020,982257.2005208334,53.847232222222225,18241.554114929335
MWI,1975,1443397.8640407987,101.8752771111111,14168.28405253362
MWI,1980,1804060.2068142362,121.57237111111111,14839.393114784401
MWI,1985,2233166.029730903,150.11483155555555,14876.3850086621
MWI,1990,2789239.910698785,184.49381033333333,15118.338689299868
MWI,1995,3040766.6983506945,194.76247311111112,15612.69298842776
MWI,2000,3419207.4050564235,207.56338844444443,16473.075674285374
MWI,2005,3881486.334201389,227.38337711111112,17070.229070899484
MWI,2010,4447904.440755208,253.74614422222223,17528.953806919268
MWI,2015,5078941.349392361,284.5745103333333,17847.49218559033
MWI,2020,5702347.768880209,313.40730822222224,18194.68665624397
NAM,1975,261073.8548177083,27.641209666666665,9445.09513028096
NAM,1980,293920.5251736111,33.362831444444446,8809.819564117199
NAM,1985,335623.59917534725,41.28757344444444,8128.92527159423
NAM,1990,412505.07703993056,49.950987888888896,8258.19657375962
NAM,1995,499575.15190972225,57.82457444444445,8639.495520882634
NAM,2000,600792.2608506944,66.94853555555555,8973.941787750415
NAM,2005,690037.751736111,71.18879488888889,9693.066904884658
NAM,2010,783232.1549479167,76.49065,10239.580327110787
NAM,2015,891833.5403645833,82.70549322222222,10783.244324150353
NAM,2020,967290.9813368056,89.59376944444445,10796.409028605567
NER,1975,1831796.7445976883,51.32587655555556,35689.536497539135
NER,1980,2173115.5485597798,58.666112999999996,37042.09188973846
NER,1985,2582865.128704437,69.47416855555556,37177.344938486436
NER,1990,3048409.3745185304,81.63908466666668,37340.07291930356
NER,1995,3667759.384019049,91.50065544444445,40084.51487263899
NER,2000,4408626.960110094,103.49042822222222,42599.36919618854
NER,2005,5176617.810158189,115.92494033333334,44654.910283095414
NER,2010,6059219.250758617,132.37746422222224,45772.28674351245
NER,2015,6983571.853139235,152.27213566666666,45862.44109970793
NER,2020,7633325.360776908,177.2437558888889,43066.8224248312
NGA,1975,43091590.22467889,1718.3752747777778,25076.93799903606
NGA,1980,49379884.94571262,1931.2163716666666,25569.317695405145
NGA,1985,55871435.04979113,2217.185433888889,25199.261277751586
NGA,1990,62915477.6658393,2552.0097713333334,24653.305944423646
NGA,1995,71666432.50343153,2749.167228,26068.415108952235
NGA,2000,81178146.16582574,2983.9062815555553,27205.32701298727
NGA,2005,92437095.80268012,3424.2129002222223,26995.136837630977
NGA,2010,105096505.17529297,4040.0039195555555,26013.96119112051
NGA,2015,118792438.38764106,4698.991009555555,25280.414060395662
NGA,2020,131524162.79416233,4978.706378888889,26417.336710568365
RWA,1975,1834632.7398003472,67.03315988888889,27369.03262268034
RWA,1980,2189633.181315104,79.75389911111111,27454.873124943555
RWA,1985,2675088.925130208,99.8668291111111,26786.561152892154
RWA,1990,3187833.0262586805,125.91943966666666,25316.448633328553
RWA,1995,2603349.2981770835,141.40532922222224,18410.545857757956
RWA,2000,3781149.8561197915,162.5274991111111,23264.677527184664
RWA,2005,4321066.372395833,187.06058633333333,23099.822667592263
RWA,2010,4958518.043836805,221.62729222222222,22373.2284689242
RWA,2015,5596671.704861111,265.2931567777778,21096.178178275248
RWA,2020,6230227.888020833,313.88950366666666,19848.47475064662
SDN,1975,7497153.990370429,344.88082544444444,21738.390299631537
SDN,1980,9384003.496022874,374.73481944444444,25041.717526903263
SDN,1985,11197226.864649508,416.47040888888887,26886.00828693412
SDN,1990,12419195.806126105,463.91549533333335,26770.383682059688
SDN,1995,14049765.749728838,499.1162622222222,28149.28467202185
SDN,2000,15982075.016326904,556.7504202222223,28705.99542600757
SDN,2005,18095706.935787838,588.311006,30758.742826898324
SDN,2010,20624121.797907934,634.4065798888888,32509.312563435396
SDN,2015,22852374.287852816,703.5922721111111,32479.56976458089
SDN,2020,24542657.072926838,825.4316734444444,29733.117667405186
SEN,1975,3308250.5276150173,130.96287466666666,25260.979770300124
SEN,1980,3683430.8002387155,141.30967122222222,26066.37442702834
SEN,1985,4135459.4073350695,155.39374633333333,26612.778859608312
SEN,1990,4688053.655381944,171.63972622222224,27313.336828050597
SEN,1995,5405082.031467014,188.82349844444445,28625.049721008607
SEN,2000,6097063.5973307295,210.5058718888889,28963.864725583222
SEN,2005,6885428.1654730905,228.909314,30079.283560620388
SEN,2010,7817978.222005208,253.8806143333333,30793.91564627526
SEN,2015,8872426.110677084,283.958146,31245.541766134378
SEN,2020,9859088.678602431,315.186304,31280.193820231576
SLE,1975,1190099.90625,33.756761777777776,35255.15611018851
SLE,1980,1313120.0933159722,37.22098,35279.03062509296
SLE,1985,1469228.279513889,41.69102788888889,35240.87444976271
SLE,1990,1664380.6067708333,46.83196411111111,35539.41497781321
SLE,1995,1743211.6571180555,53.047022444444444,32861.63062109097
SLE,2000,1907839.3706597222,61.522370888888894,31010.498182934676
SLE,2005,2356907.509548611,71.05078877777778,33172.151218759864
SLE,2010,2720948.9348958335,84.79655466666667,32087.965667848443
SLE,2015,3133522.525173611,99.88033777777778,31372.766601423962
SLE,2020,3692077.980902778,104.95346055555555,35178.239586949414
SOM,1975,2497154.419060601,41.813862444444446,59720.73071169685
SOM,1980,3445214.1926540798,46.721501777777775,73739.37184298156
SOM,1985,3981089.660692003,53.564143111111115,74323.7813481643
SOM,1990,4353694.897115071,61.13216111111111,71217.74885729932
SOM,1995,4668376.619167752,70.08222966666666,66612.84381749886
SOM,2000,5659262.811686198,81.90871844444445,69092.31299381958
SOM,2005,6821012.852013482,93.45930755555555,72983.77262167097
SOM,2010,7833845.9317491315,108.71433455555555,72058.99722217271
SOM,2015,8941826.387586806,126.249218,70826.786329772
SOM,2020,10753707.426323785,143.04829355555555,75175.36322198332
SSA,1975,170783492.3783661,8204.740957333333,20815.22052511861
SSA,1980,203899024.99755308,9409.304783666666,21669.935206211554
SSA,1985,236970101.67925444,10810.952347111112,21919.447433562804
SSA,1990,274380879.74647856,12462.224450333333,22017.006742254554
SSA,1995,318252203.6110011,13777.055058888887,23100.16199040058
SSA,2000,366260686.9678918,15448.41370288889,23708.627566039366
SSA,2005,419580931.30190516,17143.70431233333,24474.344847400043
SSA,2010,479377501.21604526,19511.700999666667,24568.719109842594
SSA,2015,543605516.4521843,22325.41421533333,24349.179424354435
SSA,2020,602806241.1802518,24908.97137888889,24200.366687608323
SSD,1975,909798.9314129353,14.367463444444441,63323.55985667971
SSD,1980,1105428.8439835443,16.885172999999998,65467.42778315297
SSD,1985,1348041.417336146,20.640479999999997,65310.56532290656
SSD,1990,1435926.7423375447,24.82175044444444,57849.535855716866
SSD,1995,1691304.9250893062,28.027583666666665,60344.300286605976
SSD,2000,2046388.98535898,32.60708255555555,62759.03346680487
SSD,2005,2696531.6165330675,40.673180555555554,66297.53512513907
SSD,2010,3563340.9572211374,52.841985,67433.8966869079
SSD,2015,4168354.1561143664,70.18675511111111,59389.46955897215
SSD,2020,3789917.0445963545,96.68234911111112,39199.67894285268
STP,1975,65945.078125,5.616922333333333,11740.429048422544
STP,1980,74880.44010416666,5.622205888888888,13318.694047144761
STP,1985,82428.78211805556,5.627662555555555,14647.072617508478
STP,1990,92992.87239583333,5.634242888888889,16504.945603112286
STP,1995,103102.53602430556,5.634295111111111,18299.101128192986
STP,2000,112041.64149305556,5.634341777777777,19885.489008663855
STP,2005,125601.0373263889,5.655832888888888,22207.345901810007
STP,2010,141869.7873263889,5.677976,24985.97868789669
STP,2015,157484.34548611112,5.700344444444444,27627.163063732994
STP,2020,173150.78819444444,5.728341111111111,30227.038654976124
SWZ,1975,134466.859375,4.288639444444444,31354.20011798614
SWZ,1980,167799.18207465278,5.649560444444444,29701.280962426008
SWZ,1985,209704.37413194444,7.864851666666666,26663.487503614007
SWZ,1990,259393.32682291663,10.53815611111111,24614.678705454004
SWZ,1995,303848.3177083333,13.954446888888889,21774.300345094292
SWZ,2000,337397.07204861107,18.639132000000004,18101.544216147566
SWZ,2005,354799.6215277778,22.085694444444442,16064.680348641972
SWZ,2010,364063.22222222225,27.01121022222222,13478.226974173342
SWZ,2015,371397.9552951389,33.68501388888889,11025.613838848547
SWZ,2020,360483.65234375,43.29780755555556,8325.679120847222
SYC,1975,46891.37152777778,1.6804564444444443,27903.949360187064
SYC,1980,50531.95486111111,2.1609386666666666,23384.26149736987
SYC,1985,52209.30555555556,2.6589306666666666,19635.452029671414
SYC,1990,54292.37152777778,3.1989075555555555,16972.160209346468
SYC,1995,56507.18402777778,3.299398666666667,17126.50993002496
SYC,2000,59580.79861111111,3.401279555555556,17517.171887207413
SYC,2005,63289.93055555556,3.536240888888889,17897.516754137665
SYC,2010,67410.53472222222,3.675050222222222,18342.751975090167
SYC,2015,71323.47916666667,3.8063582222222223,18737.983921289127
SYC,2020,75978.5625,3.891102222222222,19526.23142771314
TCD,1975,1847347.0207502577,75.09043622222222,24601.62856536389
TCD,1980,2052398.3218044706,83.39272122222222,24611.240546225923
TCD,1985,2362059.338663737,95.14378977777777,24826.206147355195
TCD,1990,2792006.7208641903,108.59966899999999,25709.164185980993
TCD,1995,3347898.378377279,116.78772355555554,28666.52655306441
TCD,2000,4027340.27867296,127.19685122222222,31662.263963098438
TCD,2005,4796528.152133518,138.48427455555554,34635.9048168267
TCD,2010,5567808.166693794,153.40213044444445,36295.50743892837
TCD,2015,6391903.8538954,171.61541755555555,37245.510601203445
TCD,2020,7011821.857204861,192.19507377777776,36482.83860444914
TGO,1975,1422316.5890028211,57.68812644444444,24655.27443281693
TGO,1980,1632799.326171875,67.59847633333332,24154.380612373792
TGO,1985,1948637.728732639,82.07160055555556,23743.142762441625
TGO,1990,2296060.123263889,98.82273344444444,23234.128861196437
TGO,1995,2655101.144205729,123.920796,21425.791553225088
TGO,2000,3197556.2057834202,153.07236866666668,20889.179632063315
TGO,2005,3729427.9675564235,174.1006361111111,21421.10477515028
TGO,2010,4264557.187282986,201.1794458888889,21197.777777150728
TGO,2015,4780730.7284071185,230.22609355555554,20765.373092922186
TGO,2020,5230671.519314236,249.59017322222223,20957.041103766194
TZA,1975,4733595.819241636,380.81376766666665,12430.211880850486
TZA,1980,5928203.000998603,424.19602999999995,13975.149651915894
TZA,1985,7161576.90560574,487.3245616666666,14695.702759394893
TZA,1990,8546168.527492946,562.0510872222222,15205.323362561143
TZA,1995,10218489.426296657,624.6658445555555,16358.329041612682
TZA,2000,11859591.024902344,703.7662277777778,16851.605770214857
TZA,2005,13928563.706542969,785.9215527777777,17722.58777903922
TZA,2010,16338164.667209202,897.8848754444444,18196.28007334678
TZA,2015,19364169.636067707,1022.862799,18931.346075934187
TZA,2020,22728091.777669273,1094.799278,20760.053677774962
UGA,1975,4577252.980678982,191.91446133333332,23850.484996692463
UGA,1980,5264494.694444444,222.68974033333333,23640.490516376194
UGA,1985,6096521.347832574,271.79390266666667,22430.67739201444
UGA,1990,7229214.747775608,335.0333826666666,21577.595313742633
UGA,1995,8590076.56157769,391.7235832222222,21928.923683679768
UGA,2000,10022381.25922309,470.20672099999996,21314.840498043606
UGA,2005,11602116.546006944,540.000351,21485.38704562239
UGA,2010,13246284.262803819,638.4924224444444,20746.1886737683
UGA,2015,15102701.506293403,757.5018111111111,19937.512075569313
UGA,2020,17363728.20768229,868.277005,19997.913232404775
ZAF,1975,16419140.736165365,1449.0911172222222,11330.647563170069
ZAF,1980,18753734.97454834,1613.7509625555556,11621.207614866236
ZAF,1985,21390631.33296712,1841.079849888889,11618.524494881669
ZAF,1990,25061299.960869685,2108.7959254444445,11884.175068096183
ZAF,1995,28479641.400661893,2369.231291,12020.625216646225
ZAF,2000,31254110.84247504,2691.8787695555557,11610.51946170491
ZAF,2005,33579917.184543185,2846.210686111111,11798.113663336968
ZAF,2010,36111159.25526258,3040.438817888889,11876.956392872315
ZAF,2015,39356769.881510414,3257.62397,12081.43427355442
ZAF,2020,42335170.63113064,3451.993393,12263.977885061566
ZMB,1975,2313301.9934014217,210.04692577777777,11013.262797517986
ZMB,1980,2797597.339782715,234.09116344444445,11950.888271981497
ZMB,1985,3232925.6238064235,265.696755,12167.727166281815
ZMB,1990,3677198.201388889,300.304689,12244.891059256452
ZMB,1995,4186575.6476236978,327.7305666666666,12774.443623630157
ZMB,2000,4766864.981092664,358.5206638888889,13295.92813252736
ZMB,2005,5692709.996826172,390.517584,14577.34614282099
ZMB,2010,6859927.28374566,430.381083,15939.193321249346
ZMB,2015,8074586.928819445,471.19032088888895,17136.572146870367
ZMB,2020,9316373.602864584,491.5261791111111,18953.972339199834
ZWE,1975,1937089.5129152935,97.701754,19826.558210155505
ZWE,1980,2269749.794313219,110.36996866666667,20564.92197771835
ZWE,1985,2819672.7378849452,127.680483,22083.819481517356
ZWE,1990,3460003.1785329184,147.155774,23512.52067440397
ZWE,1995,3956010.7837592233,168.22916244444443,23515.606487464065
ZWE,2000,4311688.265428332,193.50712488888888,22281.80625340844
ZWE,2005,4503020.4716796875,209.42388077777775,21501.943593805798
ZWE,2010,4656145.620930989,230.4314567777778,20206.20659192923
ZWE,2015,4895089.452012803,259.52699099999995,18861.581345166538
ZWE,2020,4860522.838053386,307.2978987777778,15816.973879044544
