Year,Nat_Urban_Pop,Nat_Total_Pop,Nat_Urbanization_Rate,Cities,Towns,Int_Urban_Pop,Int_Total_Pop,Int_Urbanization_Rate
1950.0,180612.193807972,4213152.000000002,0.0428686631310648,0.0,1045467.0,1045467.0,4213152.0,0.24814367010732108
1951.0,185629.555567844,4260384.000000005,0.0435710855096263,10453.0,1048866.0,1059319.0,4260384.0,0.2486440189428934
1952.0,190890.694961141,4310351.000000001,0.0442865778126052,20901.0,1052947.0,1073848.0,4310351.0,0.24913237924243292
1953.0,196320.569622109,4361316.999999999,0.0450140564471945,31350.0,1057275.0,1088625.0,4361317.0,0.24960923500859947
1954.0,201945.908306067,4413875.999999997,0.0457525105612543,41814.0,1061987.0,1103801.0,4413876.0,0.2500752173373244
1955.0,207815.117601611,4469053.000000001,0.0465009293023848,52314.0,1067319.0,1119633.0,4469052.0,0.25053031381151974
1956.0,213921.980957557,4526653.999999997,0.0472583018179779,53914.0,1084205.0,1138119.0,4526654.0,0.25142610855612113
1957.0,220263.778241679,4586571.999999999,0.0480236172552571,55539.0,1101641.0,1157180.0,4586572.0,0.2522973584629218
1958.0,226767.843816123,4647280.000000003,0.0487958211719807,57174.0,1119265.0,1176439.0,4647280.0,0.25314571103957584
1959.0,233529.981009016,4710844.999999996,0.0495728433028503,58844.0,1137577.0,1196421.0,4710845.0,0.2539716335392058
1960.0,240637.557129345,4778621.000000005,0.0503571128845214,60568.0,1156911.0,1217479.0,4778621.0,0.25477622100601827
1961.0,248066.034173889,4848223.999999999,0.0511663722991943,63263.0,1178399.0,1241662.0,4848224.0,0.2561065660332526
1962.0,255766.750732613,4919672.000000003,0.0519885778427124,65979.0,1200327.0,1266306.0,4919671.0,0.257396480374399
1963.0,263783.367409096,4993623.999999996,0.052824034690857,68728.0,1222863.0,1291591.0,4993624.0,0.2586480279652613
1964.0,272176.44891674,5071033.999999999,0.0536727714538573,71524.0,1246247.0,1317771.0,5071034.0,0.2598623870398029
1965.0,281011.702690286,5152832.999999995,0.0545353794097899,74386.0,1270718.0,1345104.0,5152833.0,0.26104164447013906
1966.0,290242.628455687,5237932.999999998,0.0554116725921631,99764.0,1277344.0,1377108.0,5237933.0,0.2629105794213099
1967.0,299884.39583231,5326348.000000001,0.0563020658493042,125163.0,1284804.0,1409967.0,5326349.0,0.26471547395786493
1968.0,309982.59878252,5418643.999999999,0.0572066736221313,150644.0,1293205.0,1443849.0,5418644.0,0.2664594684574222
1969.0,320459.564722109,5513176.999999999,0.0581261157989502,176205.0,1302129.0,1478334.0,5513177.0,0.26814557196331623
1970.0,331345.07023284904,5610303.999999999,0.059060091972351,201884.0,1311645.0,1513529.0,5610303.000000001,0.26977669477031807
1971.0,342531.57228084095,5707999.000000001,0.0600090456008911,210886.0,1341951.0,1552837.0,5707999.000000001,0.2720457729582643
1972.0,354086.087819967,5807233.999999998,0.0609732770919799,219928.0,1372596.0,1592524.0,5807233.0,0.27423111833122593
1973.0,366262.85984664,5911927.0,0.0619532108306885,229168.0,1404519.0,1633687.0,5911927.0,0.27633747845668594
1974.0,379259.236347237,6024903.999999996,0.0629485940933228,238731.0,1438413.0,1677144.0,6024904.0,0.2783685847940482
1975.0,392420.701535441,6147569.000000001,0.0638334765393346,248696.0,1474645.0,1723341.0,6147569.0,0.2803288584479491
1976.0,410716.04847219,6280635.000000001,0.0653940323665027,296177.0,1506204.0,1802381.0,6280636.0,0.2869742809486173
1977.0,440140.753148488,6428733.999999998,0.0684646079847895,344118.0,1541370.0,1885488.0,6428735.0,0.29329067071515624
1978.0,479891.333486068,6590983.999999998,0.0728102713473539,392765.0,1579929.0,1972694.0,6590984.0,0.29930189483087805
1979.0,528543.740961915,6763901.999999995,0.0781418389802092,442146.0,1621045.0,2063191.0,6763902.0,0.3050297003120388
1980.0,584805.628227553,6947900.000000004,0.0841701274093686,492464.0,1664814.0,2157278.0,6947900.0,0.31049353041926336
1981.0,646951.0597817469,7140270.999999997,0.090605953160846,534121.0,1735992.0,2270113.0,7140272.0,0.31793088554609683
1982.0,713174.515009356,7340196.999999995,0.0971601327606543,576237.0,1808912.0,2385149.0,7340197.0,0.32494345860199664
1983.0,781870.1952397999,7551129.0,0.1035434827348069,619186.0,1884516.0,2503702.0,7551129.0,0.33156657766010883
1984.0,850804.14550944,7772256.0,0.109466819609318,663014.0,1962703.0,2625717.0,7772256.0,0.33783202714887417
1985.0,916644.222901644,7999934.000000004,0.114581473159859,707493.0,2042627.0,2750120.0,7999934.0,0.34376783608464767
1986.0,978353.402270699,8228846.999999999,0.118893133177795,739970.0,2137552.0,2877522.0,8228847.0,0.3496871432899409
1987.0,1037314.17562582,8457109.0,0.1226558834260998,772380.0,2232280.0,3004660.0,8457109.0,0.3552821655721831
1988.0,1095382.36239977,8687436.0,0.1260881072850228,804971.0,2327533.0,3132504.0,8687436.0,0.36057865634923814
1989.0,1153383.69267281,8921175.0,0.1292860741631915,837880.0,2423702.0,3261582.0,8921175.0,0.36560004707900023
1990.0,1212204.61891973,9159356.0,0.1323460534692319,871216.0,2521109.0,3392325.0,9159356.0,0.3703671961216487
1991.0,1271697.9217098202,9394632.0,0.1353643146117719,954023.0,2612598.0,3566621.0,9394632.0,0.37964456723797163
1992.0,1333049.30452464,9629276.0,0.1384371269994379,1036637.0,2703854.0,3740491.0,9629276.0,0.388449868920571
1993.0,1398434.36648522,9871712.999999998,0.1416607600408581,1120013.0,2797264.0,3917277.0,9871713.0,0.39681836374294915
1994.0,1469281.81879692,10123798.0,0.1451314831446578,1204509.0,2893419.0,4097928.0,10123798.0,0.4047816837119824
1995.0,1547056.18426081,10386722.0,0.1489455657194647,1290428.0,2992731.0,4283159.0,10386723.0,0.41236865563854935
1996.0,1632399.18509138,10655942.0,0.1531914480288443,1390675.0,3095720.0,4486395.0,10655942.0,0.42102284340511614
1997.0,1729152.06329508,10934223.0,0.158141283865811,1491702.0,3201188.0,4692890.0,10934223.0,0.4291928196452551
1998.0,1848312.91872207,11240664.0,0.164430937418116,1596411.0,3314839.0,4911250.0,11240663.0,0.43691817822489654
1999.0,1988968.1591563,11574928.0,0.1718341711634232,1705226.0,3436754.0,5141980.0,11574928.0,0.4442342967489733
2000.0,2146640.0591164404,11925546.0,0.1800035033294442,1816816.0,3563665.0,5380481.0,11925546.0,0.4511727177942209
2001.0,2318732.09270062,12295001.0,0.1885914521438932,1979922.0,3631063.0,5610985.0,12295000.0,0.4563631557543717
2002.0,2501313.53086131,12680896.000000011,0.1972505358344795,2145291.0,3703472.0,5848763.0,12680896.0,0.4612263202852543
2003.0,2690203.86943257,13082531.999999972,0.2056332726289204,2313223.0,3780518.0,6093741.0,13082532.0,0.4657921723409505
2004.0,2880908.391616,13500534.0,0.2133921807549242,2484193.0,3862236.0,6346429.0,13500535.0,0.47008722246933177
2005.0,3067571.97552145,13932124.000000048,0.2201797784402033,2658000.0,3947705.0,6605705.0,13932124.0,0.4741348124664983
2006.0,3241677.80371235,14373707.000000048,0.2255283069087424,2815780.0,4048717.0,6864497.0,14373707.0,0.4775731827565429
2007.0,3403924.2294093203,14816306.00000002,0.2297417608281926,2973693.0,4150037.000000001,7123730.000000001,14816305.0,0.48080341218677675
2008.0,3564805.4524592496,15258092.99999995,0.2336337478385576,3131385.0,4251149.0,7382534.0,15258092.0,0.48384385151170933
2009.0,3730391.70704702,15710066.00000002,0.2374523256011156,3291154.0,4355104.0,7646258.0,15710066.0,0.48671074965566663
2010.0,3900977.45566268,16176497.99999998,0.2411509249815803,3454041.0,4463037.0,7917078.0,16176498.0,0.48941853793076845
2011.0,4076885.2493684697,16661907.99999997,0.2446829768456576,3665857.0,4522556.0,8188413.0,16661908.0,0.49144509740421083
2012.0,4258760.010426841,17172287.00000004,0.2480019120590536,3882895.0,4589038.0,8471933.0,17172287.0,0.49334913864414215
2013.0,4442629.93653601,17695409.00000001,0.25106116148748,4102787.000000001,4658945.0,8761732.0,17695409.0,0.4951415364290252
2014.0,4626895.25798872,18229461.00000002,0.2538141559966427,4325319.0,4731657.0,9056976.0,18229461.0,0.49683180429745016
2015.0,4811061.184170879,18777486.999999978,0.2562143264522502,4551392.0,4807841.0,9359233.0,18777487.0,0.4984284105748549
2016.0,4992551.847451461,19334855.999999963,0.2582151037200106,4719300.0,4898210.0,9617510.0,19334855.0,0.4974182635452917
2017.0,5167968.48829098,19894406.99999998,0.2597699186656322,4887800.0,4989039.0,9876839.0,19894407.0,0.49646310141337713
2018.0,5330963.66731447,20438287.99999997,0.2608322021548222,5052483.0,5075885.0,10128368.0,20438288.0,0.4955585321040588
2019.0,5474994.68976884,20961952.00000004,0.2611872544011563,5212148.0,5157744.0,10369892.0,20961953.0,0.49470066076381336
2020.0,5661318.177873449,21478689.999999948,0.2635783736286274,5370032.0,5237991.0,10608023.0,21478690.0,0.49388593997119934
2021.0,5897239.35058444,21995243.00000004,0.2681143077430165,5587370.0,5384720.0,10972090.0,21995243.0,0.49883922628179195
2022.0,6140271.30761076,22509037.99999996,0.2727913697427127,5803977.0,5530767.0,11334744.0,22509039.0,0.5035641015149513
2023.0,6398229.44340097,23025775.99999997,0.2778724783651581,6021314.0,5677530.0,11698844.0,23025776.0,0.5080759927483008
2024.0,6672606.31910073,23548781.00000003,0.2833525148966616,6240297.0,5825840.0,12066137.0,23548782.0,0.5123890059366977
2025.0,6963003.15924047,24074579.999999966,0.2892263607190854,6460056.0,5974849.0,12434905.0,24074579.0,0.5165159897500181
2026.0,7269529.20483767,24601699.999999966,0.2954888973053764,6618741.0,6216557.0,12835298.0,24601700.0,0.5217240272013722
2027.0,7592927.95098038,25130910.99999998,0.3021350062073112,6777985.0,6458766.0,13236751.0,25130911.0,0.5267119445053146
2028.0,7933634.62034834,25661941.000000045,0.3091595690422765,6937718.0,6701436.0,13639154.0,25661941.0,0.5314934673102085
2029.0,8292098.453589921,26194607.00000002,0.3165574674813756,7097894.0,6944540.0,14042434.0,26194607.0,0.5360811101307991
2030.0,8669274.46083061,26730324.000000007,0.3243235832394178,7258901.0,7188476.0,14447377.0,26730324.0,0.5404864153535887
2031.0,9066274.710045312,27270863.00000001,0.3324527980667611,7398615.0,7505975.0,14904590.0,27270863.0,0.5465389929170925
2032.0,9483303.88575333,27815170.00000003,0.3409399937427425,7539354.0,7824445.0,15363799.0,27815170.0,0.5523532302696694
2033.0,9921109.27969744,28363851.00000004,0.3497800520704127,7681279.0,8144130.0,15825409.0,28363851.0,0.5579428900539634
2034.0,10380254.793014498,28916948.0,0.3589678548723226,7824399.0,8465120.0,16289519.0,28916948.0,0.5633208248671333
2035.0,10859550.8305366,29469746.0,0.3684982839871304,7967435.0,8786079.0,16753514.0,29469746.0,0.5684987580144056
2036.0,11358507.4233868,30019877.0,0.3783662212668892,8108052.0,9111442.0,17219494.0,30019877.0,0.5736030830506068
2037.0,11877531.2875542,30567560.0,0.3885665485748356,8248004.999999999,9436106.0,17684111.0,30567560.0,0.5785254367702231
2038.0,12416826.6502707,31112525.0,0.3990941477835919,8387224.0,9759945.0,18147169.0,31112525.0,0.5832753529326212
2039.0,12976721.7061725,31654872.0,0.4099439007737103,8525738.0,10082950.0,18608688.0,31654872.0,0.5878617357858847
2040.0,13557088.0412936,32193645.0,0.4211106894324516,8663292.0,10404776.0,19068068.0,32193645.0,0.59229291992255
2041.0,14158148.2508389,32728838.0,0.4325893956528154,8818177.0,10698934.0,19517111.0,32728838.0,0.5963276484181932
2042.0,14780330.4857319,33260948.0,0.444374901332695,8972235.0,10992131.0,19964366.0,33260948.0,0.6002344250681009
2043.0,15423214.0063163,33788598.0,0.4564620883741995,9125092.0,11283871.0,20408963.0,33788597.0,0.6040192494527074
2044.0,16086914.6415923,34311736.0,0.4688458386830763,9276729.0,11574091.0,20850820.0,34311735.0,0.6076877196679212
2045.0,16771228.3485586,34829690.0,0.4815210341682226,9426961.0,11862518.0,21289479.0,34829690.0,0.6112451474589639
2046.0,17474767.797406,35339503.0,0.4944825567412761,9586265.0,12133146.0,21719411.0,35339503.0,0.6145929952665152
2047.0,18197980.1589332,35842178.0,0.5077252883162736,9743645.0,12401384.0,22145029.0,35842177.0,0.6178483243358794
2048.0,18940294.0087106,36336706.0,0.5212441108093453,9898815.0,12666821.0,22565636.0,36336705.0,0.6210149214134854
2049.0,19701784.660384,36823432.0,0.5350339061384609,10051855.0,12929515.0,22981370.0,36823432.0,0.6240963634242457
2050.0,20483426.7610286,37304383.0,0.5490890108282611,10203306.0,13190126.0,23393432.0,37304384.0,0.6270960539115188
