iso3cd,hazard,Loss,GDP
AGO,Combined,71884938.2,74679601994.04178
AGO,Earthquake,16838212.7,74679601994.04178
AGO,Flood,55046725.5,74679601994.04178
BDI,Combined,16110863.8,2655762680.725733
BDI,Earthquake,13160566.8,2655762680.725733
BDI,Flood,2950297.0,2655762680.725733
BEN,Combined,41903218.199999996,13785250080.11231
BEN,Earthquake,3320245.3000000003,13785250080.11231
BEN,Flood,38582972.9,13785250080.11231
BFA,Combined,10366552.0,15343278446.667704
BFA,Flood,10366552.0,15343278446.667704
BWA,Combined,69223842.10000001,16621002397.151405
BWA,Earthquake,15390132.9,16621002397.151405
BWA,Flood,53833709.2,16621002397.151405
CAF,Combined,22479105.2,2171543490.0777946
CAF,Earthquake,2343956.8,2171543490.0777946
CAF,Flood,20135148.4,2171543490.0777946
CIV,Combined,71129888.9,57139238826.9115
CIV,Earthquake,6206052.600000001,57139238826.9115
CIV,Flood,64923836.300000004,57139238826.9115
CMR,Combined,143824529.7,38573952250.20608
CMR,Earthquake,38044677.8,38573952250.20608
CMR,Flood,105779851.9,38573952250.20608
COD,Combined,293856796.5,45787768227.2841
COD,Earthquake,54924912.4,45787768227.2841
COD,Flood,238931884.1,45787768227.2841
COG,Combined,365387550.3,13528337035.951433
COG,Flood,365387550.3,13528337035.951433
COM,Combined,3728174.7,1153752245.7063801
COM,Earthquake,3728174.7,1153752245.7063801
CPV,Combined,426589.6,2151339390.4249473
CPV,Earthquake,426589.6,2151339390.4249473
ERI,Combined,4733554.7,
ERI,Earthquake,2269634.5,
ERI,Flood,2463920.2,
ETH,Combined,182784204.79999998,87317562084.34373
ETH,Earthquake,51707321.9,87317562084.34373
ETH,Flood,131076882.89999999,87317562084.34373
GAB,Combined,82370808.0,16223739784.171967
GAB,Flood,82370808.0,16223739784.171967
GHA,Combined,117620731.2,65332464215.54028
GHA,Earthquake,13286167.8,65332464215.54028
GHA,Flood,104334563.4,65332464215.54028
GIN,Combined,44046508.7,11874853378.123579
GIN,Flood,44046508.7,11874853378.123579
GMB,Combined,1835155.1,1663063494.3372204
GMB,Earthquake,234949.5,1663063494.3372204
GMB,Flood,1600205.6,1663063494.3372204
GNB,Combined,1047351.8999999999,1537626725.209531
GNB,Earthquake,171850.2,1537626725.209531
GNB,Flood,875501.7,1537626725.209531
GNQ,Combined,31993684.5,12220686520.782143
GNQ,Earthquake,10349306.0,12220686520.782143
GNQ,Flood,21644378.5,12220686520.782143
KEN,Combined,184107843.3,91539309023.30585
KEN,Earthquake,59270431.4,91539309023.30585
KEN,Flood,124837411.9,91539309023.30585
LBR,Combined,21614075.400000002,3377684900.0
LBR,Earthquake,1463514.0999999999,3377684900.0
LBR,Flood,20150561.3,3377684900.0
LSO,Combined,30290797.1,2417897086.70523
LSO,Earthquake,9827211.9,2417897086.70523
LSO,Flood,20463585.2,2417897086.70523
MDG,Combined,63539035.2,13680337184.783258
MDG,Flood,63539035.2,13680337184.783258
MLI,Combined,50053568.300000004,19717933101.944912
MLI,Flood,50053568.300000004,19717933101.944912
MOZ,Combined,61754644.6,14598252881.764639
MOZ,Earthquake,15406736.0,14598252881.764639
MOZ,Flood,46347908.6,14598252881.764639
MRT,Combined,25050853.1,7389483780.395058
MRT,Flood,25050853.1,7389483780.395058
MWI,Combined,37663075.099999994,9958213654.97345
MWI,Earthquake,18694773.9,9958213654.97345
MWI,Flood,18968301.2,9958213654.97345
NAM,Combined,38371486.7,13039700250.265114
NAM,Earthquake,4287865.5,13039700250.265114
NAM,Flood,34083621.2,13039700250.265114
NER,Combined,90701864.0,12303989103.268768
NER,Flood,90701864.0,12303989103.268768
NGA,Combined,1074591779.1000001,424000824468.9891
NGA,Earthquake,95082396.4,424000824468.9891
NGA,Flood,979509382.7,424000824468.9891
RWA,Combined,61751492.7,9746679563.316599
RWA,Earthquake,41440914.300000004,9746679563.316599
RWA,Flood,20310578.400000002,9746679563.316599
SDN,Combined,3923649627.2,35318492508.25738
SDN,Flood,3923649627.2,35318492508.25738
SEN,Combined,20280206.4,22505753497.290478
SEN,Earthquake,4880103.7,22505753497.290478
SEN,Flood,15400102.7,22505753497.290478
SLE,Combined,11553903.299999999,6222181593.735847
SLE,Earthquake,720746.2000000001,6222181593.735847
SLE,Flood,10833157.1,6222181593.735847
SOM,Combined,78054288.7,8049988833.3345
SOM,Earthquake,4712591.8,8049988833.3345
SOM,Flood,73341696.9,8049988833.3345
SSD,Combined,52752688.3,
SSD,Earthquake,23375097.7,
SSD,Flood,29377590.6,
SWZ,Combined,15525096.0,4575122154.168693
SWZ,Earthquake,4559731.899999999,4575122154.168693
SWZ,Flood,10965364.1,4575122154.168693
SYC,Combined,269.0,1776124888.1722562
SYC,Earthquake,269.0,1776124888.1722562
TCD,Combined,42237032.3,14527186466.810217
TCD,Flood,42237032.3,14527186466.810217
TGO,Combined,11225356.700000001,6803141000.714813
TGO,Earthquake,1447672.9,6803141000.714813
TGO,Flood,9777683.8,6803141000.714813
TZA,Combined,315707068.0,57101776450.265236
TZA,Earthquake,187594255.29999998,57101776450.265236
TZA,Flood,128112812.7,57101776450.265236
UGA,Combined,120615381.5,33008186823.02234
UGA,Earthquake,74306537.6,33008186823.02234
UGA,Flood,46308843.9,33008186823.02234
ZAF,Combined,1681518186.8,392013190256.7475
ZAF,Earthquake,1012636258.0,392013190256.7475
ZAF,Flood,668881928.8,392013190256.7475
ZMB,Combined,151048811.3,25164592105.24487
ZMB,Earthquake,91895010.5,25164592105.24487
ZMB,Flood,59153800.8,25164592105.24487
ZWE,Combined,93762329.0,36982147026.26681
ZWE,Earthquake,14025881.1,36982147026.26681
ZWE,Flood,79736447.9,36982147026.26681
