iso3cd,hazard,sector,Loss,RP,Buildings_Loss,Total_AAL,Buildings_AAL,Scaling_Factor,GDP
AGO,Earthquake,all_assets,26928554.014172457,10.0,11230213.6,16838212.7,7022164.1,2.397866592152126,79450688259.36636
AGO,Earthquake,all_assets,65394633.04751897,25.0,27272006.4,16838212.7,7022164.1,2.397866592152126,79450688259.36636
AGO,Earthquake,all_assets,132700976.26581755,50.0,55341267.4,16838212.7,7022164.1,2.397866592152126,79450688259.36636
AGO,Earthquake,all_assets,265355984.70970356,100.0,110663364.5,16838212.7,7022164.1,2.397866592152126,79450688259.36636
AGO,Earthquake,all_assets,663045442.4168583,250.0,276514733.8,16838212.7,7022164.1,2.397866592152126,79450688259.36636
AGO,Earthquake,all_assets,1236757077.7683024,500.0,515773930.8,16838212.7,7022164.1,2.397866592152126,79450688259.36636
AGO,Earthquake,all_assets,1836410747.8907623,1000.0,765851926.0,16838212.7,7022164.1,2.397866592152126,79450688259.36636
AGO,Earthquake,all_assets,3084423051.5228515,2500.0,1286319706.7,16838212.7,7022164.1,2.397866592152126,79450688259.36636
AGO,Earthquake,all_assets,4552719128.059092,5000.0,1898654054.8,16838212.7,7022164.1,2.397866592152126,79450688259.36636
AGO,Flood,all_assets,142077463.41071978,10.0,95431655.6,55046725.5,36974197.199999996,1.488787578057273,79450688259.36636
AGO,Flood,all_assets,291227113.85797006,25.0,195613610.8,55046725.5,36974197.199999996,1.488787578057273,79450688259.36636
AGO,Flood,all_assets,404518282.12025285,50.0,271709871.9,55046725.5,36974197.199999996,1.488787578057273,79450688259.36636
AGO,Flood,all_assets,449819629.6856081,100.0,302138220.6,55046725.5,36974197.199999996,1.488787578057273,79450688259.36636
AGO,Flood,all_assets,477234670.6334888,250.0,320552560.8,55046725.5,36974197.199999996,1.488787578057273,79450688259.36636
AGO,Flood,all_assets,499879492.51327264,500.0,335762804.5,55046725.5,36974197.199999996,1.488787578057273,79450688259.36636
AGO,Flood,all_assets,528480392.8154618,1000.0,354973671.6,55046725.5,36974197.199999996,1.488787578057273,79450688259.36636
AGO,Flood,all_assets,573758110.1954993,2500.0,385386148.2,55046725.5,36974197.199999996,1.488787578057273,79450688259.36636
AGO,Flood,all_assets,615453636.5786134,5000.0,413392511.9,55046725.5,36974197.199999996,1.488787578057273,79450688259.36636
BDI,Earthquake,all_assets,31090427.721325472,10.0,15128963.8,13160566.8,6404084.9,2.0550269094652385,2667182199.51333
BDI,Earthquake,all_assets,77474347.82415713,25.0,37699918.9,13160566.8,6404084.9,2.0550269094652385,2667182199.51333
BDI,Earthquake,all_assets,154116831.03049728,50.0,74995042.8,13160566.8,6404084.9,2.0550269094652385,2667182199.51333
BDI,Earthquake,all_assets,303466668.5422942,100.0,147670411.1,13160566.8,6404084.9,2.0550269094652385,2667182199.51333
BDI,Earthquake,all_assets,736047271.8046896,250.0,358169164.8,13160566.8,6404084.9,2.0550269094652385,2667182199.51333
BDI,Earthquake,all_assets,1318574964.0220664,500.0,641633916.3,13160566.8,6404084.9,2.0550269094652385,2667182199.51333
BDI,Earthquake,all_assets,1865112600.0691347,1000.0,907585487.8,13160566.8,6404084.9,2.0550269094652385,2667182199.51333
BDI,Earthquake,all_assets,2856374181.216089,2500.0,1389944904.4,13160566.8,6404084.9,2.0550269094652385,2667182199.51333
BDI,Earthquake,all_assets,3834022160.1542883,5000.0,1865679783.8,13160566.8,6404084.9,2.0550269094652385,2667182199.51333
BDI,Flood,all_assets,11576706.436186623,10.0,5302603.1,2950297.0,1351356.2000000002,2.1832119466355353,2667182199.51333
BDI,Flood,all_assets,23135848.277298983,25.0,10597160.9,2950297.0,1351356.2000000002,2.1832119466355353,2667182199.51333
BDI,Flood,all_assets,31381646.58548412,50.0,14374072.4,2950297.0,1351356.2000000002,2.1832119466355353,2667182199.51333
BDI,Flood,all_assets,36324839.707022764,100.0,16638256.2,2950297.0,1351356.2000000002,2.1832119466355353,2667182199.51333
BDI,Flood,all_assets,37971857.20109776,250.0,17392657.3,2950297.0,1351356.2000000002,2.1832119466355353,2667182199.51333
BDI,Flood,all_assets,37971857.20109776,500.0,17392657.3,2950297.0,1351356.2000000002,2.1832119466355353,2667182199.51333
BDI,Flood,all_assets,39618518.176661864,1000.0,18146895.1,2950297.0,1351356.2000000002,2.1832119466355353,2667182199.51333
BDI,Flood,all_assets,42910770.57225741,2500.0,19654880.8,2950297.0,1351356.2000000002,2.1832119466355353,2667182199.51333
BDI,Flood,all_assets,44556362.42893124,5000.0,20408628.9,2950297.0,1351356.2000000002,2.1832119466355353,2667182199.51333
BEN,Earthquake,all_assets,5097692.995239654,10.0,2392986.3,3320245.3000000003,1558607.3,2.1302641787960317,14262408089.926104
BEN,Earthquake,all_assets,13592805.64904306,25.0,6380807.5,3320245.3000000003,1558607.3,2.1302641787960317,14262408089.926104
BEN,Earthquake,all_assets,27182276.156487796,50.0,12760049.4,3320245.3000000003,1558607.3,2.1302641787960317,14262408089.926104
BEN,Earthquake,all_assets,54351217.28526916,100.0,25513839.0,3320245.3000000003,1558607.3,2.1302641787960317,14262408089.926104
BEN,Earthquake,all_assets,134082954.80026865,250.0,62941937.5,3320245.3000000003,1558607.3,2.1302641787960317,14262408089.926104
BEN,Earthquake,all_assets,254311274.67246336,500.0,119380158.2,3320245.3000000003,1558607.3,2.1302641787960317,14262408089.926104
BEN,Earthquake,all_assets,406338399.6481623,1000.0,190745544.0,3320245.3000000003,1558607.3,2.1302641787960317,14262408089.926104
BEN,Earthquake,all_assets,752742488.7242467,2500.0,353356403.5,3320245.3000000003,1558607.3,2.1302641787960317,14262408089.926104
BEN,Earthquake,all_assets,1196837665.9663253,5000.0,561825935.9,3320245.3000000003,1558607.3,2.1302641787960317,14262408089.926104
BEN,Flood,all_assets,104597071.99114709,10.0,56575004.1,38582972.9,20868957.5,1.8488212887490905,14262408089.926104
BEN,Flood,all_assets,213371818.21684572,25.0,115409650.2,38582972.9,20868957.5,1.8488212887490905,14262408089.926104
BEN,Flood,all_assets,296989939.17918885,50.0,160637451.0,38582972.9,20868957.5,1.8488212887490905,14262408089.926104
BEN,Flood,all_assets,329224626.99199593,100.0,178072715.3,38582972.9,20868957.5,1.8488212887490905,14262408089.926104
BEN,Flood,all_assets,348262208.62086064,250.0,188369860.7,38582972.9,20868957.5,1.8488212887490905,14262408089.926104
BEN,Flood,all_assets,364365024.0273718,500.0,197079634.6,38582972.9,20868957.5,1.8488212887490905,14262408089.926104
BEN,Flood,all_assets,383388646.50086015,1000.0,207369229.7,38582972.9,20868957.5,1.8488212887490905,14262408089.926104
BEN,Flood,all_assets,412641007.71830696,2500.0,223191397.8,38582972.9,20868957.5,1.8488212887490905,14262408089.926104
BEN,Flood,all_assets,440414203.1940626,5000.0,238213507.1,38582972.9,20868957.5,1.8488212887490905,14262408089.926104
BFA,Flood,all_assets,27371311.360977013,10.0,18560393.0,10366552.0,7029523.6,1.4747161528841017,15890066221.288244
BFA,Flood,all_assets,54722962.98597669,25.0,37107454.8,10366552.0,7029523.6,1.4747161528841017,15890066221.288244
BFA,Flood,all_assets,75844878.25923043,50.0,51430153.6,10366552.0,7029523.6,1.4747161528841017,15890066221.288244
BFA,Flood,all_assets,84538731.39821902,100.0,57325425.8,10366552.0,7029523.6,1.4747161528841017,15890066221.288244
BFA,Flood,all_assets,89505755.9063898,250.0,60693548.2,10366552.0,7029523.6,1.4747161528841017,15890066221.288244
BFA,Flood,all_assets,93230598.83190776,500.0,63219351.5,10366552.0,7029523.6,1.4747161528841017,15890066221.288244
BFA,Flood,all_assets,98196488.69347051,1000.0,66586704.5,10366552.0,7029523.6,1.4747161528841017,15890066221.288244
BFA,Flood,all_assets,105644108.61464787,2500.0,71636910.2,10366552.0,7029523.6,1.4747161528841017,15890066221.288244
BFA,Flood,all_assets,113090270.63143648,5000.0,76686127.3,10366552.0,7029523.6,1.4747161528841017,15890066221.288244
BWA,Earthquake,all_assets,24094468.603674877,10.0,15265639.4,15390132.9,9750794.8,1.5783465056612616,17031943186.13526
BWA,Earthquake,all_assets,60790773.903204806,25.0,38515480.4,15390132.9,9750794.8,1.5783465056612616,17031943186.13526
BWA,Earthquake,all_assets,121518412.52567132,50.0,76990959.9,15390132.9,9750794.8,1.5783465056612616,17031943186.13526
BWA,Earthquake,all_assets,242784677.41017327,100.0,153822165.5,15390132.9,9750794.8,1.5783465056612616,17031943186.13526
BWA,Earthquake,all_assets,605078408.8176143,250.0,383362212.7,15390132.9,9750794.8,1.5783465056612616,17031943186.13526
BWA,Earthquake,all_assets,1036197789.9000233,500.0,656508432.2,15390132.9,9750794.8,1.5783465056612616,17031943186.13526
BWA,Earthquake,all_assets,1370058600.0517476,1000.0,868034107.3,15390132.9,9750794.8,1.5783465056612616,17031943186.13526
BWA,Earthquake,all_assets,1962195105.265594,2500.0,1243196660.7,15390132.9,9750794.8,1.5783465056612616,17031943186.13526
BWA,Earthquake,all_assets,2559278641.977135,5000.0,1621493526.8,15390132.9,9750794.8,1.5783465056612616,17031943186.13526
BWA,Flood,all_assets,134542919.22626898,10.0,79167622.4,53833709.2,31676782.3,1.6994689893108241,17031943186.13526
BWA,Flood,all_assets,274950435.54913336,25.0,161786085.7,53833709.2,31676782.3,1.6994689893108241,17031943186.13526
BWA,Flood,all_assets,381892938.6538669,50.0,224713096.3,53833709.2,31676782.3,1.6994689893108241,17031943186.13526
BWA,Flood,all_assets,427319106.92743355,100.0,251442721.0,53833709.2,31676782.3,1.6994689893108241,17031943186.13526
BWA,Flood,all_assets,455540437.9798594,250.0,268048691.0,53833709.2,31676782.3,1.6994689893108241,17031943186.13526
BWA,Flood,all_assets,481296662.7515736,500.0,283204145.4,53833709.2,31676782.3,1.6994689893108241,17031943186.13526
BWA,Flood,all_assets,513170682.04661864,1000.0,301959426.9,53833709.2,31676782.3,1.6994689893108241,17031943186.13526
BWA,Flood,all_assets,565849891.9977915,2500.0,332956879.8,53833709.2,31676782.3,1.6994689893108241,17031943186.13526
BWA,Flood,all_assets,616037726.1263506,5000.0,362488359.6,53833709.2,31676782.3,1.6994689893108241,17031943186.13526
CAF,Earthquake,all_assets,3938352.4110202882,10.0,2778161.8,2343956.8,1653455.7,1.4176108860975227,2220979146.1124053
CAF,Earthquake,all_assets,10499307.643095171,25.0,7406339.6,2343956.8,1653455.7,1.4176108860975227,2220979146.1124053
CAF,Earthquake,all_assets,19678423.328990884,50.0,13881399.7,2343956.8,1653455.7,1.4176108860975227,2220979146.1124053
CAF,Earthquake,all_assets,39323551.2311,100.0,27739312.4,2343956.8,1653455.7,1.4176108860975227,2220979146.1124053
CAF,Earthquake,all_assets,99361881.85388175,250.0,70091082.7,2343956.8,1653455.7,1.4176108860975227,2220979146.1124053
CAF,Earthquake,all_assets,183670852.59046075,500.0,129563658.4,2343956.8,1653455.7,1.4176108860975227,2220979146.1124053
CAF,Earthquake,all_assets,269933408.36450243,1000.0,190414316.8,2343956.8,1653455.7,1.4176108860975227,2220979146.1124053
CAF,Earthquake,all_assets,448116245.077389,2500.0,316106661.9,2343956.8,1653455.7,1.4176108860975227,2220979146.1124053
CAF,Earthquake,all_assets,652120405.1998982,5000.0,460013683.3,2343956.8,1653455.7,1.4176108860975227,2220979146.1124053
CAF,Flood,all_assets,56015881.24362285,10.0,40652226.2,20135148.4,14612616.799999999,1.3779289962630101,2220979146.1124053
CAF,Flood,all_assets,113018240.45771183,25.0,82020365.9,20135148.4,14612616.799999999,1.3779289962630101,2220979146.1124053
CAF,Flood,all_assets,157154426.0509113,50.0,114051178.6,20135148.4,14612616.799999999,1.3779289962630101,2220979146.1124053
CAF,Flood,all_assets,173503752.97789767,100.0,125916323.3,20135148.4,14612616.799999999,1.3779289962630101,2220979146.1124053
CAF,Flood,all_assets,182297369.8140477,250.0,132298086.7,20135148.4,14612616.799999999,1.3779289962630101,2220979146.1124053
CAF,Flood,all_assets,191084090.52895012,500.0,138674845.4,20135148.4,14612616.799999999,1.3779289962630101,2220979146.1124053
CAF,Flood,all_assets,199863922.9768002,1000.0,145046605.1,20135148.4,14612616.799999999,1.3779289962630101,2220979146.1124053
CAF,Flood,all_assets,213646905.1001758,2500.0,155049284.6,20135148.4,14612616.799999999,1.3779289962630101,2220979146.1124053
CAF,Flood,all_assets,226162172.15364027,5000.0,164131949.3,20135148.4,14612616.799999999,1.3779289962630101,2220979146.1124053
CIV,Earthquake,all_assets,9512978.251254864,10.0,4090987.9,6206052.600000001,2668868.3000000003,2.3253498870663645,58522477786.68885
CIV,Earthquake,all_assets,24732533.480702408,25.0,10636048.2,6206052.600000001,2668868.3000000003,2.3253498870663645,58522477786.68885
CIV,Earthquake,all_assets,49461135.25981577,50.0,21270405.6,6206052.600000001,2668868.3000000003,2.3253498870663645,58522477786.68885
CIV,Earthquake,all_assets,97005092.32119678,100.0,41716342.5,6206052.600000001,2668868.3000000003,2.3253498870663645,58522477786.68885
CIV,Earthquake,all_assets,243349217.4073844,250.0,104650581.3,6206052.600000001,2668868.3000000003,2.3253498870663645,58522477786.68885
CIV,Earthquake,all_assets,457864820.7941707,500.0,196901474.2,6206052.600000001,2668868.3000000003,2.3253498870663645,58522477786.68885
CIV,Earthquake,all_assets,719438471.4792368,1000.0,309389342.0,6206052.600000001,2668868.3000000003,2.3253498870663645,58522477786.68885
CIV,Earthquake,all_assets,1301655032.0041637,2500.0,559767387.8,6206052.600000001,2668868.3000000003,2.3253498870663645,58522477786.68885
CIV,Earthquake,all_assets,2035751295.5713608,5000.0,875460207.9,6206052.600000001,2668868.3000000003,2.3253498870663645,58522477786.68885
CIV,Flood,all_assets,169341507.77993977,10.0,96480649.7,64923836.300000004,36989713.8,1.755186229637711,58522477786.68885
CIV,Flood,all_assets,345598756.111205,25.0,196901474.2,64923836.300000004,36989713.8,1.755186229637711,58522477786.68885
CIV,Flood,all_assets,478690769.34884053,50.0,272729332.8,64923836.300000004,36989713.8,1.755186229637711,58522477786.68885
CIV,Flood,all_assets,531599358.4346361,100.0,302873478.3,64923836.300000004,36989713.8,1.755186229637711,58522477786.68885
CIV,Flood,all_assets,558759352.3677497,250.0,318347616.3,64923836.300000004,36989713.8,1.755186229637711,58522477786.68885
CIV,Flood,all_assets,583055063.3337948,500.0,332189857.4,64923836.300000004,36989713.8,1.755186229637711,58522477786.68885
CIV,Flood,all_assets,610203131.303034,1000.0,347657200.7,64923836.300000004,36989713.8,1.755186229637711,58522477786.68885
CIV,Flood,all_assets,654483842.3584461,2500.0,372885698.0,64923836.300000004,36989713.8,1.755186229637711,58522477786.68885
CIV,Flood,all_assets,693037275.6108953,5000.0,394851135.4,64923836.300000004,36989713.8,1.755186229637711,58522477786.68885
CMR,Earthquake,all_assets,61779334.20017664,10.0,42246827.9,38044677.8,26016255.7,1.4623425537749462,39955552189.79499
CMR,Earthquake,all_assets,154380763.0638969,25.0,105570861.4,38044677.8,26016255.7,1.4623425537749462,39955552189.79499
CMR,Earthquake,all_assets,309721490.69491446,50.0,211798179.5,38044677.8,26016255.7,1.4623425537749462,39955552189.79499
CMR,Earthquake,all_assets,618538126.225487,100.0,422977588.0,38044677.8,26016255.7,1.4623425537749462,39955552189.79499
CMR,Earthquake,all_assets,1539598383.4715285,250.0,1052830186.4,38044677.8,26016255.7,1.4623425537749462,39955552189.79499
CMR,Earthquake,all_assets,2843195064.8426204,500.0,1944274313.5,38044677.8,26016255.7,1.4623425537749462,39955552189.79499
CMR,Earthquake,all_assets,4141002683.00553,1000.0,2831759680.6,38044677.8,26016255.7,1.4623425537749462,39955552189.79499
CMR,Earthquake,all_assets,6742311996.517654,2500.0,4610624220.1,38044677.8,26016255.7,1.4623425537749462,39955552189.79499
CMR,Earthquake,all_assets,9678282260.974596,5000.0,6618341397.5,38044677.8,26016255.7,1.4623425537749462,39955552189.79499
CMR,Flood,all_assets,282349960.43870616,10.0,198832214.1,105779851.9,74490685.7,1.4200413233677618,39955552189.79499
CMR,Flood,all_assets,574254345.1522706,25.0,404392700.2,105779851.9,74490685.7,1.4200413233677618,39955552189.79499
CMR,Flood,all_assets,795501343.2276613,50.0,560195911.3,105779851.9,74490685.7,1.4200413233677618,39955552189.79499
CMR,Flood,all_assets,881349373.1313218,100.0,620650511.1,105779851.9,74490685.7,1.4200413233677618,39955552189.79499
CMR,Flood,all_assets,923674561.9112407,250.0,650456114.7,105779851.9,74490685.7,1.4200413233677618,39955552189.79499
CMR,Flood,all_assets,960266019.308909,500.0,676223996.8,105779851.9,74490685.7,1.4200413233677618,39955552189.79499
CMR,Flood,all_assets,1001415772.717522,1000.0,705201853.1,105779851.9,74490685.7,1.4200413233677618,39955552189.79499
CMR,Flood,all_assets,1065393615.6981978,2500.0,750255361.0,105779851.9,74490685.7,1.4200413233677618,39955552189.79499
CMR,Flood,all_assets,1122482887.4946506,5000.0,790457903.6,105779851.9,74490685.7,1.4200413233677618,39955552189.79499
COD,Earthquake,all_assets,101649722.04526952,10.0,61543221.6,54924912.4,33253962.599999998,1.651680224118614,47568210009.81716
COD,Earthquake,all_assets,253250076.3862606,25.0,153328757.4,54924912.4,33253962.599999998,1.651680224118614,47568210009.81716
COD,Earthquake,all_assets,505906850.7371993,50.0,306298303.6,54924912.4,33253962.599999998,1.651680224118614,47568210009.81716
COD,Earthquake,all_assets,1010828928.5979413,100.0,612000382.3,54924912.4,33253962.599999998,1.651680224118614,47568210009.81716
COD,Earthquake,all_assets,2508771951.1248927,250.0,1518921105.0,54924912.4,33253962.599999998,1.651680224118614,47568210009.81716
COD,Earthquake,all_assets,4645607584.868756,500.0,2812655571.6,54924912.4,33253962.599999998,1.651680224118614,47568210009.81716
COD,Earthquake,all_assets,6729620598.165818,1000.0,4074408895.8,54924912.4,33253962.599999998,1.651680224118614,47568210009.81716
COD,Earthquake,all_assets,10852131525.035475,2500.0,6570358696.9,54924912.4,33253962.599999998,1.651680224118614,47568210009.81716
COD,Earthquake,all_assets,15422572612.074154,5000.0,9337505158.0,54924912.4,33253962.599999998,1.651680224118614,47568210009.81716
COD,Flood,all_assets,718737961.4557447,10.0,463934970.7,238931884.1,154227079.4,1.5492213496458132,47568210009.81716
COD,Flood,all_assets,1456867529.6434488,25.0,940386943.4,238931884.1,154227079.4,1.5492213496458132,47568210009.81716
COD,Flood,all_assets,2015577273.1504948,50.0,1301026011.3,238931884.1,154227079.4,1.5492213496458132,47568210009.81716
COD,Flood,all_assets,2239470818.97792,100.0,1445546060.6,238931884.1,154227079.4,1.5492213496458132,47568210009.81716
COD,Flood,all_assets,2365909322.500849,250.0,1527160288.0,238931884.1,154227079.4,1.5492213496458132,47568210009.81716
COD,Flood,all_assets,2474340346.009273,500.0,1597150947.2,238931884.1,154227079.4,1.5492213496458132,47568210009.81716
COD,Flood,all_assets,2601755964.042067,1000.0,1679395887.9,238931884.1,154227079.4,1.5492213496458132,47568210009.81716
COD,Flood,all_assets,2804012979.6180534,2500.0,1809949869.5,238931884.1,154227079.4,1.5492213496458132,47568210009.81716
COD,Flood,all_assets,2988104802.12231,5000.0,1928778481.4,238931884.1,154227079.4,1.5492213496458132,47568210009.81716
COG,Flood,all_assets,923206378.9282691,10.0,760556773.3,365387550.3,301013925.6,1.2138559688615282,14773900288.513496
COG,Flood,all_assets,1865293551.6126912,25.0,1536667940.4,365387550.3,301013925.6,1.2138559688615282,14773900288.513496
COG,Flood,all_assets,2572228762.6629744,50.0,2119055990.7,365387550.3,301013925.6,1.2138559688615282,14773900288.513496
COG,Flood,all_assets,2847915765.371668,100.0,2346172724.3,365387550.3,301013925.6,1.2138559688615282,14773900288.513496
COG,Flood,all_assets,2988076973.9376445,250.0,2461640466.9,365387550.3,301013925.6,1.2138559688615282,14773900288.513496
COG,Flood,all_assets,3104512900.5004454,500.0,2557562824.7,365387550.3,301013925.6,1.2138559688615282,14773900288.513496
COG,Flood,all_assets,3236766357.566572,1000.0,2666515995.8,365387550.3,301013925.6,1.2138559688615282,14773900288.513496
COG,Flood,all_assets,3442177983.576768,2500.0,2835738400.5,365387550.3,301013925.6,1.2138559688615282,14773900288.513496
COG,Flood,all_assets,3623734217.882669,5000.0,2985308233.3,365387550.3,301013925.6,1.2138559688615282,14773900288.513496
COM,Earthquake,all_assets,6629622.27531584,10.0,4119437.7,3728174.7,2316569.9000000004,1.609351265420482,1188797449.9602897
COM,Earthquake,all_assets,15899610.932601392,25.0,9879515.6,3728174.7,2316569.9000000004,1.609351265420482,1188797449.9602897
COM,Earthquake,all_assets,31759930.358733177,50.0,19734616.7,3728174.7,2316569.9000000004,1.609351265420482,1188797449.9602897
COM,Earthquake,all_assets,63363275.667394735,100.0,39371936.4,3728174.7,2316569.9000000004,1.609351265420482,1188797449.9602897
COM,Earthquake,all_assets,155950819.5439461,250.0,96902909.2,3728174.7,2316569.9000000004,1.609351265420482,1188797449.9602897
COM,Earthquake,all_assets,294245550.4799909,500.0,182834883.1,3728174.7,2316569.9000000004,1.609351265420482,1188797449.9602897
COM,Earthquake,all_assets,446887438.7315948,1000.0,277681727.0,3728174.7,2316569.9000000004,1.609351265420482,1188797449.9602897
COM,Earthquake,all_assets,768336123.2173251,2500.0,477419777.6,3728174.7,2316569.9000000004,1.609351265420482,1188797449.9602897
COM,Earthquake,all_assets,1141124738.6756818,5000.0,709058838.3,3728174.7,2316569.9000000004,1.609351265420482,1188797449.9602897
CPV,Earthquake,all_assets,0.0,10.0,0.0,426589.6,190495.6,2.2393672084814558,2205099506.9999404
CPV,Earthquake,all_assets,1796213.2331770393,25.0,802107.5,426589.6,190495.6,2.2393672084814558,2205099506.9999404
CPV,Earthquake,all_assets,3592073.09420858,50.0,1604057.2,426589.6,190495.6,2.2393672084814558,2205099506.9999404
CPV,Earthquake,all_assets,7182734.2673922125,100.0,3207483.9,426589.6,190495.6,2.2393672084814558,2205099506.9999404
CPV,Earthquake,all_assets,16153214.496609475,250.0,7213294.2,426589.6,190495.6,2.2393672084814558,2205099506.9999404
CPV,Earthquake,all_assets,30487669.139176756,500.0,13614412.6,426589.6,190495.6,2.2393672084814558,2205099506.9999404
CPV,Earthquake,all_assets,48374112.2029208,1000.0,21601688.2,426589.6,190495.6,2.2393672084814558,2205099506.9999404
CPV,Earthquake,all_assets,87601080.27361052,2500.0,39118676.0,426589.6,190495.6,2.2393672084814558,2205099506.9999404
CPV,Earthquake,all_assets,139052058.38794556,5000.0,62094353.2,426589.6,190495.6,2.2393672084814558,2205099506.9999404
ERI,Earthquake,all_assets,2805070.056503656,10.0,1612396.4,2269634.5,1304620.0,1.7396901013321886,
ERI,Earthquake,all_assets,8411869.61657839,25.0,4835269.0,2269634.5,1304620.0,1.7396901013321886,
ERI,Earthquake,all_assets,16813728.012499657,50.0,9664783.4,2269634.5,1304620.0,1.7396901013321886,
ERI,Earthquake,all_assets,34983495.3997269,100.0,20109038.6,2269634.5,1304620.0,1.7396901013321886,
ERI,Earthquake,all_assets,86442268.88753065,250.0,49688314.5,2269634.5,1304620.0,1.7396901013321886,
ERI,Earthquake,all_assets,162244283.4504756,500.0,93260451.0,2269634.5,1304620.0,1.7396901013321886,
ERI,Earthquake,all_assets,241299344.18596363,1000.0,138702487.3,2269634.5,1304620.0,1.7396901013321886,
ERI,Earthquake,all_assets,404700587.83601797,2500.0,232627976.4,2269634.5,1304620.0,1.7396901013321886,
ERI,Earthquake,all_assets,592687176.7081344,5000.0,340685491.2,2269634.5,1304620.0,1.7396901013321886,
ERI,Flood,all_assets,7266505.931323484,10.0,4835269.0,2463920.2,1639538.6,1.5028131695100073,
ERI,Flood,all_assets,13315320.823410148,25.0,8860263.6,2463920.2,1639538.6,1.5028131695100073,
ERI,Flood,all_assets,19358138.8898252,50.0,12881267.8,2463920.2,1639538.6,1.5028131695100073,
ERI,Flood,all_assets,21773589.00695031,100.0,14488553.5,2463920.2,1639538.6,1.5028131695100073,
ERI,Flood,all_assets,22980954.968306012,250.0,15291957.4,2463920.2,1639538.6,1.5028131695100073,
ERI,Flood,all_assets,22980954.968306012,500.0,15291957.4,2463920.2,1639538.6,1.5028131695100073,
ERI,Flood,all_assets,24188081.681805126,1000.0,16095202.1,2463920.2,1639538.6,1.5028131695100073,
ERI,Flood,all_assets,26601617.365233596,2500.0,17701213.9,2463920.2,1639538.6,1.5028131695100073,
ERI,Flood,all_assets,27808026.635725588,5000.0,18503981.2,2463920.2,1639538.6,1.5028131695100073,
ETH,Earthquake,all_assets,79617598.62098767,10.0,43614233.3,51707321.9,28325084.4,1.8254957750452458,84269180856.91467
ETH,Earthquake,all_assets,198991727.2232171,25.0,109006950.3,51707321.9,28325084.4,1.8254957750452458,84269180856.91467
ETH,Earthquake,all_assets,396389836.24807805,50.0,217140922.3,51707321.9,28325084.4,1.8254957750452458,84269180856.91467
ETH,Earthquake,all_assets,793506138.7626116,100.0,434679800.2,51707321.9,28325084.4,1.8254957750452458,84269180856.91467
ETH,Earthquake,all_assets,1977880783.327001,250.0,1083475957.8,51707321.9,28325084.4,1.8254957750452458,84269180856.91467
ETH,Earthquake,all_assets,3726113302.7476325,500.0,2041151425.1,51707321.9,28325084.4,1.8254957750452458,84269180856.91467
ETH,Earthquake,all_assets,5585783374.590124,1000.0,3059871981.6,51707321.9,28325084.4,1.8254957750452458,84269180856.91467
ETH,Earthquake,all_assets,9469542821.94631,2500.0,5187381396.0,51707321.9,28325084.4,1.8254957750452458,84269180856.91467
ETH,Earthquake,all_assets,14035881919.432383,5000.0,7688805480.3,51707321.9,28325084.4,1.8254957750452458,84269180856.91467
ETH,Flood,all_assets,365889456.15156555,10.0,242799219.7,131076882.89999999,86980819.9,1.5069630643939238,84269180856.91467
ETH,Flood,all_assets,747435692.3761606,25.0,495988063.7,131076882.89999999,86980819.9,1.5069630643939238,84269180856.91467
ETH,Flood,all_assets,1038339472.3673315,50.0,689027818.2,131076882.89999999,86980819.9,1.5069630643939238,84269180856.91467
ETH,Flood,all_assets,1157374462.0686653,100.0,768017803.1,131076882.89999999,86980819.9,1.5069630643939238,84269180856.91467
ETH,Flood,all_assets,1229692072.9327366,250.0,816006776.8,131076882.89999999,86980819.9,1.5069630643939238,84269180856.91467
ETH,Flood,all_assets,1292655606.3030834,500.0,857788513.1,131076882.89999999,86980819.9,1.5069630643939238,84269180856.91467
ETH,Flood,all_assets,1368416940.1627383,1000.0,908062694.1,131076882.89999999,86980819.9,1.5069630643939238,84269180856.91467
ETH,Flood,all_assets,1493064928.451295,2500.0,990777387.8,131076882.89999999,86980819.9,1.5069630643939238,84269180856.91467
ETH,Flood,all_assets,1608319455.2185283,5000.0,1067258709.4,131076882.89999999,86980819.9,1.5069630643939238,84269180856.91467
GAB,Flood,all_assets,213230951.3985568,10.0,170502516.7,82370808.0,65864875.5,1.2506029560474916,16867326401.962582
GAB,Flood,all_assets,432133412.3399084,25.0,345540053.5,82370808.0,65864875.5,1.2506029560474916,16867326401.962582
GAB,Flood,all_assets,598651134.5330267,50.0,478690004.4,82370808.0,65864875.5,1.2506029560474916,16867326401.962582
GAB,Flood,all_assets,664409953.7320849,100.0,531271696.2,82370808.0,65864875.5,1.2506029560474916,16867326401.962582
GAB,Flood,all_assets,701146478.7214293,250.0,560646746.7,82370808.0,65864875.5,1.2506029560474916,16867326401.962582
GAB,Flood,all_assets,732292243.0996449,500.0,585551345.1,82370808.0,65864875.5,1.2506029560474916,16867326401.962582
GAB,Flood,all_assets,768970769.3759378,1000.0,614880019.0,82370808.0,65864875.5,1.2506029560474916,16867326401.962582
GAB,Flood,all_assets,826703692.156302,2500.0,661044089.3,82370808.0,65864875.5,1.2506029560474916,16867326401.962582
GAB,Flood,all_assets,878818593.807362,5000.0,702715909.6,82370808.0,65864875.5,1.2506029560474916,16867326401.962582
GHA,Earthquake,all_assets,20653272.79022022,10.0,9038514.6,13286167.8,5814440.3,2.2850295324212033,67259353965.60871
GHA,Earthquake,all_assets,48815080.874049194,25.0,21362997.8,13286167.8,5814440.3,2.2850295324212033,67259353965.60871
GHA,Earthquake,all_assets,99501259.78024216,50.0,43544846.3,13286167.8,5814440.3,2.2850295324212033,67259353965.60871
GHA,Earthquake,all_assets,198977378.7515568,100.0,87078690.2,13286167.8,5814440.3,2.2850295324212033,67259353965.60871
GHA,Earthquake,all_assets,495379732.28231287,250.0,216793579.8,13286167.8,5814440.3,2.2850295324212033,67259353965.60871
GHA,Earthquake,all_assets,954549890.0925002,500.0,417740723.5,13286167.8,5814440.3,2.2850295324212033,67259353965.60871
GHA,Earthquake,all_assets,1603968697.2439733,1000.0,701946593.9,13286167.8,5814440.3,2.2850295324212033,67259353965.60871
GHA,Earthquake,all_assets,3177205078.306584,2500.0,1390443770.3,13286167.8,5814440.3,2.2850295324212033,67259353965.60871
GHA,Earthquake,all_assets,5315098603.677989,5000.0,2326052476.9,13286167.8,5814440.3,2.2850295324212033,67259353965.60871
GHA,Flood,all_assets,266449460.9585282,10.0,156874157.3,104334563.4,61427771.9,1.6984917436017244,67259353965.60871
GHA,Flood,all_assets,542408139.0661343,25.0,319346938.9,104334563.4,61427771.9,1.6984917436017244,67259353965.60871
GHA,Flood,all_assets,751294504.3189344,50.0,442330383.5,104334563.4,61427771.9,1.6984917436017244,67259353965.60871
GHA,Flood,all_assets,832023900.1184198,100.0,489860432.5,104334563.4,61427771.9,1.6984917436017244,67259353965.60871
GHA,Flood,all_assets,872380237.5322529,250.0,513620534.7,104334563.4,61427771.9,1.6984917436017244,67259353965.60871
GHA,Flood,all_assets,904383025.8466854,500.0,532462421.0,104334563.4,61427771.9,1.6984917436017244,67259353965.60871
GHA,Flood,all_assets,943338212.1991385,1000.0,555397584.8,104334563.4,61427771.9,1.6984917436017244,67259353965.60871
GHA,Flood,all_assets,1001761255.9731439,2500.0,589794598.5,104334563.4,61427771.9,1.6984917436017244,67259353965.60871
GHA,Flood,all_assets,1054610136.2103564,5000.0,620909780.8,104334563.4,61427771.9,1.6984917436017244,67259353965.60871
GIN,Flood,all_assets,124873973.72014679,10.0,90684144.2,44046508.7,31986809.0,1.3770210307630248,11857030366.78909
GIN,Flood,all_assets,253109814.7092225,25.0,183809694.3,44046508.7,31986809.0,1.3770210307630248,11857030366.78909
GIN,Flood,all_assets,351507217.6337169,50.0,255266411.9,44046508.7,31986809.0,1.3770210307630248,11857030366.78909
GIN,Flood,all_assets,388488662.01934814,100.0,282122533.6,44046508.7,31986809.0,1.3770210307630248,11857030366.78909
GIN,Flood,all_assets,407600434.3983971,250.0,296001604.4,44046508.7,31986809.0,1.3770210307630248,11857030366.78909
GIN,Flood,all_assets,422881731.4027287,500.0,307098963.6,44046508.7,31986809.0,1.3770210307630248,11857030366.78909
GIN,Flood,all_assets,440700794.9946861,1000.0,320039262.4,44046508.7,31986809.0,1.3770210307630248,11857030366.78909
GIN,Flood,all_assets,468682364.26395655,2500.0,340359626.9,44046508.7,31986809.0,1.3770210307630248,11857030366.78909
GIN,Flood,all_assets,492828794.7390867,5000.0,357894893.2,44046508.7,31986809.0,1.3770210307630248,11857030366.78909
GMB,Earthquake,all_assets,0.0,10.0,0.0,234949.5,100631.4,2.3347533672392515,1670671327.8165145
GMB,Earthquake,all_assets,0.0,25.0,0.0,234949.5,100631.4,2.3347533672392515,1670671327.8165145
GMB,Earthquake,all_assets,1887284.8097889924,50.0,808344.4,234949.5,100631.4,2.3347533672392515,1670671327.8165145
GMB,Earthquake,all_assets,3773932.698859402,100.0,1616416.0,234949.5,100631.4,2.3347533672392515,1670671327.8165145
GMB,Earthquake,all_assets,9430057.87693851,250.0,4038995.3,234949.5,100631.4,2.3347533672392515,1670671327.8165145
GMB,Earthquake,all_assets,16962660.991895672,500.0,7265290.3,234949.5,100631.4,2.3347533672392515,1670671327.8165145
GMB,Earthquake,all_assets,26364144.28932322,1000.0,11292046.8,234949.5,100631.4,2.3347533672392515,1670671327.8165145
GMB,Earthquake,all_assets,45119694.611518376,2500.0,19325250.9,234949.5,100631.4,2.3347533672392515,1670671327.8165145
GMB,Earthquake,all_assets,67543280.4575704,5000.0,28929514.1,234949.5,100631.4,2.3347533672392515,1670671327.8165145
GMB,Flood,all_assets,4047121.9933201927,10.0,3231741.3,1600205.6,1277809.4000000001,1.2523038255940204,1670671327.8165145
GMB,Flood,all_assets,8088786.196107682,25.0,6459124.4,1600205.6,1277809.4000000001,1.2523038255940204,1670671327.8165145
GMB,Flood,all_assets,12125003.753866514,50.0,9682158.2,1600205.6,1277809.4000000001,1.2523038255940204,1670671327.8165145
GMB,Flood,all_assets,13133208.267314984,100.0,10487238.0,1600205.6,1277809.4000000001,1.2523038255940204,1670671327.8165145
GMB,Flood,all_assets,13133208.267314984,250.0,10487238.0,1600205.6,1277809.4000000001,1.2523038255940204,1670671327.8165145
GMB,Flood,all_assets,14141073.406426717,500.0,11292046.8,1600205.6,1277809.4000000001,1.2523038255940204,1670671327.8165145
GMB,Flood,all_assets,14141073.406426717,1000.0,11292046.8,1600205.6,1277809.4000000001,1.2523038255940204,1670671327.8165145
GMB,Flood,all_assets,15148599.04597133,2500.0,12096584.5,1600205.6,1277809.4000000001,1.2523038255940204,1670671327.8165145
GMB,Flood,all_assets,16155785.436409593,5000.0,12900851.3,1600205.6,1277809.4000000001,1.2523038255940204,1670671327.8165145
GNB,Earthquake,all_assets,0.0,10.0,0.0,171850.2,101810.0,1.6879501031332875,1554133593.9169855
GNB,Earthquake,all_assets,0.0,25.0,0.0,171850.2,101810.0,1.6879501031332875,1554133593.9169855
GNB,Earthquake,all_assets,1424896.9207508103,50.0,844158.2,171850.2,101810.0,1.6879501031332875,1554133593.9169855
GNB,Earthquake,all_assets,2848834.917048031,100.0,1687748.3,171850.2,101810.0,1.6879501031332875,1554133593.9169855
GNB,Earthquake,all_assets,7114904.6429437185,250.0,4215115.5,171850.2,101810.0,1.6879501031332875,1554133593.9169855
GNB,Earthquake,all_assets,12789630.171287889,500.0,7577019.1,171850.2,101810.0,1.6879501031332875,1554133593.9169855
GNB,Earthquake,all_assets,19861640.119825754,1000.0,11766722.3,171850.2,101810.0,1.6879501031332875,1554133593.9169855
GNB,Earthquake,all_assets,36738144.533340536,2500.0,21764947.0,171850.2,101810.0,1.6879501031332875,1554133593.9169855
GNB,Earthquake,all_assets,59030943.237789415,5000.0,34971971.7,171850.2,101810.0,1.6879501031332875,1554133593.9169855
GNB,Flood,all_assets,2651897.1884617084,10.0,1687748.3,875501.7,557196.0,1.5712634333340512,1554133593.9169855
GNB,Flood,all_assets,3976507.7733159065,25.0,2530770.9,875501.7,557196.0,1.5712634333340512,1554133593.9169855
GNB,Flood,all_assets,6623056.852429575,50.0,4215115.5,875501.7,557196.0,1.5712634333340512,1554133593.9169855
GNB,Flood,all_assets,6623056.852429575,100.0,4215115.5,875501.7,557196.0,1.5712634333340512,1554133593.9169855
GNB,Flood,all_assets,7944997.389331509,250.0,5056438.8,875501.7,557196.0,1.5712634333340512,1554133593.9169855
GNB,Flood,all_assets,7944997.389331509,500.0,5056438.8,875501.7,557196.0,1.5712634333340512,1554133593.9169855
GNB,Flood,all_assets,7944997.389331509,1000.0,5056438.8,875501.7,557196.0,1.5712634333340512,1554133593.9169855
GNB,Flood,all_assets,9266049.533888238,2500.0,5897196.7,875501.7,557196.0,1.5712634333340512,1554133593.9169855
GNB,Flood,all_assets,9266049.533888238,5000.0,5897196.7,875501.7,557196.0,1.5712634333340512,1554133593.9169855
GNQ,Earthquake,all_assets,14300786.19358596,10.0,8690125.2,10349306.0,6288938.5,1.6456363820380817,13097012133.615946
GNQ,Earthquake,all_assets,37385375.44593899,25.0,22717883.4,10349306.0,6288938.5,1.6456363820380817,13097012133.615946
GNQ,Earthquake,all_assets,73619585.45609641,50.0,44736240.8,10349306.0,6288938.5,1.6456363820380817,13097012133.615946
GNQ,Earthquake,all_assets,147030105.8103823,100.0,89345439.5,10349306.0,6288938.5,1.6456363820380817,13097012133.615946
GNQ,Earthquake,all_assets,367100982.1645523,250.0,223075392.7,10349306.0,6288938.5,1.6456363820380817,13097012133.615946
GNQ,Earthquake,all_assets,680855689.9734161,500.0,413733980.0,10349306.0,6288938.5,1.6456363820380817,13097012133.615946
GNQ,Earthquake,all_assets,987627615.0548884,1000.0,600149356.1,10349306.0,6288938.5,1.6456363820380817,13097012133.615946
GNQ,Earthquake,all_assets,1598520387.7929153,2500.0,971369134.3,10349306.0,6288938.5,1.6456363820380817,13097012133.615946
GNQ,Earthquake,all_assets,2284534328.4616666,5000.0,1388237616.4,10349306.0,6288938.5,1.6456363820380817,13097012133.615946
GNQ,Flood,all_assets,50567482.15039561,10.0,39401289.8,21644378.5,16864917.8,1.283396619934904,13097012133.615946
GNQ,Flood,all_assets,102716118.81870499,25.0,80034587.3,21644378.5,16864917.8,1.283396619934904,13097012133.615946
GNQ,Flood,all_assets,141952206.78428707,50.0,110606654.7,21644378.5,16864917.8,1.283396619934904,13097012133.615946
GNQ,Flood,all_assets,157284656.54003224,100.0,122553429.0,21644378.5,16864917.8,1.283396619934904,13097012133.615946
GNQ,Flood,all_assets,164946500.3510332,250.0,128523402.5,21644378.5,16864917.8,1.283396619934904,13097012133.615946
GNQ,Flood,all_assets,170903694.2910085,500.0,133165142.9,21644378.5,16864917.8,1.283396619934904,13097012133.615946
GNQ,Flood,all_assets,178560350.74121132,1000.0,139131074.5,21644378.5,16864917.8,1.283396619934904,13097012133.615946
GNQ,Flood,all_assets,188764691.04063213,2500.0,147082116.4,21644378.5,16864917.8,1.283396619934904,13097012133.615946
GNQ,Flood,all_assets,198963851.93631384,5000.0,155029122.6,21644378.5,16864917.8,1.283396619934904,13097012133.615946
KEN,Earthquake,all_assets,95365773.92285988,10.0,60452931.8,59270431.4,37571879.3,1.5775210743850123,92202979985.2863
KEN,Earthquake,all_assets,239540723.1731866,25.0,151846290.4,59270431.4,37571879.3,1.5775210743850123,92202979985.2863
KEN,Earthquake,all_assets,478761711.06222254,50.0,303489898.7,59270431.4,37571879.3,1.5775210743850123,92202979985.2863
KEN,Earthquake,all_assets,956247037.676248,100.0,606170689.7,59270431.4,37571879.3,1.5775210743850123,92202979985.2863
KEN,Earthquake,all_assets,2381095551.4938307,250.0,1509390644.7,59270431.4,37571879.3,1.5775210743850123,92202979985.2863
KEN,Earthquake,all_assets,4500789779.933826,500.0,2853077434.6,59270431.4,37571879.3,1.5775210743850123,92202979985.2863
KEN,Earthquake,all_assets,6835642052.65371,1000.0,4333154189.6,59270431.4,37571879.3,1.5775210743850123,92202979985.2863
KEN,Earthquake,all_assets,11765774394.085287,2500.0,7458394429.8,59270431.4,37571879.3,1.5775210743850123,92202979985.2863
KEN,Earthquake,all_assets,17600139571.961636,5000.0,11156833247.9,59270431.4,37571879.3,1.5775210743850123,92202979985.2863
KEN,Flood,all_assets,336297085.50947964,10.0,229240777.5,124837411.9,85096858.1,1.4670037729630352,92202979985.2863
KEN,Flood,all_assets,687773883.4146137,25.0,468828980.6,124837411.9,85096858.1,1.4670037729630352,92202979985.2863
KEN,Flood,all_assets,955983841.3006222,50.0,651657384.2,124837411.9,85096858.1,1.4670037729630352,92202979985.2863
KEN,Flood,all_assets,1064502890.7651924,100.0,725630642.8,124837411.9,85096858.1,1.4670037729630352,92202979985.2863
KEN,Flood,all_assets,1128902577.3627944,250.0,769529430.1,124837411.9,85096858.1,1.4670037729630352,92202979985.2863
KEN,Flood,all_assets,1186502206.79904,500.0,808792880.2,124837411.9,85096858.1,1.4670037729630352,92202979985.2863
KEN,Flood,all_assets,1255369671.284647,1000.0,855737179.7,124837411.9,85096858.1,1.4670037729630352,92202979985.2863
KEN,Flood,all_assets,1368205433.4836001,2500.0,932652975.2,124837411.9,85096858.1,1.4670037729630352,92202979985.2863
KEN,Flood,all_assets,1474201201.2505834,5000.0,1004906209.8,124837411.9,85096858.1,1.4670037729630352,92202979985.2863
LBR,Earthquake,all_assets,2569139.8108829446,10.0,1726559.6,1463514.0999999999,983537.1,1.488011077568909,3422754800.0
LBR,Earthquake,all_assets,5137575.7925261995,25.0,3452646.2,1463514.0999999999,983537.1,1.488011077568909,3422754800.0
LBR,Earthquake,all_assets,11555588.390924815,50.0,7765794.6,1463514.0999999999,983537.1,1.488011077568909,3422754800.0
LBR,Earthquake,all_assets,23096944.402296007,100.0,15522024.5,1463514.0999999999,983537.1,1.488011077568909,3422754800.0
LBR,Earthquake,all_assets,56358932.92674419,250.0,37875345.0,1463514.0999999999,983537.1,1.488011077568909,3422754800.0
LBR,Earthquake,all_assets,104760649.53721483,500.0,70403138.2,1463514.0999999999,983537.1,1.488011077568909,3422754800.0
LBR,Earthquake,all_assets,170589908.14064685,1000.0,114642902.0,1463514.0999999999,983537.1,1.488011077568909,3422754800.0
LBR,Earthquake,all_assets,321985213.51736474,2500.0,216386301.4,1463514.0999999999,983537.1,1.488011077568909,3422754800.0
LBR,Earthquake,all_assets,517215228.18525106,5000.0,347588291.5,1463514.0999999999,983537.1,1.488011077568909,3422754800.0
LBR,Flood,all_assets,51622815.40399416,10.0,37875345.0,20150561.3,14784344.0,1.3629662093901496,3422754800.0
LBR,Flood,all_assets,105261398.27005298,25.0,77229646.3,20150561.3,14784344.0,1.3629662093901496,3422754800.0
LBR,Flood,all_assets,145848812.33122525,50.0,107008384.6,20150561.3,14784344.0,1.3629662093901496,3422754800.0
LBR,Flood,all_assets,162029792.33614373,100.0,118880271.0,20150561.3,14784344.0,1.3629662093901496,3422754800.0
LBR,Flood,all_assets,170108758.0504127,250.0,124807758.9,20150561.3,14784344.0,1.3629662093901496,3422754800.0
LBR,Flood,all_assets,175874752.25248927,500.0,129038233.7,20150561.3,14784344.0,1.3629662093901496,3422754800.0
LBR,Flood,all_assets,183940578.8362031,1000.0,134956081.5,20150561.3,14784344.0,1.3629662093901496,3422754800.0
LBR,Flood,all_assets,195449921.14789733,2500.0,143400415.8,20150561.3,14784344.0,1.3629662093901496,3422754800.0
LBR,Flood,all_assets,205795007.6375805,5000.0,150990542.7,20150561.3,14784344.0,1.3629662093901496,3422754800.0
LSO,Earthquake,all_assets,17646154.85235896,10.0,12074299.5,9827211.9,6724224.1,1.4614640669099652,2556247291.9978547
LSO,Earthquake,all_assets,43475303.94072978,25.0,29747774.8,9827211.9,6724224.1,1.4614640669099652,2556247291.9978547
LSO,Earthquake,all_assets,85608636.4780275,50.0,58577311.9,9827211.9,6724224.1,1.4614640669099652,2556247291.9978547
LSO,Earthquake,all_assets,171702981.91605455,100.0,117486967.9,9827211.9,6724224.1,1.4614640669099652,2556247291.9978547
LSO,Earthquake,all_assets,422522117.36618906,250.0,289108796.4,9827211.9,6724224.1,1.4614640669099652,2556247291.9978547
LSO,Earthquake,all_assets,731514513.1542652,500.0,500535408.1,9827211.9,6724224.1,1.4614640669099652,2556247291.9978547
LSO,Earthquake,all_assets,972747468.2271957,1000.0,665597937.2,9827211.9,6724224.1,1.4614640669099652,2556247291.9978547
LSO,Earthquake,all_assets,1396760810.037675,2500.0,955727097.0,9827211.9,6724224.1,1.4614640669099652,2556247291.9978547
LSO,Earthquake,all_assets,1818599302.3032384,5000.0,1244368126.1,9827211.9,6724224.1,1.4614640669099652,2556247291.9978547
LSO,Flood,all_assets,56695742.80175386,10.0,37767253.5,20463585.2,13631595.1,1.5011878690557645,2556247291.9978547
LSO,Flood,all_assets,115497637.77238943,25.0,76937497.4,20463585.2,13631595.1,1.5011878690557645,2556247291.9978547
LSO,Flood,all_assets,159693269.4602911,50.0,106377937.6,20463585.2,13631595.1,1.5011878690557645,2556247291.9978547
LSO,Flood,all_assets,178750350.01275,100.0,119072604.9,20463585.2,13631595.1,1.5011878690557645,2556247291.9978547
LSO,Flood,all_assets,188266581.22398773,250.0,125411739.0,20463585.2,13631595.1,1.5011878690557645,2556247291.9978547
LSO,Flood,all_assets,197774620.6031428,500.0,131745416.2,20463585.2,13631595.1,1.5011878690557645,2556247291.9978547
LSO,Flood,all_assets,208461386.09185383,1000.0,138864289.0,20463585.2,13631595.1,1.5011878690557645,2556247291.9978547
LSO,Flood,all_assets,225064697.76116586,2500.0,149924404.8,20463585.2,13631595.1,1.5011878690557645,2556247291.9978547
LSO,Flood,all_assets,240459705.86669424,5000.0,160179622.3,20463585.2,13631595.1,1.5011878690557645,2556247291.9978547
MDG,Flood,all_assets,181062496.9836755,10.0,117825020.3,63539035.2,41347536.0,1.5367066903333733,13760033282.292513
MDG,Flood,all_assets,368828837.2568978,25.0,240012514.8,63539035.2,41347536.0,1.5367066903333733,13760033282.292513
MDG,Flood,all_assets,510625009.49454355,50.0,332285277.8,63539035.2,41347536.0,1.5367066903333733,13760033282.292513
MDG,Flood,all_assets,565697489.417668,100.0,368123268.4,63539035.2,41347536.0,1.5367066903333733,13760033282.292513
MDG,Flood,all_assets,594454195.0483706,250.0,386836472.3,63539035.2,41347536.0,1.5367066903333733,13760033282.292513
MDG,Flood,all_assets,618193609.5785996,500.0,402284712.8,63539035.2,41347536.0,1.5367066903333733,13760033282.292513
MDG,Flood,all_assets,644414953.7059126,1000.0,419348049.8,63539035.2,41347536.0,1.5367066903333733,13760033282.292513
MDG,Flood,all_assets,686830855.7799728,2500.0,446949870.2,63539035.2,41347536.0,1.5367066903333733,13760033282.292513
MDG,Flood,all_assets,724217994.1624213,5000.0,471279261.5,63539035.2,41347536.0,1.5367066903333733,13760033282.292513
MLI,Flood,all_assets,136958146.9784232,10.0,93847431.0,50053568.300000004,34298060.400000006,1.4593702301603035,20368015381.2413
MLI,Flood,all_assets,278335128.2276629,25.0,190722766.9,50053568.300000004,34298060.400000006,1.4593702301603035,20368015381.2413
MLI,Flood,all_assets,385188749.812919,50.0,263941761.9,50053568.300000004,34298060.400000006,1.4593702301603035,20368015381.2413
MLI,Flood,all_assets,427824057.4286227,100.0,293156629.2,50053568.300000004,34298060.400000006,1.4593702301603035,20368015381.2413
MLI,Flood,all_assets,450371206.5028074,250.0,308606546.3,50053568.300000004,34298060.400000006,1.4593702301603035,20368015381.2413
MLI,Flood,all_assets,470398906.5463054,500.0,322330068.7,50053568.300000004,34298060.400000006,1.4593702301603035,20368015381.2413
MLI,Flood,all_assets,494164448.94670236,1000.0,338614861.9,50053568.300000004,34298060.400000006,1.4593702301603035,20368015381.2413
MLI,Flood,all_assets,531650685.2426885,2500.0,364301446.1,50053568.300000004,34298060.400000006,1.4593702301603035,20368015381.2413
MLI,Flood,all_assets,565348259.0944396,5000.0,387391936.2,50053568.300000004,34298060.400000006,1.4593702301603035,20368015381.2413
MOZ,Earthquake,all_assets,29311609.233568784,10.0,18975993.2,15406736.0,9974140.8,1.544667987843123,15017358952.845173
MOZ,Earthquake,all_assets,72546105.46431379,25.0,46965500.7,15406736.0,9974140.8,1.544667987843123,15017358952.845173
MOZ,Earthquake,all_assets,144974869.29813027,50.0,93855035.8,15406736.0,9974140.8,1.544667987843123,15017358952.845173
MOZ,Earthquake,all_assets,288094244.1746965,100.0,186508846.2,15406736.0,9974140.8,1.544667987843123,15017358952.845173
MOZ,Earthquake,all_assets,717466740.395354,250.0,464479581.4,15406736.0,9974140.8,1.544667987843123,15017358952.845173
MOZ,Earthquake,all_assets,1343683544.116142,500.0,869885020.4,15406736.0,9974140.8,1.544667987843123,15017358952.845173
MOZ,Earthquake,all_assets,2007869702.9752584,1000.0,1299871376.1,15406736.0,9974140.8,1.544667987843123,15017358952.845173
MOZ,Earthquake,all_assets,3381758043.752059,2500.0,2189310628.8,15406736.0,9974140.8,1.544667987843123,15017358952.845173
MOZ,Earthquake,all_assets,4974354114.422218,5000.0,3220338709.4,15406736.0,9974140.8,1.544667987843123,15017358952.845173
MOZ,Flood,all_assets,143956484.84615064,10.0,92954029.2,46347908.6,29927271.8,1.54868472173932,15017358952.845173
MOZ,Flood,all_assets,293015887.0893801,25.0,189203059.2,46347908.6,29927271.8,1.54868472173932,15017358952.845173
MOZ,Flood,all_assets,406913524.1281253,50.0,262747813.3,46347908.6,29927271.8,1.54868472173932,15017358952.845173
MOZ,Flood,all_assets,452668677.057986,100.0,292292337.3,46347908.6,29927271.8,1.54868472173932,15017358952.845173
MOZ,Flood,all_assets,477606310.687536,250.0,308394797.2,46347908.6,29927271.8,1.54868472173932,15017358952.845173
MOZ,Flood,all_assets,501145750.5552862,500.0,323594430.5,46347908.6,29927271.8,1.54868472173932,15017358952.845173
MOZ,Flood,all_assets,527439868.9245788,1000.0,340572785.1,46347908.6,29927271.8,1.54868472173932,15017358952.845173
MOZ,Flood,all_assets,571689740.5707116,2500.0,369145335.1,46347908.6,29927271.8,1.54868472173932,15017358952.845173
MOZ,Flood,all_assets,610372434.914805,5000.0,394123107.4,46347908.6,29927271.8,1.54868472173932,15017358952.845173
MRT,Flood,all_assets,65663208.874924876,10.0,44574943.2,25050853.1,17005570.9,1.4730968602765346,7473550557.073785
MRT,Flood,all_assets,132451682.11825813,25.0,89913763.1,25050853.1,17005570.9,1.4730968602765346,7473550557.073785
MRT,Flood,all_assets,184996708.0174249,50.0,125583532.9,25050853.1,17005570.9,1.4730968602765346,7473550557.073785
MRT,Flood,all_assets,205474620.7889907,100.0,139484799.9,25050853.1,17005570.9,1.4730968602765346,7473550557.073785
MRT,Flood,all_assets,215707804.25548786,250.0,146431514.5,25050853.1,17005570.9,1.4730968602765346,7473550557.073785
MRT,Flood,all_assets,225937141.9080119,500.0,153375618.4,25050853.1,17005570.9,1.4730968602765346,7473550557.073785
MRT,Flood,all_assets,236162636.2508275,1000.0,160317113.3,25050853.1,17005570.9,1.4730968602765346,7473550557.073785
MRT,Flood,all_assets,254048009.0305711,2500.0,172458455.3,25050853.1,17005570.9,1.4730968602765346,7473550557.073785
MRT,Flood,all_assets,270645331.694884,5000.0,183725414.8,25050853.1,17005570.9,1.4730968602765346,7473550557.073785
MWI,Earthquake,all_assets,38037170.76693796,10.0,21730723.7,18694773.9,10680367.6,1.7503867469879968,9879231591.524342
MWI,Earthquake,all_assets,97032073.53322202,25.0,55434648.2,18694773.9,10680367.6,1.7503867469879968,9879231591.524342
MWI,Earthquake,all_assets,192101061.02366373,50.0,109747780.8,18694773.9,10680367.6,1.7503867469879968,9879231591.524342
MWI,Earthquake,all_assets,381977884.2532115,100.0,218224849.4,18694773.9,10680367.6,1.7503867469879968,9879231591.524342
MWI,Earthquake,all_assets,938642631.3975974,250.0,536248707.9,18694773.9,10680367.6,1.7503867469879968,9879231591.524342
MWI,Earthquake,all_assets,1736994846.2298977,500.0,992349176.1,18694773.9,10680367.6,1.7503867469879968,9879231591.524342
MWI,Earthquake,all_assets,2580661310.695705,1000.0,1474337780.0,18694773.9,10680367.6,1.7503867469879968,9879231591.524342
MWI,Earthquake,all_assets,4251174385.139731,2500.0,2428705766.0,18694773.9,10680367.6,1.7503867469879968,9879231591.524342
MWI,Earthquake,all_assets,6054858395.628754,5000.0,3459154616.0,18694773.9,10680367.6,1.7503867469879968,9879231591.524342
MWI,Flood,all_assets,64671211.601769894,10.0,31372746.6,18968301.2,9201740.5,2.0613818874809606,9879231591.524342
MWI,Flood,all_assets,132427157.92751816,25.0,64241933.4,18968301.2,9201740.5,2.0613818874809606,9879231591.524342
MWI,Flood,all_assets,183500314.25219488,50.0,89018107.4,18968301.2,9201740.5,2.0613818874809606,9879231591.524342
MWI,Flood,all_assets,203234413.8760775,100.0,98591345.5,18968301.2,9201740.5,2.0613818874809606,9879231591.524342
MWI,Flood,all_assets,214736672.90735462,250.0,104171223.3,18968301.2,9201740.5,2.0613818874809606,9879231591.524342
MWI,Flood,all_assets,222948381.42603245,500.0,108154817.3,18968301.2,9201740.5,2.0613818874809606,9879231591.524342
MWI,Flood,all_assets,234438910.9882316,1000.0,113729005.0,18968301.2,9201740.5,2.0613818874809606,9879231591.524342
MWI,Flood,all_assets,250842099.8912636,2500.0,121686380.1,18968301.2,9201740.5,2.0613818874809606,9879231591.524342
MWI,Flood,all_assets,265593060.2907513,5000.0,128842240.2,18968301.2,9201740.5,2.0613818874809606,9879231591.524342
NAM,Earthquake,all_assets,6110647.18249565,10.0,2638427.5,4287865.5,1851395.0999999999,2.3160186067252746,13682019076.402178
NAM,Earthquake,all_assets,16802060.253331747,25.0,7254717.3,4287865.5,1851395.0999999999,2.3160186067252746,13682019076.402178
NAM,Earthquake,all_assets,33597146.0482312,50.0,14506423.2,4287865.5,1851395.0999999999,2.3160186067252746,13682019076.402178
NAM,Earthquake,all_assets,67166412.79088208,100.0,29000808.8,4287865.5,1851395.0999999999,2.3160186067252746,13682019076.402178
NAM,Earthquake,all_assets,169228706.624338,250.0,73068802.7,4287865.5,1851395.0999999999,2.3160186067252746,13682019076.402178
NAM,Earthquake,all_assets,313503107.1555933,500.0,135362948.4,4287865.5,1851395.0999999999,2.3160186067252746,13682019076.402178
NAM,Earthquake,all_assets,464815135.06343573,1000.0,200695768.9,4287865.5,1851395.0999999999,2.3160186067252746,13682019076.402178
NAM,Earthquake,all_assets,780729048.9824754,2500.0,337099644.5,4287865.5,1851395.0999999999,2.3160186067252746,13682019076.402178
NAM,Earthquake,all_assets,1150628986.061304,5000.0,496813360.1,4287865.5,1851395.0999999999,2.3160186067252746,13682019076.402178
NAM,Flood,all_assets,87934553.82945746,10.0,48746507.5,34083621.2,18894250.6,1.803914953896081,13682019076.402178
NAM,Flood,all_assets,179173976.5442941,25.0,99325068.6,34083621.2,18894250.6,1.803914953896081,13682019076.402178
NAM,Flood,all_assets,247725340.26518086,50.0,137326507.4,34083621.2,18894250.6,1.803914953896081,13682019076.402178
NAM,Flood,all_assets,276047710.24587315,100.0,153027009.2,34083621.2,18894250.6,1.803914953896081,13682019076.402178
NAM,Flood,all_assets,292557297.7464886,250.0,162179096.7,34083621.2,18894250.6,1.803914953896081,13682019076.402178
NAM,Flood,all_assets,307879854.18803424,500.0,170673153.7,34083621.2,18894250.6,1.803914953896081,13682019076.402178
NAM,Flood,all_assets,324372702.620618,1000.0,179815961.9,34083621.2,18894250.6,1.803914953896081,13682019076.402178
NAM,Flood,all_assets,352625991.49775934,2500.0,195478168.6,34083621.2,18894250.6,1.803914953896081,13682019076.402178
NAM,Flood,all_assets,378502487.6706956,5000.0,209822800.6,34083621.2,18894250.6,1.803914953896081,13682019076.402178
NER,Flood,all_assets,254049370.0216911,10.0,176794777.6,90701864.0,63120077.3,1.4369732718942663,12837307496.882084
NER,Flood,all_assets,518211701.26086825,25.0,360627237.4,90701864.0,63120077.3,1.4369732718942663,12837307496.882084
NER,Flood,all_assets,719201352.3963069,50.0,500497376.3,90701864.0,63120077.3,1.4369732718942663,12837307496.882084
NER,Flood,all_assets,801133146.5055656,100.0,557514299.1,90701864.0,63120077.3,1.4369732718942663,12837307496.882084
NER,Flood,all_assets,848969096.5219839,250.0,590803679.6,90701864.0,63120077.3,1.4369732718942663,12837307496.882084
NER,Flood,all_assets,892987707.355081,500.0,621436546.4,90701864.0,63120077.3,1.4369732718942663,12837307496.882084
NER,Flood,all_assets,944502658.4194483,1000.0,657286170.1,90701864.0,63120077.3,1.4369732718942663,12837307496.882084
NER,Flood,all_assets,1029824067.2773224,2500.0,716661950.1,90701864.0,63120077.3,1.4369732718942663,12837307496.882084
NER,Flood,all_assets,1108740715.8373337,5000.0,771580611.5,90701864.0,63120077.3,1.4369732718942663,12837307496.882084
NGA,Earthquake,all_assets,148876423.41033417,10.0,73682761.5,95082396.4,47058717.4,2.0205054802449847,421739251509.0796
NGA,Earthquake,all_assets,372162026.3877162,25.0,184192535.0,95082396.4,47058717.4,2.0205054802449847,421739251509.0796
NGA,Earthquake,all_assets,744227297.8397526,50.0,368337183.5,95082396.4,47058717.4,2.0205054802449847,421739251509.0796
NGA,Earthquake,all_assets,1488067727.2726464,100.0,736482895.9,95082396.4,47058717.4,2.0205054802449847,421739251509.0796
NGA,Earthquake,all_assets,3715691055.5906377,250.0,1838990832.7,95082396.4,47058717.4,2.0205054802449847,421739251509.0796
NGA,Earthquake,all_assets,6868580681.923918,500.0,3399436798.9,95082396.4,47058717.4,2.0205054802449847,421739251509.0796
NGA,Earthquake,all_assets,10097880356.41583,1000.0,4997700058.3,95082396.4,47058717.4,2.0205054802449847,421739251509.0796
NGA,Earthquake,all_assets,16711524144.478182,2500.0,8270962047.8,95082396.4,47058717.4,2.0205054802449847,421739251509.0796
NGA,Earthquake,all_assets,24380222367.29533,5000.0,12066397545.4,95082396.4,47058717.4,2.0205054802449847,421739251509.0796
NGA,Flood,all_assets,2504961903.2856665,10.0,1692766734.2,979509382.7,661918609.1,1.4798033613707025,421739251509.0796
NGA,Flood,all_assets,5115924386.185361,25.0,3457164998.9,979509382.7,661918609.1,1.4798033613707025,421739251509.0796
NGA,Flood,all_assets,7103002899.393348,50.0,4799964025.5,979509382.7,661918609.1,1.4798033613707025,421739251509.0796
NGA,Flood,all_assets,7911513956.419415,100.0,5346327872.3,979509382.7,661918609.1,1.4798033613707025,421739251509.0796
NGA,Flood,all_assets,8389185680.0434265,250.0,5669121924.6,979509382.7,661918609.1,1.4798033613707025,421739251509.0796
NGA,Flood,all_assets,8810276333.854177,500.0,5953680444.2,979509382.7,661918609.1,1.4798033613707025,421739251509.0796
NGA,Flood,all_assets,9315131050.94669,1000.0,6294843824.6,979509382.7,661918609.1,1.4798033613707025,421739251509.0796
NGA,Flood,all_assets,10135717431.848473,2500.0,6849367758.2,979509382.7,661918609.1,1.4798033613707025,421739251509.0796
NGA,Flood,all_assets,10898260971.275547,5000.0,7364668344.3,979509382.7,661918609.1,1.4798033613707025,421739251509.0796
RWA,Earthquake,all_assets,72275665.13703378,10.0,49456667.2,41440914.300000004,28357117.200000003,1.4613937660771807,9637904518.99702
RWA,Earthquake,all_assets,180152592.39255336,25.0,123274504.5,41440914.300000004,28357117.200000003,1.4613937660771807,9637904518.99702
RWA,Earthquake,all_assets,358530710.0562509,50.0,245334774.5,41440914.300000004,28357117.200000003,1.4613937660771807,9637904518.99702
RWA,Earthquake,all_assets,708944404.078785,100.0,485115251.3,41440914.300000004,28357117.200000003,1.4613937660771807,9637904518.99702
RWA,Earthquake,all_assets,1722581292.2421036,250.0,1178724948.9,41440914.300000004,28357117.200000003,1.4613937660771807,9637904518.99702
RWA,Earthquake,all_assets,3084299791.0244126,500.0,2110519329.3,41440914.300000004,28357117.200000003,1.4613937660771807,9637904518.99702
RWA,Earthquake,all_assets,4328612024.454261,1000.0,2961975153.4,41440914.300000004,28357117.200000003,1.4613937660771807,9637904518.99702
RWA,Earthquake,all_assets,6590708948.219251,2500.0,4509878926.0,41440914.300000004,28357117.200000003,1.4613937660771807,9637904518.99702
RWA,Earthquake,all_assets,8830838716.033873,5000.0,6042751051.1,41440914.300000004,28357117.200000003,1.4613937660771807,9637904518.99702
RWA,Flood,all_assets,57412950.23013132,10.0,35915522.1,20310578.400000002,12705583.4,1.5985553563797787,9637904518.99702
RWA,Flood,all_assets,117201077.16976634,25.0,73316871.2,20310578.400000002,12705583.4,1.5985553563797787,9637904518.99702
RWA,Flood,all_assets,162874764.0662011,50.0,101888723.1,20310578.400000002,12705583.4,1.5985553563797787,9637904518.99702
RWA,Flood,all_assets,180608383.63088337,100.0,112982251.7,20310578.400000002,12705583.4,1.5985553563797787,9637904518.99702
RWA,Flood,all_assets,188203651.80855522,250.0,117733584.3,20310578.400000002,12705583.4,1.5985553563797787,9637904518.99702
RWA,Flood,all_assets,195796009.49648973,500.0,122483096.2,20310578.400000002,12705583.4,1.5985553563797787,9637904518.99702
RWA,Flood,all_assets,204650083.90801767,1000.0,128021893.7,20310578.400000002,12705583.4,1.5985553563797787,9637904518.99702
RWA,Flood,all_assets,217291899.1091364,2500.0,135930168.6,20310578.400000002,12705583.4,1.5985553563797787,9637904518.99702
RWA,Flood,all_assets,227399543.04702842,5000.0,142253155.1,20310578.400000002,12705583.4,1.5985553563797787,9637904518.99702
SDN,Flood,all_assets,10438310203.965927,10.0,8027380656.7,3923649627.2,3017406889.2,1.3003382610557606,32333780383.29238
SDN,Flood,all_assets,20852849710.366005,25.0,16036480918.0,3923649627.2,3017406889.2,1.3003382610557606,32333780383.29238
SDN,Flood,all_assets,28483775271.130856,50.0,21904896690.5,3923649627.2,3017406889.2,1.3003382610557606,32333780383.29238
SDN,Flood,all_assets,31456366769.50749,100.0,24190910712.7,3923649627.2,3017406889.2,1.3003382610557606,32333780383.29238
SDN,Flood,all_assets,33062014806.00931,250.0,25425703292.9,3923649627.2,3017406889.2,1.3003382610557606,32333780383.29238
SDN,Flood,all_assets,34426443675.835434,500.0,26474990936.5,3923649627.2,3017406889.2,1.3003382610557606,32333780383.29238
SDN,Flood,all_assets,36014254439.4017,1000.0,27696066106.8,3923649627.2,3017406889.2,1.3003382610557606,32333780383.29238
SDN,Flood,all_assets,38510353608.13946,2500.0,29615642915.0,3923649627.2,3017406889.2,1.3003382610557606,32333780383.29238
SDN,Flood,all_assets,40749817575.820305,5000.0,31337859383.4,3923649627.2,3017406889.2,1.3003382610557606,32333780383.29238
SEN,Earthquake,all_assets,7103569.2385821035,10.0,3291379.2,4880103.7,2261155.1,2.158234833161157,23116701556.138107
SEN,Earthquake,all_assets,19533622.118061528,25.0,9050739.9,4880103.7,2261155.1,2.158234833161157,23116701556.138107
SEN,Earthquake,all_assets,39063493.65562999,50.0,18099742.0,4880103.7,2261155.1,2.158234833161157,23116701556.138107
SEN,Earthquake,all_assets,78111989.30575737,100.0,36192534.8,4880103.7,2261155.1,2.158234833161157,23116701556.138107
SEN,Earthquake,all_assets,195167575.63163465,250.0,90429258.5,4880103.7,2261155.1,2.158234833161157,23116701556.138107
SEN,Earthquake,all_assets,365189906.20868117,500.0,169207678.7,4880103.7,2261155.1,2.158234833161157,23116701556.138107
SEN,Earthquake,all_assets,554359071.7114582,1000.0,256857624.2,4880103.7,2261155.1,2.158234833161157,23116701556.138107
SEN,Earthquake,all_assets,959793842.2739224,2500.0,444712423.1,4880103.7,2261155.1,2.158234833161157,23116701556.138107
SEN,Earthquake,all_assets,1447683475.6534152,5000.0,670771990.8,4880103.7,2261155.1,2.158234833161157,23116701556.138107
SEN,Flood,all_assets,41114993.77145915,10.0,26324600.0,15400102.7,9860187.4,1.5618468569877282,23116701556.138107
SEN,Flood,all_assets,83490787.16874416,25.0,53456449.2,15400102.7,9860187.4,1.5618468569877282,23116701556.138107
SEN,Flood,all_assets,115577420.22727695,50.0,74000482.0,15400102.7,9860187.4,1.5618468569877282,23116701556.138107
SEN,Flood,all_assets,127125182.82951193,100.0,81394140.7,15400102.7,9860187.4,1.5618468569877282,23116701556.138107
SEN,Flood,all_assets,133539823.12709834,250.0,85501227.3,15400102.7,9860187.4,1.5618468569877282,23116701556.138107
SEN,Flood,all_assets,138671132.75228468,500.0,88786638.8,15400102.7,9860187.4,1.5618468569877282,23116701556.138107
SEN,Flood,all_assets,143802084.2459867,1000.0,92071821.0,15400102.7,9860187.4,1.5618468569877282,23116701556.138107
SEN,Flood,all_assets,152780388.079516,2500.0,97820338.4,15400102.7,9860187.4,1.5618468569877282,23116701556.138107
SEN,Flood,all_assets,160475204.7435901,5000.0,102747080.5,15400102.7,9860187.4,1.5618468569877282,23116701556.138107
SLE,Earthquake,all_assets,1538857.8057726934,10.0,836024.7,720746.2000000001,391564.2,1.8406846182567254,6390514688.528162
SLE,Earthquake,all_assets,3077490.679885036,25.0,1671927.2,720746.2000000001,391564.2,1.8406846182567254,6390514688.528162
SLE,Earthquake,all_assets,6154081.81719713,50.0,3343365.7,720746.2000000001,391564.2,1.8406846182567254,6390514688.528162
SLE,Earthquake,all_assets,12304567.48885557,100.0,6684777.7,720746.2000000001,391564.2,1.8406846182567254,6390514688.528162
SLE,Earthquake,all_assets,29199885.79865662,250.0,15863600.7,720746.2000000001,391564.2,1.8406846182567254,6390514688.528162
SLE,Earthquake,all_assets,53726522.39618827,500.0,29188336.7,720746.2000000001,391564.2,1.8406846182567254,6390514688.528162
SLE,Earthquake,all_assets,84304473.91613208,1000.0,45800607.6,720746.2000000001,391564.2,1.8406846182567254,6390514688.528162
SLE,Earthquake,all_assets,148229239.30968776,2500.0,80529406.2,720746.2000000001,391564.2,1.8406846182567254,6390514688.528162
SLE,Earthquake,all_assets,228342180.02457884,5000.0,124052853.9,720746.2000000001,391564.2,1.8406846182567254,6390514688.528162
SLE,Flood,all_assets,29132424.21619933,10.0,22529856.5,10833157.1,8377932.2,1.293058578344666,6390514688.528162
SLE,Flood,all_assets,59222868.55057791,25.0,45800607.6,10833157.1,8377932.2,1.293058578344666,6390514688.528162
SLE,Flood,all_assets,81710325.89433475,50.0,63191511.4,10833157.1,8377932.2,1.293058578344666,6390514688.528162
SLE,Flood,all_assets,90258929.59733465,100.0,69802661.0,10833157.1,8377932.2,1.293058578344666,6390514688.528162
SLE,Flood,all_assets,94529506.66429384,250.0,73105355.2,10833157.1,8377932.2,1.293058578344666,6390514688.528162
SLE,Flood,all_assets,97730811.56841601,500.0,75581116.9,10833157.1,8377932.2,1.293058578344666,6390514688.528162
SLE,Flood,all_assets,101997049.51870383,1000.0,78880455.4,10833157.1,8377932.2,1.293058578344666,6390514688.528162
SLE,Flood,all_assets,108391763.39404538,2500.0,83825872.4,10833157.1,8377932.2,1.293058578344666,6390514688.528162
SLE,Flood,all_assets,113716440.26240084,5000.0,87943765.4,10833157.1,8377932.2,1.293058578344666,6390514688.528162
SOM,Earthquake,all_assets,8302796.939647116,10.0,4221739.1,4712591.8,2396220.6,1.9666769411797893,7873440830.001277
SOM,Earthquake,all_assets,19923585.166814137,25.0,10130583.6,4712591.8,2396220.6,1.9666769411797893,7873440830.001277
SOM,Earthquake,all_assets,39836452.14096654,50.0,20255717.3,4712591.8,2396220.6,1.9666769411797893,7873440830.001277
SOM,Earthquake,all_assets,81287204.2421893,100.0,41332260.8,4712591.8,2396220.6,1.9666769411797893,7873440830.001277
SOM,Earthquake,all_assets,202058101.71575963,250.0,102740870.9,4712591.8,2396220.6,1.9666769411797893,7873440830.001277
SOM,Earthquake,all_assets,380011268.5834074,500.0,193225059.3,4712591.8,2396220.6,1.9666769411797893,7873440830.001277
SOM,Earthquake,all_assets,568558025.7551639,1000.0,289095790.9,4712591.8,2396220.6,1.9666769411797893,7873440830.001277
SOM,Earthquake,all_assets,963808326.8152037,2500.0,490069470.3,4712591.8,2396220.6,1.9666769411797893,7873440830.001277
SOM,Earthquake,all_assets,1429976498.8382435,5000.0,727102895.7,4712591.8,2396220.6,1.9666769411797893,7873440830.001277
SOM,Flood,all_assets,272074738.2452081,10.0,153901332.1,73341696.9,41486339.1,1.7678517432742096,7873440830.001277
SOM,Flood,all_assets,561021140.9071876,25.0,317346261.1,73341696.9,41486339.1,1.7678517432742096,7873440830.001277
SOM,Flood,all_assets,780457743.8153311,50.0,441472395.4,73341696.9,41486339.1,1.7678517432742096,7873440830.001277
SOM,Flood,all_assets,876548277.6920577,100.0,495826802.8,73341696.9,41486339.1,1.7678517432742096,7873440830.001277
SOM,Flood,all_assets,946256167.3551494,250.0,535257648.7,73341696.9,41486339.1,1.7678517432742096,7873440830.001277
SOM,Flood,all_assets,1012920871.0166731,500.0,572967091.2,73341696.9,41486339.1,1.7678517432742096,7873440830.001277
SOM,Flood,all_assets,1098227567.7753198,1000.0,621221531.7,73341696.9,41486339.1,1.7678517432742096,7873440830.001277
SOM,Flood,all_assets,1248059292.8575263,2500.0,705975089.6,73341696.9,41486339.1,1.7678517432742096,7873440830.001277
SOM,Flood,all_assets,1398637540.539972,5000.0,791150924.2,73341696.9,41486339.1,1.7678517432742096,7873440830.001277
SSD,Earthquake,all_assets,36015434.671041384,10.0,27834360.5,23375097.7,18065335.1,1.2939199616618238,
SSD,Earthquake,all_assets,90425753.08505191,25.0,69885121.0,23375097.7,18065335.1,1.2939199616618238,
SSD,Earthquake,all_assets,179247600.7680907,50.0,138530671.2,23375097.7,18065335.1,1.2939199616618238,
SSD,Earthquake,all_assets,357510367.7404975,100.0,276300218.2,23375097.7,18065335.1,1.2939199616618238,
SSD,Earthquake,all_assets,877091001.9474493,250.0,677855685.0,23375097.7,18065335.1,1.2939199616618238,
SSD,Earthquake,all_assets,1611116635.596795,500.0,1245143968.2,23375097.7,18065335.1,1.2939199616618238,
SSD,Earthquake,all_assets,2335626575.467846,1000.0,1805078091.9,23375097.7,18065335.1,1.2939199616618238,
SSD,Earthquake,all_assets,3735498148.1469545,2500.0,2886962299.7,23375097.7,18065335.1,1.2939199616618238,
SSD,Earthquake,all_assets,5222279038.741145,5000.0,4036013968.0,23375097.7,18065335.1,1.2939199616618238,
SSD,Flood,all_assets,74224447.62445775,10.0,52241740.9,29377590.6,20676967.3,1.4207881733217231,
SSD,Flood,all_assets,151695042.16454285,25.0,106768232.6,29377590.6,20676967.3,1.4207881733217231,
SSD,Flood,all_assets,209863689.18638882,50.0,147709344.1,29377590.6,20676967.3,1.4207881733217231,
SSD,Flood,all_assets,232365407.38933226,100.0,163546833.9,29377590.6,20676967.3,1.4207881733217231,
SSD,Flood,all_assets,243013714.48886278,250.0,171041481.8,29377590.6,20676967.3,1.4207881733217231,
SSD,Flood,all_assets,252473270.0039128,500.0,177699445.1,29377590.6,20676967.3,1.4207881733217231,
SSD,Flood,all_assets,261927553.40028813,1000.0,184353697.7,29377590.6,20676967.3,1.4207881733217231,
SSD,Flood,all_assets,278459876.69487244,2500.0,195989720.3,29377590.6,20676967.3,1.4207881733217231,
SSD,Flood,all_assets,292617617.5347438,5000.0,205954429.4,29377590.6,20676967.3,1.4207881733217231,
SWZ,Earthquake,all_assets,8012923.323890378,10.0,5445908.5,4559731.899999999,3098979.2,1.4713657645717657,4644696656.369665
SWZ,Earthquake,all_assets,19447385.462797362,25.0,13217233.9,4559731.899999999,3098979.2,1.4713657645717657,4644696656.369665
SWZ,Earthquake,all_assets,37711827.86938422,50.0,25630491.6,4559731.899999999,3098979.2,1.4713657645717657,4644696656.369665
SWZ,Earthquake,all_assets,76398808.40188198,100.0,51923736.6,4559731.899999999,3098979.2,1.4713657645717657,4644696656.369665
SWZ,Earthquake,all_assets,189208522.36015412,250.0,128593805.1,4559731.899999999,3098979.2,1.4713657645717657,4644696656.369665
SWZ,Earthquake,all_assets,341434708.52034575,500.0,232052910.8,4559731.899999999,3098979.2,1.4713657645717657,4644696656.369665
SWZ,Earthquake,all_assets,474784072.93260384,1000.0,322682560.9,4559731.899999999,3098979.2,1.4713657645717657,4644696656.369665
SWZ,Earthquake,all_assets,727011517.779703,2500.0,494106588.1,4559731.899999999,3098979.2,1.4713657645717657,4644696656.369665
SWZ,Earthquake,all_assets,994437135.2804668,5000.0,675859911.4,4559731.899999999,3098979.2,1.4713657645717657,4644696656.369665
SWZ,Flood,all_assets,29302964.29823916,10.0,18651190.2,10965364.1,6979399.399999999,1.5711042557616062,4644696656.369665
SWZ,Flood,all_assets,60945523.88767614,25.0,38791521.1,10965364.1,6979399.399999999,1.5711042557616062,4644696656.369665
SWZ,Flood,all_assets,84001937.76053083,50.0,53466813.2,10965364.1,6979399.399999999,1.5711042557616062,4644696656.369665
SWZ,Flood,all_assets,92482192.77848947,100.0,58864453.1,10965364.1,6979399.399999999,1.5711042557616062,4644696656.369665
SWZ,Flood,all_assets,98534841.44438851,250.0,62716933.7,10965364.1,6979399.399999999,1.5711042557616062,4644696656.369665
SWZ,Flood,all_assets,102164562.03537029,500.0,65027232.7,10965364.1,6979399.399999999,1.5711042557616062,4644696656.369665
SWZ,Flood,all_assets,108210984.2579933,1000.0,68875750.2,10965364.1,6979399.399999999,1.5711042557616062,4644696656.369665
SWZ,Flood,all_assets,116669446.48882027,2500.0,74259519.1,10965364.1,6979399.399999999,1.5711042557616062,4644696656.369665
SWZ,Flood,all_assets,123913501.68969674,5000.0,78870324.0,10965364.1,6979399.399999999,1.5711042557616062,4644696656.369665
SYC,Earthquake,all_assets,0.0,10.0,0.0,269.0,54.4,4.944852941176471,1784313926.768066
SYC,Earthquake,all_assets,0.0,25.0,0.0,269.0,54.4,4.944852941176471,1784313926.768066
SYC,Earthquake,all_assets,0.0,50.0,0.0,269.0,54.4,4.944852941176471,1784313926.768066
SYC,Earthquake,all_assets,0.0,100.0,0.0,269.0,54.4,4.944852941176471,1784313926.768066
SYC,Earthquake,all_assets,0.0,250.0,0.0,269.0,54.4,4.944852941176471,1784313926.768066
SYC,Earthquake,all_assets,0.0,500.0,0.0,269.0,54.4,4.944852941176471,1784313926.768066
SYC,Earthquake,all_assets,0.0,1000.0,0.0,269.0,54.4,4.944852941176471,1784313926.768066
SYC,Earthquake,all_assets,0.0,2500.0,0.0,269.0,54.4,4.944852941176471,1784313926.768066
SYC,Earthquake,all_assets,0.0,5000.0,0.0,269.0,54.4,4.944852941176471,1784313926.768066
TCD,Flood,all_assets,128940569.02918257,10.0,76562732.4,42237032.3,25079636.5,1.6841166059165171,15327000248.870071
TCD,Flood,all_assets,263174892.1818166,25.0,156268806.6,42237032.3,25079636.5,1.6841166059165171,15327000248.870071
TCD,Flood,all_assets,364923573.6997229,50.0,216685455.4,42237032.3,25079636.5,1.6841166059165171,15327000248.870071
TCD,Flood,all_assets,405530026.45023847,100.0,240796881.3,42237032.3,25079636.5,1.6841166059165171,15327000248.870071
TCD,Flood,all_assets,428709912.1884324,250.0,254560706.0,42237032.3,25079636.5,1.6841166059165171,15327000248.870071
TCD,Flood,all_assets,447530840.0079778,500.0,265736255.1,42237032.3,25079636.5,1.6841166059165171,15327000248.870071
TCD,Flood,all_assets,470679408.7558264,1000.0,279481484.3,42237032.3,25079636.5,1.6841166059165171,15327000248.870071
TCD,Flood,all_assets,508259048.07514477,2500.0,301795639.5,42237032.3,25079636.5,1.6841166059165171,15327000248.870071
TCD,Flood,all_assets,542907585.0045668,5000.0,322369355.6,42237032.3,25079636.5,1.6841166059165171,15327000248.870071
TGO,Earthquake,all_assets,2116328.76377468,10.0,783085.1,1447672.9,535668.7,2.7025527158857705,7029300383.080308
TGO,Earthquake,all_assets,6348614.690325606,25.0,2349117.8,1447672.9,535668.7,2.7025527158857705,7029300383.080308
TGO,Earthquake,all_assets,12696114.307400638,50.0,4697823.0,1447672.9,535668.7,2.7025527158857705,7029300383.080308
TGO,Earthquake,all_assets,23272803.536380004,100.0,8611415.2,1447672.9,535668.7,2.7025527158857705,7029300383.080308
TGO,Earthquake,all_assets,61323266.93920552,250.0,22690868.0,1447672.9,535668.7,2.7025527158857705,7029300383.080308
TGO,Earthquake,all_assets,114104707.39388342,500.0,42221084.8,1447672.9,535668.7,2.7025527158857705,7029300383.080308
TGO,Earthquake,all_assets,187869257.91827166,1000.0,69515483.2,1447672.9,535668.7,2.7025527158857705,7029300383.080308
TGO,Earthquake,all_assets,353813411.28907615,2500.0,130918227.5,1447672.9,535668.7,2.7025527158857705,7029300383.080308
TGO,Earthquake,all_assets,573193378.7979957,5000.0,212093320.3,1447672.9,535668.7,2.7025527158857705,7029300383.080308
TGO,Flood,all_assets,27851667.728594452,10.0,12523862.1,9777683.8,4396661.8,2.223888087093713,7029300383.080308
TGO,Flood,all_assets,55677266.81864319,25.0,25036002.1,9777683.8,4396661.8,2.223888087093713,7029300383.080308
TGO,Flood,all_assets,78266396.27519144,50.0,35193495.9,9777683.8,4396661.8,2.223888087093713,7029300383.080308
TGO,Flood,all_assets,85213443.26396453,100.0,38317325.3,9777683.8,4396661.8,2.223888087093713,7029300383.080308
TGO,Flood,all_assets,90422662.262401,250.0,40659717.9,9777683.8,4396661.8,2.223888087093713,7029300383.080308
TGO,Flood,all_assets,92158865.48010121,500.0,41440424.1,9777683.8,4396661.8,2.223888087093713,7029300383.080308
TGO,Flood,all_assets,95630967.68761131,1000.0,43001699.7,9777683.8,4396661.8,2.223888087093713,7029300383.080308
TGO,Flood,all_assets,100838359.98437303,2500.0,45343270.9,9777683.8,4396661.8,2.223888087093713,7029300383.080308
TGO,Flood,all_assets,106044838.93029739,5000.0,47684431.4,9777683.8,4396661.8,2.223888087093713,7029300383.080308
TZA,Earthquake,all_assets,305994773.72278225,10.0,221377399.4,187594255.29999998,135718423.79999998,1.3822313142720126,57003712892.08581
TZA,Earthquake,all_assets,763936910.1254334,25.0,552683839.7,187594255.29999998,135718423.79999998,1.3822313142720126,57003712892.08581
TZA,Earthquake,all_assets,1524386521.4152017,50.0,1102844730.6,187594255.29999998,135718423.79999998,1.3822313142720126,57003712892.08581
TZA,Earthquake,all_assets,3033821357.135334,100.0,2194872396.4,187594255.29999998,135718423.79999998,1.3822313142720126,57003712892.08581
TZA,Earthquake,all_assets,7483118223.992557,250.0,5413795901.4,187594255.29999998,135718423.79999998,1.3822313142720126,57003712892.08581
TZA,Earthquake,all_assets,13827802165.585411,500.0,10003971131.9,187594255.29999998,135718423.79999998,1.3822313142720126,57003712892.08581
TZA,Earthquake,all_assets,20309634383.05305,1000.0,14693368738.9,187594255.29999998,135718423.79999998,1.3822313142720126,57003712892.08581
TZA,Earthquake,all_assets,33122669701.752968,2500.0,23963188621.0,187594255.29999998,135718423.79999998,1.3822313142720126,57003712892.08581
TZA,Earthquake,all_assets,47092881060.3149,5000.0,34070188234.1,187594255.29999998,135718423.79999998,1.3822313142720126,57003712892.08581
TZA,Flood,all_assets,344307606.9150526,10.0,240748797.5,128112812.7,89579797.2,1.430152966454807,57003712892.08581
TZA,Flood,all_assets,704056179.256546,25.0,492294318.0,128112812.7,89579797.2,1.430152966454807,57003712892.08581
TZA,Flood,all_assets,977975977.7978201,50.0,683826136.6,128112812.7,89579797.2,1.430152966454807,57003712892.08581
TZA,Flood,all_assets,1087192221.5415652,100.0,760192963.3,128112812.7,89579797.2,1.430152966454807,57003712892.08581
TZA,Flood,all_assets,1149242173.907044,250.0,803579897.3,128112812.7,89579797.2,1.430152966454807,57003712892.08581
TZA,Flood,all_assets,1202081909.2761428,500.0,840526809.0,128112812.7,89579797.2,1.430152966454807,57003712892.08581
TZA,Flood,all_assets,1265238572.6433363,1000.0,884687584.0,128112812.7,89579797.2,1.430152966454807,57003712892.08581
TZA,Flood,all_assets,1368535877.7726085,2500.0,956915735.5,128112812.7,89579797.2,1.430152966454807,57003712892.08581
TZA,Flood,all_assets,1462597243.6032917,5000.0,1022685879.0,128112812.7,89579797.2,1.430152966454807,57003712892.08581
UGA,Earthquake,all_assets,149519512.00022942,10.0,87662762.7,74306537.6,43565661.0,1.7056217189037943,32927025619.679543
UGA,Earthquake,all_assets,373287604.74501264,25.0,218857206.5,74306537.6,43565661.0,1.7056217189037943,32927025619.679543
UGA,Earthquake,all_assets,746178340.3116057,50.0,437481730.0,74306537.6,43565661.0,1.7056217189037943,32927025619.679543
UGA,Earthquake,all_assets,1484299324.4759207,100.0,870239460.5,74306537.6,43565661.0,1.7056217189037943,32927025619.679543
UGA,Earthquake,all_assets,3661608003.1356797,250.0,2146787861.9,74306537.6,43565661.0,1.7056217189037943,32927025619.679543
UGA,Earthquake,all_assets,6741783752.55807,500.0,3952684043.5,74306537.6,43565661.0,1.7056217189037943,32927025619.679543
UGA,Earthquake,all_assets,9749826313.797037,1000.0,5716288791.2,74306537.6,43565661.0,1.7056217189037943,32927025619.679543
UGA,Earthquake,all_assets,15597558984.649261,2500.0,9144793837.8,74306537.6,43565661.0,1.7056217189037943,32927025619.679543
UGA,Earthquake,all_assets,21888935522.683376,5000.0,12833405719.5,74306537.6,43565661.0,1.7056217189037943,32927025619.679543
UGA,Flood,all_assets,151982033.26073956,10.0,73831916.5,46308843.9,22496545.3,2.0584869046537557,32927025619.679543
UGA,Flood,all_assets,311627710.3431598,25.0,151386783.0,46308843.9,22496545.3,2.0584869046537557,32927025619.679543
UGA,Flood,all_assets,434741927.53986317,50.0,211194895.9,46308843.9,22496545.3,2.0584869046537557,32927025619.679543
UGA,Flood,all_assets,489935574.12402457,100.0,238007622.5,46308843.9,22496545.3,2.0584869046537557,32927025619.679543
UGA,Flood,all_assets,532492427.5289258,250.0,258681474.4,46308843.9,22496545.3,2.0584869046537557,32927025619.679543
UGA,Flood,all_assets,573455742.4078404,500.0,278581195.3,46308843.9,22496545.3,2.0584869046537557,32927025619.679543
UGA,Flood,all_assets,623848765.7447238,1000.0,303061809.3,46308843.9,22496545.3,2.0584869046537557,32927025619.679543
UGA,Flood,all_assets,711974576.5728141,2500.0,345872774.3,46308843.9,22496545.3,2.0584869046537557,32927025619.679543
UGA,Flood,all_assets,800021594.4918061,5000.0,388645462.2,46308843.9,22496545.3,2.0584869046537557,32927025619.679543
ZAF,Earthquake,all_assets,1579619286.9637256,10.0,1104471211.4,1012636258.0,708036172.9,1.430204129052345,405260723892.5169
ZAF,Earthquake,all_assets,3943108704.51818,25.0,2757025115.8,1012636258.0,708036172.9,1.430204129052345,405260723892.5169
ZAF,Earthquake,all_assets,7870862258.102429,50.0,5503313896.4,1012636258.0,708036172.9,1.430204129052345,405260723892.5169
ZAF,Earthquake,all_assets,15676662569.850449,100.0,10961136422.0,1012636258.0,708036172.9,1.430204129052345,405260723892.5169
ZAF,Earthquake,all_assets,38711660229.295906,250.0,27067227288.0,1012636258.0,708036172.9,1.430204129052345,405260723892.5169
ZAF,Earthquake,all_assets,66648954799.30293,500.0,46601008517.2,1012636258.0,708036172.9,1.430204129052345,405260723892.5169
ZAF,Earthquake,all_assets,87728806962.46063,1000.0,61340059912.0,1012636258.0,708036172.9,1.430204129052345,405260723892.5169
ZAF,Earthquake,all_assets,124445273859.1486,2500.0,87012246246.0,1012636258.0,708036172.9,1.430204129052345,405260723892.5169
ZAF,Earthquake,all_assets,160547347426.9558,5000.0,112254848217.6,1012636258.0,708036172.9,1.430204129052345,405260723892.5169
ZAF,Flood,all_assets,1655448179.6923013,10.0,1144186519.2,668881928.8,462307244.2,1.4468341934755258,405260723892.5169
ZAF,Flood,all_assets,3387933887.4949737,25.0,2341618620.0,668881928.8,462307244.2,1.4468341934755258,405260723892.5169
ZAF,Flood,all_assets,4711326111.727962,50.0,3256299949.9,668881928.8,462307244.2,1.4468341934755258,405260723892.5169
ZAF,Flood,all_assets,5258366603.109323,100.0,3634394754.3,668881928.8,462307244.2,1.4468341934755258,405260723892.5169
ZAF,Flood,all_assets,5600746786.27715,250.0,3871035680.2,668881928.8,462307244.2,1.4468341934755258,405260723892.5169
ZAF,Flood,all_assets,5909294957.239915,500.0,4084293130.4,668881928.8,462307244.2,1.4468341934755258,405260723892.5169
ZAF,Flood,all_assets,6285139670.906639,1000.0,4344063541.8,668881928.8,462307244.2,1.4468341934755258,405260723892.5169
ZAF,Flood,all_assets,6906797433.538379,2500.0,4773731132.9,668881928.8,462307244.2,1.4468341934755258,405260723892.5169
ZAF,Flood,all_assets,7496437137.577417,5000.0,5181268988.1,668881928.8,462307244.2,1.4468341934755258,405260723892.5169
ZMB,Earthquake,all_assets,153101027.37519374,10.0,109157402.9,91895010.5,65518963.900000006,1.4025711798534712,26311507273.67354
ZMB,Earthquake,all_assets,384160714.3473778,25.0,273897481.9,91895010.5,65518963.900000006,1.4025711798534712,26311507273.67354
ZMB,Earthquake,all_assets,765908112.5470518,50.0,546074326.6,91895010.5,65518963.900000006,1.4025711798534712,26311507273.67354
ZMB,Earthquake,all_assets,1528094099.2291481,100.0,1089494865.7,91895010.5,65518963.900000006,1.4025711798534712,26311507273.67354
ZMB,Earthquake,all_assets,3783360069.7243605,250.0,2697446036.3,91895010.5,65518963.900000006,1.4025711798534712,26311507273.67354
ZMB,Earthquake,all_assets,7010985586.72859,500.0,4998666511.5,91895010.5,65518963.900000006,1.4025711798534712,26311507273.67354
ZMB,Earthquake,all_assets,10177336225.24118,1000.0,7256199451.0,91895010.5,65518963.900000006,1.4025711798534712,26311507273.67354
ZMB,Earthquake,all_assets,16420412223.89724,2500.0,11707364631.3,91895010.5,65518963.900000006,1.4025711798534712,26311507273.67354
ZMB,Earthquake,all_assets,23279186291.228016,5000.0,16597507938.0,91895010.5,65518963.900000006,1.4025711798534712,26311507273.67354
ZMB,Flood,all_assets,162365826.60336974,10.0,104083416.4,59153800.8,37920108.0,1.5599586583455933,26311507273.67354
ZMB,Flood,all_assets,331121356.8123298,25.0,212262905.2,59153800.8,37920108.0,1.5599586583455933,26311507273.67354
ZMB,Flood,all_assets,458863635.95674306,50.0,294151151.7,59153800.8,37920108.0,1.5599586583455933,26311507273.67354
ZMB,Flood,all_assets,508873488.2394981,100.0,326209598.9,59153800.8,37920108.0,1.5599586583455933,26311507273.67354
ZMB,Flood,all_assets,536502423.4920085,250.0,343920924.2,59153800.8,37920108.0,1.5599586583455933,26311507273.67354
ZMB,Flood,all_assets,558864489.0458505,500.0,358255961.5,59153800.8,37920108.0,1.5599586583455933,26311507273.67354
ZMB,Flood,all_assets,586483011.1063288,1000.0,375960611.5,59153800.8,37920108.0,1.5599586583455933,26311507273.67354
ZMB,Flood,all_assets,628557317.8150307,2500.0,402932035.7,59153800.8,37920108.0,1.5599586583455933,26311507273.67354
ZMB,Flood,all_assets,665361384.5343828,5000.0,426525011.4,59153800.8,37920108.0,1.5599586583455933,26311507273.67354
ZWE,Earthquake,all_assets,24826519.796218533,10.0,14208300.2,14025881.1,8027058.6,1.7473251160767658,34156057417.32853
ZWE,Earthquake,all_assets,62048703.92662744,25.0,35510680.5,14025881.1,8027058.6,1.7473251160767658,34156057417.32853
ZWE,Earthquake,all_assets,122661878.92554109,50.0,70199803.0,14025881.1,8027058.6,1.7473251160767658,34156057417.32853
ZWE,Earthquake,all_assets,246469179.78763387,100.0,141055134.8,14025881.1,8027058.6,1.7473251160767658,34156057417.32853
ZWE,Earthquake,all_assets,613759827.0854282,250.0,351256799.0,14025881.1,8027058.6,1.7473251160767658,34156057417.32853
ZWE,Earthquake,all_assets,1136453755.4468966,500.0,650396280.0,14025881.1,8027058.6,1.7473251160767658,34156057417.32853
ZWE,Earthquake,all_assets,1644223333.3756537,1000.0,940994505.4,14025881.1,8027058.6,1.7473251160767658,34156057417.32853
ZWE,Earthquake,all_assets,2659890483.9431057,2500.0,1522264208.0,14025881.1,8027058.6,1.7473251160767658,34156057417.32853
ZWE,Earthquake,all_assets,3805618271.4094243,5000.0,2177968047.5,14025881.1,8027058.6,1.7473251160767658,34156057417.32853
ZWE,Flood,all_assets,228163659.7321775,10.0,148919695.6,79736447.9,52043027.2,1.5321254775125763,34156057417.32853
ZWE,Flood,all_assets,466224456.5992636,25.0,304299134.4,79736447.9,52043027.2,1.5321254775125763,34156057417.32853
ZWE,Flood,all_assets,645917948.7034638,50.0,421582930.5,79736447.9,52043027.2,1.5321254775125763,34156057417.32853
ZWE,Flood,all_assets,716443178.1024957,100.0,467613905.4,79736447.9,52043027.2,1.5321254775125763,34156057417.32853
ZWE,Flood,all_assets,755851620.5426596,250.0,493335325.1,79736447.9,52043027.2,1.5321254775125763,34156057417.32853
ZWE,Flood,all_assets,788074708.2725873,500.0,514366949.6,79736447.9,52043027.2,1.5321254775125763,34156057417.32853
ZWE,Flood,all_assets,827433837.5689194,1000.0,540056183.2,79736447.9,52043027.2,1.5321254775125763,34156057417.32853
ZWE,Flood,all_assets,889399333.0404543,2500.0,580500322.0,79736447.9,52043027.2,1.5321254775125763,34156057417.32853
ZWE,Flood,all_assets,946538659.7635955,5000.0,617794478.1,79736447.9,52043027.2,1.5321254775125763,34156057417.32853
