city_name,covers_by_area_threshold,area_ratio_2020_over_2015,area_2015,area_2020
7533.0,True,1.0364069994044,3717312.400142604,3852648.5904805646
1579.0,True,1.1379972640413298,3591810.5989399683,4087470.634548334
291.0,True,1.1023086938254887,1893911.4133518385,2087675.01627305
8798.0,True,1.1680591384145431,3811578.2770311213,4452148.83826856
3392.0,True,1.5204537322673262,40995534.80654596,62331813.90290788
3046.0,True,2.9595645642609845,38742440.954922475,114660755.38316205
2811.0,True,1.815637347051408,23879800.39145388,43357057.430856496
1909.0,True,1.5422014065980048,11366800.11930286,17529895.13250724
8728.0,True,1.0,6227874.507079525,6227874.507079525
1473.0,True,0.9999999999999941,3898062.148072792,3898062.1480727694
8033.0,True,1.2034484392394436,3273125.2177815535,3939037.4347744747
8783.0,True,1.0930766575379873,11526029.467415279,12598833.76492664
6459.0,True,1.12839332414186,11189323.09622792,12625957.483449912
1281.0,True,1.309493443833903,13211405.38105798,17300248.73032737
6994.0,True,1.1188261935579003,2602060.3456434873,2911253.2719242573
5067.0,True,1.2636203159808008,3031270.6147438255,3830375.132025909
357.0,True,1.3738713196837153,2677365.756704886,3678356.025440131
340.0,True,1.1390478272750537,1947028.406314226,2217758.4758550297
1361.0,True,1.1901902329854104,9869523.876563344,11746610.922101997
2757.0,True,0.9999999999999973,33468678.887459576,33468678.887459487
2909.0,True,0.9999999999999959,12696398.995977998,12696398.995977946
5988.0,True,1.07354417504698,13937375.482294982,14962388.264460374
7119.0,True,1.11776025055238,3764342.970825675,4207632.942235197
310.0,True,1.0218045657815233,3879180.5918227863,3963764.4402155946
6660.0,True,1.0221035373658618,2837066.303645749,2899775.5046978104
2538.0,True,1.130902282659789,2176136.542555806,2460997.783355742
8501.0,True,1.1456485028017211,8956599.11058855,10261114.361241
7663.0,True,1.0,2838703.7459117305,2838703.7459117305
8339.0,True,1.0742200759136593,1798919.936740481,1932435.911007955
6455.0,True,1.1891034248971755,8359550.215195363,9940369.791488728
5037.0,True,1.0977499921236697,4314553.139823385,4736300.675258275
2784.0,True,1.2940964082341404,20821040.81394416,26944434.133021582
5371.0,True,1.2154877561592148,3359544.0767559544,4083484.691574076
6981.0,True,1.0857828531340055,1921161.3735784472,2085964.0775348512
3427.0,True,1.0,875389.8856502821,875389.8856502821
71.0,True,1.9627625091983096,10172471.097915994,19966144.89689288
8976.0,True,1.083890966349182,2306107.5384611543,2499569.128367794
2115.0,True,1.316639239961926,2569975.9907437526,3383731.2351732524
8297.0,True,1.1008459411110663,2663880.405491154,2932521.9319902384
5078.0,True,1.3533425827507368,5691647.875966618,7702749.436568407
4123.0,True,1.145258061990925,1850271.1725846052,2119037.977271921
3423.0,True,1.302835782205115,2047303.6082900406,2667300.3979179095
2071.0,True,1.8665881708324774,1884570.0704996784,3517716.200699628
2716.0,True,1.0,1665081.3492525294,1665081.3492525294
9025.0,True,1.226669217426269,3518546.7610027087,4316093.001796926
4081.0,True,1.5136507383097688,2315821.4112028484,3505344.7888607625
1470.0,True,1.0332324364905645,1453150028.1697552,1501441744.1921687
1348.0,True,1.4524453843346774,2933451.3449650016,4260677.866164768
4607.0,True,1.2341675904423968,7842290.457968884,9678700.718060859
1416.0,True,1.2839812704027183,3046894.01280115,3912154.845338857
4347.0,True,1.3370677831068645,22269981.421099737,29776474.688540887
4170.0,True,1.199106801181653,3312212.6126682386,3971696.670810137
7138.0,True,1.2272652164032642,3207454.2361135,3936397.017187401
3276.0,True,1.24095633197964,12870090.350085359,15971220.113088487
536.0,True,1.096274691515388,1172733.093919979,1285637.6107670115
8641.0,True,1.0,42547749.66688049,42547749.66688049
5488.0,True,1.1554675045658063,1615335.0119585968,1866467.1153055765
6348.0,True,1.1369157434667165,7815902.482101807,8886022.58130213
1753.0,True,1.3729513888950309,20440496.768315498,28063808.427763153
4594.0,True,1.1049610561999452,5697585.162767938,6295609.719241198
1177.0,True,1.8429896216269772,1717231.605579779,3164840.0270133633
6541.0,True,1.131188918248371,676339.6228492729,765067.8863393803
3595.0,True,1.1690099368949856,4448937.339576117,5200851.958587621
7412.0,True,1.580180232626819,3547219.347221149,5605245.893270269
7302.0,True,1.2956558373122526,4527750.918620182,5866406.907606154
4401.0,True,1.224776018593323,2498172.9758691783,3059702.3511424856
6825.0,True,1.2202257502149645,1910922.4613656453,2331756.794022521
2475.0,True,2.360049042099092,24973584.310833424,58938883.73056333
8379.0,True,1.2682769872659772,13582147.793449221,17225925.484077018
1045.0,True,1.0184154345229472,2492392.6084543355,2538291.101340804
572.0,True,1.685577179309623,25180043.619350392,42442906.89879791
7830.0,True,2.194437339968792,7314178.831259755,16050507.138525706
2860.0,True,1.3725156085196057,7845224.434856682,10767692.9891802
9118.0,True,1.1182088277899112,19549691.871494602,21860638.031277932
3558.0,True,4.359784890806137,6400313.009497313,27903987.955236338
1188.0,True,1.207007424822544,3896262.009962324,4702817.175078534
2911.0,True,1.1447503798596228,17099184.66585123,19574298.141523033
1458.0,True,1.0,1265971.386608402,1265971.386608402
4608.0,True,1.1336342976217206,5522916.151320143,6260967.172025466
3425.0,True,1.2497393706123219,4846976.811135963,6057457.749321577
5418.0,True,1.0,20132531.281105883,20132531.281105883
7496.0,True,1.0726300640250204,12881557.384494746,13817145.722072573
4433.0,True,1.5664434552869944,3321586.499087634,5203077.4326654645
2151.0,True,1.1985643467586036,4917658.244327202,5894129.841194095
4491.0,True,1.6576725410163382,27615808.537478782,45777967.51054314
4282.0,True,1.3318797983560704,4182780.1538677798,5570960.387901192
2664.0,True,1.2132979363102117,18274921.78250431,22172924.884943012
7932.0,True,1.3593840258387038,2752621.775665166,3741870.0710149943
3302.0,True,2.8706080684619533,331312.7739535176,951069.1220954789
8347.0,True,1.1887625414818148,1069332.3351951134,1271182.2244752268
8116.0,True,1.6144236741754132,2950179.8593544597,4762840.208017331
7631.0,True,1.18396153606635,1370828.1358398944,1623007.7853919726
1072.0,True,1.6963417337504736,20743465.218303498,35188005.7524096
7193.0,True,1.780742458967106,3629647.6373408358,6463467.658902466
7488.0,True,1.0325372887094515,1974299.0290704374,2038537.3665780919
2250.0,True,1.1924486277535173,1864235.5077409686,2223005.0730151
6325.0,True,1.1302902253441045,27458616.21264372,31036205.506626353
8636.0,True,1.091622955568722,3260114.613291148,3558815.9496536646
3045.0,True,1.0823674691545875,3904477.7570591834,4226079.708278528
2159.0,True,1.0,6221025.355336864,6221025.355336864
5517.0,True,1.0554709685162726,2830358.749007598,2987361.490063555
4602.0,True,1.528771546037901,5052918.260226138,7724757.660689054
3337.0,True,1.0,9571276.988878075,9571276.988878075
7538.0,True,1.2073655728350503,2048090.8930242334,2472794.434274453
8169.0,True,1.0,3143669.916816509,3143669.916816509
6614.0,True,1.217535923777264,1709618.7064737454,2081522.191093403
2771.0,True,5.460519081349505,969833.6298897386,5295795.041747371
8135.0,True,1.1915174417178225,5126827.5800735755,6108704.4823376415
3938.0,True,1.0994357405228716,3476939.0123688714,3822671.017816632
9070.0,True,1.2483715191246987,1402373.2396334035,1750682.8115409769
9155.0,True,1.5740848388074216,1432991.869286028,2255650.775577443
744.0,True,1.1104869740743781,3605680.1960417354,4004060.8903822973
2872.0,True,1.1933873312694918,3765274.2921332987,4493430.638986582
359.0,True,2.5398015767220987,8125322.961886035,20636708.069974426
3831.0,True,1.3140272478406736,14023694.901761582,18427517.216319058
4842.0,True,1.0,2371461.4207281135,2371461.4207281135
3311.0,True,1.3616511737379444,7709730.582382255,10497963.696704123
984.0,True,1.0000000000000009,1190871.9386156567,1190871.9386156576
2676.0,True,1.3092564273314622,2969266.5052651567,3887531.2564784354
6723.0,True,1.1186303392712234,25748675.552301962,28803249.6688562
8520.0,True,1.3006262067589325,7816007.471088041,10165704.149120715
3822.0,True,1.568221561465001,6774081.022216914,10623259.91815144
2689.0,True,1.409246130017877,1912403.3848007475,2695047.069063542
7753.0,True,1.7821119105221808,1779337.2456046967,3170978.098227861
5926.0,True,1.0010674611429025,2793253.6459751097,2796235.3357044584
4778.0,True,1.3354256679851217,4667441.883817899,6233021.695479252
7570.0,True,1.0427150239035217,254749721.25913066,265631361.6921299
5483.0,True,1.1783542623403274,3917585.945905675,4616304.097442515
1951.0,True,1.2657280914669482,59011842.4897074,74692946.7684455
3279.0,True,1.1003871646710774,5683708.251758062,6254279.60796966
3065.0,True,1.3903309102259993,6337008.917288463,8810539.376083942
8834.0,True,1.2441258728300306,12598747.212960191,15674427.372889012
6662.0,True,1.0887448582176102,7045446.776179061,7670693.951410792
6382.0,True,1.159442131508708,61609213.799614325,71432318.16840054
3256.0,True,1.5016610063046552,1745034.680917655,2620450.5349833285
8854.0,True,1.1561647857018178,10784101.882250516,12468198.841678739
6918.0,True,1.2318788260661582,4952249.09258005,6100570.798554709
5162.0,True,1.015550151280477,6435806.568699216,6535884.334454375
6899.0,True,1.2233108424412553,81001165.41396806,99089603.90128474
4823.0,True,1.2493814572727184,2499871.0550062843,3123292.5416976395
4405.0,True,1.0858820474733324,62004248.20113135,67329299.9886892
2764.0,True,1.2511364002091219,20571616.552939136,25737898.280526657
1893.0,True,1.0,3391850.5980719733,3391850.5980719733
6044.0,True,1.1833555888789644,879158.333424625,1040356.927367546
5867.0,True,1.0549095004922076,2063111.0683929042,2176395.466618303
1321.0,True,1.0050129777171588,2520068.0252536535,2532701.0701099746
8941.0,True,1.2644051119369049,1521588.3720549478,1923904.1158900291
591.0,True,1.1781632739213042,3975828.4109909646,4684175.017242451
1558.0,True,1.546834321203216,99518212.97789785,153938187.41902372
2048.0,True,2.1326895733158597,10536524.096132273,22471135.07881261
7395.0,True,1.4203410781615118,2259283.6041544355,3208953.310197337
2121.0,True,1.3370778436219901,5282652.98449833,7063318.261116298
8084.0,True,1.0759949813508225,10440422.5944329,11233842.314791534
5069.0,True,1.8326878487519882,2588431.9857624094,4743787.847627747
7052.0,True,7.63563651512306,5442277.789711729,41555255.01656609
912.0,True,1.2939203444660679,938882.2348987304,1214838.8247932368
4654.0,True,1.1215011934697592,1262831.4446299386,1416266.9723036163
4622.0,True,1.2585591306547057,17356187.31448592,21843788.01799963
7046.0,True,1.2946901530143902,9849077.392033095,12751503.515741898
5580.0,True,1.192152916207944,2768433.1018132987,3300395.595653328
6272.0,True,1.347539983122468,9068526.973598951,12220202.684949176
3117.0,True,1.1085553902776395,20159016.983821735,22347386.940114066
6553.0,True,1.0,2609946.123094477,2609946.123094477
146.0,True,1.2765408348568845,22186712.7602417,28322244.829688832
8078.0,True,1.7171655109065451,1850554.4865510084,3177708.3403587616
8553.0,True,1.8945986080562232,28233828.50160998,53491772.17924839
1643.0,True,1.162698593966439,1147377.8029051227,1334054.5581860882
8096.0,True,1.0557584970047933,4345241.206590547,4587525.32539333
6357.0,True,1.135150342136188,9172748.123216204,10412448.17039795
8892.0,True,1.0781527593582103,9570165.36101559,10318100.191493321
3299.0,True,1.2667380939975854,2335249.3814054755,2958149.3504106123
9072.0,True,1.35175965378932,9334052.368260534,12617395.397771243
7548.0,True,1.1174572013591166,2391435.3826389015,2672326.689914835
4122.0,True,1.3314179777875046,12642168.57740517,16832010.522177525
1580.0,True,1.1779768206207903,24421015.1407713,28767389.77185796
3599.0,True,1.1731704504256915,7118016.703234088,8350646.861870729
5221.0,True,1.2069888738216628,10770825.750603,13000266.84284968
2098.0,True,1.435966237780843,4552809.386268746,6537680.56573364
5422.0,True,3.776764982526052,2739528.1483839187,10346553.979460819
32.0,True,1.4489032324909978,348234397.1526319,504557943.69900227
8565.0,True,1.1658872298307903,3328675.9638124164,3880860.798453594
8541.0,True,1.1240265265346767,49524856.6508259,55667252.59835562
3263.0,True,1.1267797141295814,799987.5383414598,901409.7297596176
5940.0,True,1.2249566455843537,1341208.5320667983,1642922.3044696604
9012.0,True,1.1607629179729193,4941728.523237867,5736175.220463593
2333.0,True,1.1546442710500622,699809722.6987324,808031287.1392239
6014.0,True,1.0728979236680496,2618149.39410651,2809007.0487896367
1520.0,True,1.0681763335106562,1453581.1422750317,1552680.9750155748
7368.0,True,1.1484895731962819,10453623.8907986,12005878.04069774
3651.0,True,1.4004541474390715,8290170.353788758,11610003.4549399
7529.0,True,1.4726405709509727,15199784.171528313,22383818.84069101
7191.0,True,1.1970898470797948,67402865.63915646,80687286.12071776
2539.0,True,1.3266071566403292,6984159.192423749,9265235.567784688
4532.0,True,1.1583543780994898,13011152.866413422,15071525.886931714
9017.0,True,1.3735420473126052,6478110.773074868,8897957.533967098
2140.0,True,1.5105083761606606,2597693.639178268,3923838.000678043
6385.0,True,3.5934671776446367,9704944.6842076,34874400.1835568
9185.0,True,1.819565994535677,5534109.77135148,10069677.949978763
6284.0,True,0.9999999999999938,23984032.019848824,23984032.019848675
6.0,True,1.0059990175309128,9360735.745251333,9416890.963089338
7082.0,True,1.1944674212334918,2224868.3884642823,2657532.806552846
3935.0,True,1.1957866347079602,4741639.236090538,5669988.825123928
5814.0,True,1.4517391387400544,47052376.26346985,68307776.1924027
229.0,True,1.3233910694587907,5779754.531624046,7648875.530815238
1584.0,True,1.087008476878851,9271843.287213853,10078572.24949373
4414.0,True,1.1356138151375965,20380433.60010848,23144301.95477765
3742.0,True,1.0678892267939144,804280.1017360617,858882.0559686538
2990.0,True,1.3156237424225925,2356364.42794708,3100088.987207209
786.0,True,1.127132656576196,3260607.0058392454,3675136.636542545
3004.0,True,1.481766642627904,4877157.3638469875,7226809.092595509
6725.0,True,1.130858193889529,3934419.4585763537,4449270.482929474
1254.0,True,1.10901826482993,1960247.9793520598,2173950.812697398
8671.0,True,1.052316286838688,7366250.272782792,7751625.13497926
5782.0,True,1.2028593292604026,21421440.805261753,25766979.918808572
1035.0,True,4.317090477712408,1424805.0037707458,6151012.114375678
8995.0,True,1.244981958285474,3016576.315526525,3755583.088621793
6303.0,True,1.2719770885103179,3787567.4958090098,4817699.07585546
9045.0,True,1.1755221804158469,11601056.58267732,13637299.329196457
1761.0,True,1.0346844095906005,2365710.177823238,2447763.4386035115
1788.0,True,1.365529597218135,9622789.089394419,13140203.309355823
7814.0,True,1.0,35493836.133824416,35493836.133824416
5659.0,True,1.0000000000076534,2145696.8394885957,2145696.8395050177
6512.0,True,1.085030069308522,9362622.28584949,10158726.707724784
2178.0,True,1.2678108039850087,3143304.4004962216,3985115.2791627306
3282.0,True,1.1718627393151226,5672574.131894372,6647478.261169842
6260.0,True,1.2171476394349194,18108803.35884846,22041087.261213545
7168.0,True,1.1926160042701295,3501749.06126582,4176241.973403519
5089.0,True,1.0479607316282822,836191.5200897108,876295.8771745787
2683.0,True,1.0460529332247601,2462249.584404688,2575643.4000979704
6384.0,True,1.2846444121505614,2553473.3785178415,3280305.30728816
8937.0,True,1.1825772049191285,2306056.6153194085,2727089.986529692
8643.0,True,1.0,11383588.786827376,11383588.786827376
8190.0,True,1.2839438337773925,24911244.18569753,31984638.363949265
2566.0,True,1.2137560306204416,38710886.99098958,46985572.53598
8465.0,True,1.1317283513935572,26413000.458454266,29892341.46420372
3791.0,True,0.9999999999999974,12583612.285271244,12583612.285271212
4818.0,True,1.8878935094089389,2204706.491972346,4162251.0763463425
7956.0,True,1.3540293851765626,2535389.374035596,3432991.7153086076
4528.0,True,1.2075391441607117,3539834.5075654592,4274488.731736149
5260.0,True,2.18234962736801,1373924.8626081718,2998384.4119445877
6164.0,True,1.0788602152193552,14517858.576248996,15662740.028096152
5398.0,True,1.2920332561607164,510196630.27748615,659191013.4996456
1712.0,True,1.3277865450891257,2826879.8507228144,3753493.0303733093
3076.0,True,3.296757653664477,9043849.164393086,29815378.95129999
2829.0,True,1.3504698401844102,677548.2286918237,915008.4481186772
933.0,True,1.0944526576008726,4296206.988877327,4701995.156580233
4096.0,True,1.1676437311836947,5897226.84942265,6885859.962096528
247.0,True,1.1280766069137407,2896911.565204987,3267938.169005615
6965.0,True,1.1890607080002469,4401058.237447827,5233125.423770032
6560.0,True,1.4252981333191823,1305972.8906003581,1861400.723138147
2884.0,True,1.0639595440449232,7620893.941945023,8108322.843686543
6967.0,True,1.2739991967819435,5210341.268459559,6637970.590977292
2779.0,True,43.40611862478966,283846.2328040986,12320663.252294365
80.0,True,1.0167770266323795,1563233.8942987234,1589460.3109760114
1068.0,True,1.054120177991302,7033958.074604115,7414637.137585047
8414.0,True,1.7842968781414779,1768656.1707148405,3155807.6839121506
7444.0,True,1.2855800072062884,5352284.301185629,6880789.690488325
807.0,True,1.0191421279302089,1299524.8362715978,1324400.5069359925
2871.0,True,1.2131454576368979,3870066.1059001745,4694953.117127314
1007.0,True,1.0646334531249615,7227471.442819834,7694607.879531327
353.0,True,1.1515160530454005,1520869.0325493182,1751305.1055601675
4012.0,True,1.1543089506908233,4720790.53296959,5449250.7665433
1066.0,True,1.185086190881482,2353524.802700688,2789129.74357765
6124.0,True,1.5087874766999738,555315.9524630958,837853.7546880369
2972.0,True,1.0489443008392416,3344675.5905763092,3508378.3988911444
3433.0,True,1.7571997595613102,8871800.43139763,15589525.584927844
7913.0,True,1.0162614395389096,4544359.001788064,4618256.82093874
5777.0,True,1.8969020556823164,3326050.336299517,6309191.720229414
2707.0,True,1.0989486081981419,2292518.7969739577,2519360.3412026092
1826.0,True,1.6991008967962031,8883575.542033557,15094091.170226032
8577.0,True,1.059881834597516,14043944.055646768,14884921.190683777
6760.0,True,1.2541096135700867,2585618.75049832,3242649.3320270185
6815.0,True,1.0104159986586145,10874700.559694134,10987971.426136743
5634.0,True,1.0,6069935.421889185,6069935.421889185
3026.0,True,1.2785235003387174,7834394.397155173,10016457.347684868
5636.0,True,1.0,3251822.8185036667,3251822.8185036667
4919.0,True,2.3126680408401588,232845875.93544903,538495215.7173456
2452.0,True,1.390570800002325,53410288.04974518,74270786.98168877
1371.0,True,1.3143261882149635,2152080.4163861945,2828535.6504009385
1418.0,True,1.0664744979219805,4977348.565844857,5308215.312742083
7804.0,True,1.6208265353931144,9206994.418990025,14922940.865515342
5188.0,True,1.312927575206137,1533934.6128915944,2013945.0518285253
4273.0,True,1.1888814480505039,4097514.838855446,4871459.375026889
5094.0,True,1.199704314694592,1488246.7365207276,1785456.0311340627
4958.0,True,1.1001780411111128,3385779.822440564,3724960.612686191
5569.0,True,1.0,24508814.181332268,24508814.181332268
8635.0,True,1.4182124986820832,6115653.94081112,8673296.856472667
712.0,True,1.077488494152984,4838432.150479099,5213354.971881108
7977.0,True,1.2479208811592781,795100.0369989147,992221.9387814603
7716.0,True,1.1279606539406744,17826616.435648203,20107721.93230332
7610.0,True,1.1806564508388724,3390036.9106317214,4002468.9471192234
1433.0,True,2.899529811251067,5315769.12371408,15413231.043936936
844.0,True,2.322105653172717,3385837.488017671,7862272.371649945
4859.0,True,1.8022699549546886,14613833.67266416,26338073.354947746
8628.0,True,1.1121387975485442,1716993.7225731064,1909535.334020853
4110.0,True,1.4446836710673774,6430909.141645789,9290629.427053595
1552.0,True,1.1904242042590607,5697924.490480871,6782947.227508904
3085.0,True,2.0588575476206428,5362988.350715506,11041629.043672202
2466.0,True,1.1984455730286707,7815987.293709908,9367035.37099498
2451.0,True,1.4026765032389332,4290022.572350078,6017513.860600101
6349.0,True,1.1003148637087417,4657652.434401268,5124884.20356092
5367.0,True,1.0785411660401922,8002518.876397269,8631046.040208159
1916.0,True,1.0155117467889156,1553403.1100987515,1577499.1058037174
2379.0,True,1.1164773478763863,14952003.253354419,16693572.937744241
5522.0,True,1.0134961179580013,14977909.520363485,15180053.154014582
3100.0,True,1.1905870065951458,3255317.2568427715,3875738.428341957
1144.0,True,1.0095240321547756,6344936.357588394,6405365.73547807
5312.0,True,1.0987529548271686,4503194.433305837,4947898.189756046
6519.0,True,1.0222912937033508,6836825.506619444,6989227.191986058
1429.0,True,1.6982071335563573,3439563.5681898138,5841091.3878205
648.0,True,1.1652517803435265,2338106.8934926065,2724483.2202757318
7700.0,True,1.4119498616178856,1016485.9652050583,1435227.217907805
6396.0,True,3.394223643485692,30897973.886718396,104874633.50210309
179.0,True,1.0995615040306206,3162661.03535856,3477540.3247778974
1354.0,True,1.075889692912624,35159988.72661292,37828269.47388689
8920.0,True,1.2786426094822663,9588969.032256095,12260864.385648575
2954.0,True,1.0506848622200955,2707854.3451378564,2845101.5695332554
2193.0,True,1.0022779032669364,1793341.6673826505,1797426.7262255147
4909.0,True,1.0,5498674.777004885,5498674.777004885
5779.0,True,1.1020634544757235,32622161.33596916,35951691.81438256
5729.0,True,1.1760781187816232,1023554.9422570958,1203780.5709593582
2703.0,True,1.5502491966059773,2098223.5001620348,3252769.295425976
4841.0,True,1.3187496758402015,2169849.4691551435,2861488.2840703786
796.0,True,1.3097698810558245,939312.4902820843,1230283.208671016
2172.0,True,1.1943826666259398,4308484.730572564,5145979.4816184025
4598.0,True,1.0344222866687542,9201999.877833981,9518753.755554624
23.0,True,1.2272208811048169,1365128.6817305745,1675314.4236148526
4712.0,True,1.7342314503153475,5711504.012698316,9905069.887423728
3283.0,True,1.4198852323792197,1927040.7074724291,2736176.642733706
5441.0,True,2.451531027900453,5874821.710736595,14402307.707253983
3510.0,True,1.0000000000000007,756606.3215449568,756606.3215449573
5085.0,True,1.4294122154185671,2003347.9127916684,2863609.978277701
8270.0,True,1.0,2961407.6155713825,2961407.6155713825
8649.0,True,2.114642652263255,2712025.8052763967,5734965.44187607
6593.0,True,1.308578446596336,402019.3536442534,526073.8612934601
7836.0,True,1.3967031363402425,9459130.961525057,13211597.881015139
8527.0,True,1.3540206318546155,11511963.822609873,15587436.528977696
5790.0,True,1.105018271204285,2092851.0163436625,2312638.611968205
2066.0,True,1.0,3791713.944842763,3791713.944842763
2446.0,True,1.0529714760276982,13029433.425893657,13719621.746267872
3635.0,True,1.1276802394011927,6180521.9152145,6969652.432973405
2745.0,True,1.2832626382206616,8601247.60843163,11037659.69798513
795.0,True,1.1399623854105843,344022.2265945247,392172.3980629549
6844.0,True,1.0087310611789524,4953379.657240142,4996627.9180700835
8718.0,True,1.450180587691985,1907754.4637602838,2766588.489427896
6421.0,True,1.4808547643693857,4014322.0713025057,5944627.9650014965
847.0,True,1.3234842108661757,4788471.4862111015,6337466.406183284
8862.0,True,1.0,2565619.5749850874,2565619.5749850874
3814.0,True,1.0,37669889.08680599,37669889.08680599
765.0,True,1.1720902722679407,2928368.6054928857,3432312.3561130464
638.0,True,1.1087541650210648,3571464.129631763,3959875.7289525494
6911.0,True,1.0707051631044315,5759173.467025591,6166376.7663583495
5673.0,True,1.0787904158748318,11376186.100059357,12272520.533952514
5962.0,True,1.1924262020085934,10842513.347980898,12928897.011760341
6290.0,True,2.175181514671143,1603532.2989289064,3487973.814808279
2090.0,True,1.2402211638987561,5511235.699311627,6835151.153520641
759.0,True,1.388081328543771,13494649.297933564,18731670.72570789
6016.0,True,1.0083406464019842,3788156.5119027183,3819752.1858838727
1195.0,True,1.3374286445640284,3218032.635044642,4303889.025250564
2404.0,True,1.228311180855812,8495544.943192946,10435172.84118695
1024.0,True,1.9650406297160867,7666932.88900969,15065834.632210577
7037.0,True,1.1462704572920124,6303613.53199853,7225645.965916073
1015.0,True,1.1455414305374818,3184670.48988052,3648171.9887682335
8004.0,True,1.0752332862826617,2467334.5398934367,2652960.225688339
2936.0,True,1.422767160331449,3676448.6826139567,5230730.452266956
4875.0,True,1.0676209648128288,31132866.365540337,33238100.826567043
1703.0,True,1.0638527771680413,29153975.94617352,31015538.275826972
6746.0,True,1.2879492016592633,3684142.8772954848,4744988.877611381
3061.0,True,1.030389550817093,2753909.424834595,2837599.4952462777
6842.0,True,1.109609051132983,2990925.6882844064,3318758.2149865245
7033.0,True,2.9021738207388013,1064888.294000411,3090490.9288591966
462.0,True,3.494769264399498,337451.7140332714,1179315.8784224058
7311.0,True,1.4970180687408827,41094005.75896596,61518469.13811394
1212.0,True,1.4833346496652635,4222676.038384596,6263641.6820471175
5034.0,True,1.270522970720904,5874089.5311985575,7463165.681458954
7781.0,True,1.122578882529079,29945544.55884032,33616235.947587706
6900.0,True,1.0580924037429278,12622718.065990385,13356002.100213047
6698.0,True,1.1398860919344862,3563328.9201694885,4061789.077089131
6216.0,True,1.0894373691471537,4009225.81429958,4367800.42344739
3841.0,True,1.0379679928039889,976072.0744324666,1013131.571930693
3234.0,True,1.0932501584582337,21166612.50323261,23140402.47318308
2604.0,True,1.276219555866686,2491641.5878924215,3179881.7206790308
7926.0,True,1.1530296737280759,3382105.9703610074,3899668.54351913
8503.0,True,1.1060075332458685,2020051.14486674,2234191.783764556
3818.0,True,1.0224568643541991,20045547.060124204,20495707.19135913
2980.0,True,1.453577503795186,2363924.462181637,3436147.4188983613
3286.0,True,1.303853528260645,4167296.7327351137,5433544.548285736
4779.0,True,1.6462945072601913,7599278.75878587,12510650.879728222
1811.0,True,1.343180875216702,3311962.2003165437,4448564.286905809
7601.0,True,1.2161970144039769,1700769.5838005515,2068470.890007325
3665.0,True,1.3394847827214003,6132268.772992233,8214080.704980729
5465.0,True,1.0227288080290458,23617578.266279705,24154377.66880494
3840.0,True,3.015532658549064,9276274.595554337,27972908.992563114
8900.0,True,1.0,38117135.84590041,38117135.84590041
1090.0,True,1.0,4074829.399952605,4074829.399952605
107.0,True,1.818160079201196,1408263.0521459929,2560447.6624258766
5476.0,True,1.715907296445653,4505062.534428706,7730269.673770163
7329.0,True,1.378754241266797,35836890.475116074,49410264.736379966
6677.0,True,1.090183888887847,107845499.87106417,117571426.44849053
1450.0,True,1.1483736232186688,5699217.502581486,6544831.052950754
1098.0,True,1.29318738989522,66075432.06064033,85447915.5226984
6365.0,True,1.121622710324416,21583836.306637518,24208920.97744931
2696.0,True,1.1902729256938516,2957080.0443023155,3519732.3158426215
5993.0,True,2.284337222335548,7500729.824167974,17134196.332029276
1828.0,True,1.5629345902506806,8194470.401463413,12807421.23923255
4219.0,True,1.1145339284412545,3426452.1275678477,3818897.150354088
1031.0,True,1.9080482320642862,1359737.9201955074,2594445.5346998074
3041.0,True,1.0856852637349395,1830053.2326747105,1986861.8265654214
4485.0,True,1.5140492819104376,43594191.97262948,66003755.05162543
3508.0,True,1.5433711303572304,6038297.637309563,9319334.249927854
2093.0,True,1.082406445328988,4351958.0869818535,4710587.483150771
5263.0,True,1.128571462005763,6525030.744480933,7363963.4869313985
6434.0,True,1.1718019256640444,6379867.764545601,7475941.331976497
8363.0,True,1.0,943138.6930659713,943138.6930659713
3689.0,True,1.2638616140953678,4726914.471786242,5974165.754002512
7223.0,True,1.1571617265115817,4346344.753615087,5029423.799107789
7725.0,True,1.3788449755557888,3038682.055010752,4189871.483863114
6271.0,True,1.2683855614342476,2407564.565771325,3053720.1334450627
86.0,True,1.1440562622898929,2338624.750282775,2675518.290707146
7896.0,True,1.087867345937116,1749498.7185280197,1903222.5276454624
6571.0,True,3.795214604546944,16029262.847658414,60834492.459554955
3659.0,True,1.2844575651713268,2073613.457902392,2663468.493243802
7852.0,True,1.308070462882091,9567800.520321148,12515357.255379993
1483.0,True,1.3230637082279244,3581260.57390483,4738235.895040989
1847.0,True,1.101741600227824,2892400.8302657814,3186678.3192373086
1650.0,True,1.144480888722229,50821308.7700334,58164016.62715463
1525.0,True,1.5728553567703563,25458707.689016555,40042864.76512034
8808.0,True,1.4237351463718646,7677978.961268083,10931408.500261111
3363.0,True,1.082763678259936,4974021.755692515,5385690.091938571
3470.0,True,1.0893967037675558,1842473.196856768,2007184.227435834
7152.0,True,1.3674209604216268,9990396.165485403,13661077.119600587
2673.0,True,2.4216897855964863,2475252.059544503,5994292.629375589
8517.0,True,1.4850944651887679,3823978.7192730354,5678969.630992018
4153.0,True,1.2758420655454363,1083193.073227322,1381983.2879308555
2594.0,True,1.061715865195321,3567237.123075644,3787392.248483125
8163.0,True,1.0,4447199.361146232,4447199.361146232
7478.0,True,1.073819887395313,2003264.1323680147,2151144.865042491
3271.0,True,1.0332413736276438,2538063.009079058,2622431.709854357
5989.0,True,1.506015795974576,2339726.484063991,3523665.043260427
3114.0,True,1.002544173839539,24928317.092563674,24991739.064774312
653.0,True,1.228608622760093,797783.7472770875,980163.9910024886
1344.0,True,2.01175062047081,9906891.57651216,19930195.27598538
7479.0,True,1.6801844636666354,5445635.078200723,9149671.453190899
3409.0,True,1.1148254815412588,6219344.671755111,6933483.918560454
548.0,True,1.0,4597308.375160621,4597308.375160621
36.0,True,1.0000000000000007,687740.7575415978,687740.7575415983
4049.0,True,1.784056966202239,5534723.1284837,9874261.353371995
9098.0,True,1.027978643300306,3301485.250615288,3393856.3288034745
1810.0,True,1.1857947011077865,48117353.5026288,57057302.81474742
7510.0,True,3.1920991550320803,1092444.5334754523,3487191.2722264067
3244.0,True,2.2771394368952196,7388667.446009454,16825026.02741201
8795.0,True,1.1018514361969982,13999331.136599768,15425183.118659811
5298.0,True,1.373227771071159,745323.6177230678,1023499.0902925408
6537.0,True,1.1748588523027828,3551658.588976296,4172697.5336160124
8388.0,True,1.9787696752268824,20443030.990109842,40452049.792952746
5150.0,True,1.2513160172178373,2122697.5245920345,2656165.4122306667
6656.0,True,1.0000000000000049,52217171.07227938,52217171.07227963
122.0,True,1.0102939395396764,6570265.121315961,6637899.033234431
1142.0,True,1.8997541135670069,4245171.087907277,8064781.237047575
8207.0,True,1.0764208993513793,10576349.535891753,11384603.679279143
2012.0,True,1.5135603306688117,2843495.932155197,4303802.643328241
6462.0,True,1.338441598967474,9947927.57010475,13314720.08334362
405.0,True,1.176316034359531,5166236.3570555225,6077126.6640955815
4478.0,True,1.0,4949936.040415341,4949936.040415341
6888.0,True,2.123213642977981,4225172.135667104,8970943.122378808
6545.0,True,1.0289454649727205,6878382.335624968,7077480.31058978
2004.0,True,2.7452993760924094,2896686.98663849,7952272.977153648
5176.0,True,1.8298865342593191,1936613.3235361488,3543782.6428059847
1780.0,True,1.4435137935770836,1965854.7270910756,2837738.414724681
501.0,True,1.7617768268538012,3809416.1445292453,6711341.087274375
3749.0,True,2.8992403482873366,1665190.889260577,4827788.613744735
4432.0,True,1.0380408633896578,2428828.682500859,2521223.4226087565
463.0,True,8.34466402188639,2498638.781429466,20850301.143084515
4310.0,True,3.5768513442790986,991116.2558882878,3545075.5122108893
2668.0,True,1.1201286209500592,2679245.0620155395,3001099.076502722
8101.0,True,1.0,11111336.792398829,11111336.792398829
3098.0,True,1.3237580245376637,7517232.595012109,9950996.969963364
7885.0,True,1.2130408670630686,1749459.3376643683,2122165.671851967
1476.0,True,1.1705275312561514,9929926.720274774,11623252.609437723
4267.0,True,1.0702154950022578,5568161.931208092,5959133.177460595
9200.0,True,1.0,2312159.307610707,2312159.307610707
6646.0,True,1.5389435819537525,8533232.70237216,13132163.700633511
7325.0,True,1.7504073538700078,4008068.417251771,7015752.432371623
8875.0,True,1.0184292495717124,1714459.0014018738,1746055.1942191778
2062.0,True,1.0389251192689615,3134267.2576608653,3256268.984486115
2959.0,True,1.2857756577926487,1893640.5612002667,2434796.9382001134
2150.0,True,2.2371661266496354,5807551.63249323,12992457.790982645
2318.0,True,1.0443898498434923,4541185.7399796415,4742768.293088746
4969.0,True,1.5789618226062232,6998432.9866323825,11050258.503960581
290.0,True,1.0860799986086207,1490833.2014690083,1619164.121377146
2340.0,True,1.0,3736918.293346812,3736918.293346812
4034.0,True,1.206015038296113,4301362.493716893,5187507.852585442
4964.0,True,1.4880956140964992,3479458.8209591713,5177767.410898719
7927.0,True,1.1946096848064145,1700206.484087901,2031083.1320620696
8710.0,True,1.2961974688933524,7874975.610760196,10207523.454264248
3080.0,True,1.6308153877241462,674086.0129308066,1099309.8425371773
2112.0,True,1.2777982389717122,4551782.536744849,5816259.70963476
8337.0,True,1.270472103950531,2465621.945833994,3132503.9010703163
1536.0,True,1.0775290807429885,8284184.377188986,8926449.576657875
4629.0,True,1.0510122176609697,10938637.68623565,11496641.852800388
441.0,True,1.916666749843997,1015446.4464975273,1946272.440249052
5611.0,True,1.8053917034473526,20235797.162522625,36533540.309861824
2805.0,True,1.4451706292994173,1937661.5516372179,2800251.5639488436
2547.0,True,1.2906287662049325,4589138.875397007,5922874.64469673
5495.0,True,1.1104291793229262,7980978.75850499,8862311.693000402
4226.0,True,1.2023522642542752,174622786.31245017,209958102.5131649
3717.0,True,1.4446652628949077,3436198.74274226,4964156.960042899
2858.0,True,3.4439118624123664,44361348.58695818,152776574.63123533
2809.0,True,2.8878852804588107,2856797.009872873,8250102.034070613
277.0,True,1.5183620821148753,2195597.6915410142,3333712.282414828
7817.0,True,1.4042469726878235,3741670.5780375423,5254229.582004317
2482.0,True,1.1204952500439518,23029342.06999401,25804268.401065636
4812.0,True,1.1531283258880352,1816282.088796798,2094406.3243946752
3986.0,True,1.4245232080653607,11230891.690774655,15998665.860776914
3434.0,True,1.1880750948525367,2420136.059121121,2875303.3779963707
1041.0,True,2.003725471059815,416453.1943370662,834457.8729974027
9121.0,True,1.12139577270115,11716265.717110367,13138570.847010974
3438.0,True,1.107587333701653,2852570.683167038,3159471.1571644824
4243.0,True,1.0173367516236107,3138160.8949583764,3192566.4109491976
7555.0,True,3.141847187169738,2013894.0082339505,6327347.225027827
6042.0,True,1.1802528314597298,161708.18641299935,190856.5448841603
4826.0,True,1.0477250504768172,6042707.012623394,6331095.509817462
8066.0,True,1.420958302025589,2984456.0913555017,4240787.66004244
4019.0,True,1.2717584626682257,56516201.92276994,71874958.07314892
320.0,True,1.1825135693273936,3022135.272956563,3573715.9686140823
1649.0,True,1.1663629808858589,2897130.2644298347,3379105.4912350182
3238.0,True,1.158595051531413,2930502.4705208945,3395265.660846089
2331.0,True,1.1159516822227935,1612090.6992808967,1799015.327758236
6864.0,True,1.4212578178063298,9976925.842245245,14179783.850965057
3285.0,True,2.1814571075958464,1703203.437213189,3715465.2437903867
433.0,True,1.3553957204539024,18132959.95223126,24577336.318416245
1540.0,True,1.0,16630737.348877098,16630737.348877098
7056.0,True,1.5146877193886454,2133952.1876223576,3232271.17235412
5218.0,True,1.1635335222860588,5900061.494672765,6864919.33260095
4188.0,True,1.2267718560530572,4305577.858202403,5281961.740487909
8631.0,True,1.0,1355469.2494076963,1355469.2494076963
5241.0,True,1.0344832405883444,13292174.585696409,13750531.839877255
7165.0,True,1.2526341431930983,741708.8442106565,929089.822566559
6077.0,True,1.0584986760252717,4025292.1462569134,4260766.407427867
1652.0,True,1.1992553194449442,2432894.4731202293,2917661.6385376398
4658.0,True,3.1091617977074657,2694224.46234417,8376779.77276943
6819.0,True,1.4302671810388015,1661273.5390664677,2376065.02165495
2450.0,True,1.8387607123968812,4655714.679951766,8560745.241624726
3159.0,True,1.0,11286680.910293503,11286680.910293503
551.0,True,1.8958434244811626,547376.1259828572,1037739.4291625723
8423.0,True,1.0885123597444941,6460850.921520798,7032716.082541993
5239.0,True,1.24790393352673,5375968.083114148,6708691.7174323
17.0,True,2.3347701783826005,103119200.26696102,240759633.6019637
6187.0,True,1.5203315631386387,4546628.900557384,6912383.4233957175
6376.0,True,1.6396492240699385,5814669.056925364,9534017.607411154
8158.0,True,2.729543203985743,3221669.5840174668,8793686.318542453
8539.0,True,1.0191850476631548,7668284.53496836,7815400.939266361
8803.0,True,1.0387411065993322,14276127.395871157,14829200.369140247
8732.0,True,1.674217251117886,14431430.059003344,24161349.16308461
7936.0,True,1.629495210709471,4314236.151072323,7030027.146042013
2521.0,True,1.303600798101161,3862679.4295120374,5035391.9871208295
4427.0,True,1.0,1780991.093565731,1780991.093565731
5190.0,True,1.175557267018079,2747257.2796913413,3229558.2595094754
1057.0,True,2.02441499442228,3086907.9744973197,6249182.789974082
7862.0,True,1.0552609097317474,9193081.47077987,9701099.516093235
4010.0,True,1.6991842352309172,21181639.5854245,35991508.059896454
7348.0,True,1.528990622886395,4250954.342811162,6499669.328476463
3816.0,True,0.9999999999999994,10312526.914426154,10312526.914426148
1751.0,True,1.2400544034301457,8279896.811299632,10267522.500799332
8542.0,True,1.2940663711744702,13131507.004158411,16993041.616923414
3668.0,True,1.1779912095878542,8878012.356639648,10458220.514733855
6009.0,True,1.544214738911557,969846.17394247,1497650.7562789437
3760.0,True,1.3512028422308153,1457945.64600053,1969980.3006939583
4934.0,True,3.9628055757292375,3740733.318314283,14823798.851131974
3961.0,True,1.12008453051465,3725944.516830329,4173372.814857533
4853.0,True,1.4653928507774678,3921662.490309775,5746776.176462105
8281.0,True,3.527394224035367,2217505.5305696526,7822016.200297874
3625.0,True,1.1644240891662512,12708067.740862774,14797580.204217155
6568.0,True,1.8483676907114137,1024479.5141561033,1893614.8337618676
1778.0,True,1.0813266298017383,1828048.7723253935,1976717.818091823
2468.0,True,1.2419643428746752,57188616.61892082,71026222.65902972
5050.0,True,1.280920335391461,1030490.1484182447,1319975.7865294944
7868.0,True,1.1200872695103083,24713766.116070293,27681574.808265552
4599.0,True,1.1999118046490578,2785201.571858309,3341996.2443998964
8041.0,True,1.9569188316540365,3898082.200612222,7628230.465713465
8863.0,True,4.947228898411419,5440143.59550556,26913635.607192907
2281.0,True,1.287965391709284,36274999.40110499,46720943.812898226
7272.0,True,1.6647637168172762,2425362.9586932673,4037656.25374515
6741.0,True,1.529932909585455,168521942.31777996,257827265.5392333
3674.0,True,1.1266388273619747,1555398.2814187687,1752372.0958584722
4904.0,True,1.0944470758994729,4684909.1120747905,5127385.078565051
6489.0,True,1.0873143607211102,17266593.405894667,18774214.970961697
5.0,True,65.73731917004108,210024.33705213084,13806436.87827221
3700.0,True,1.396370548427955,10657860.052228048,14882321.886198074
3528.0,True,3.6499432728505723,23184076.9851937,84620565.82935752
2669.0,True,1.7103753057915376,7004830.865855343,11980889.734205334
5177.0,True,1.466518095666011,6654695.708248462,9759231.67729731
6853.0,True,1.433020019801385,13225915.419216108,18953001.575936507
7733.0,True,1.3938528674204846,7293884.424523309,10166601.719755426
3912.0,True,1.40286962714755,4880578.867164324,6846815.855643027
5546.0,True,1.034414387371341,2661199.5889681764,2752783.1424953807
5301.0,True,1.767159069109649,18311004.36379123,32358457.42598003
8008.0,True,1.049811496768133,4680363.271685123,4913499.171666355
2702.0,True,1.223868143521929,5870662.99219194,7184917.417496841
6074.0,True,1.4587617327087792,4934723.747779647,7198586.164750199
5639.0,True,1.1558738238956556,2033701.1499057985,2350701.9248026074
8719.0,True,1.3450891540871381,3365796.7237785864,4527296.6680165995
2234.0,True,1.1315742902319637,3446399.585211953,3899857.1644919496
7803.0,True,1.7810046284547179,7529137.966040136,13409429.565791624
1247.0,True,1.357607831831103,5198407.745286511,7057399.0680524325
3493.0,True,1.1266248483444095,11588730.598907579,13056151.853498468
6142.0,True,1.233136768120359,8231212.5423562955,10150210.832193006
7859.0,True,1.2330131061157714,1579993.1373273423,1948152.245897589
7466.0,True,1.0,7283452.903009463,7283452.903009463
7310.0,True,1.1677402367710754,5340284.84225928,6236065.486124838
4066.0,True,1.538442338467683,9958911.384005975,15321210.918202583
1355.0,True,1.991961341207891,9338361.52618129,18601655.15037625
8894.0,True,1.0,2878645.7204124355,2878645.7204124355
2934.0,True,1.7337723454281673,8335161.760432209,14451272.954907723
7967.0,True,1.4514124528476553,2494972.4624947947,3621234.101576925
3777.0,True,1.132382012619422,2462877.251562354,2788917.898958769
2543.0,True,1.488924551588628,1867856.4974091325,2781097.397836798
1996.0,True,1.2800907279232472,2606390.3526796526,3336416.1238138257
287.0,True,2.890775047077749,5123795.202781816,14811739.31853835
575.0,True,0.9999999999999998,2104192.149168248,2104192.1491682474
5658.0,True,1.5326699501480923,5737528.452718638,8793737.447601536
7220.0,True,1.448981946484438,6694942.902013907,9700851.397762284
9071.0,True,1.5138043803896963,1524727.7470601804,2308139.542401414
1094.0,True,1.0444115641865352,5007591.637403593,5229986.6148281
5446.0,True,1.2328943142613054,1580434.4795729206,1948508.683927979
4989.0,True,1.4528605293480348,18403456.763225198,26737655.934853032
7430.0,True,1.0322799292547629,9722331.87061905,10036168.055593958
6808.0,True,1.3415956330987606,2935996.9744755765,3938920.7197476067
2492.0,True,2.388842628821445,12090179.825157376,28881536.956452943
8526.0,True,1.468563092436594,1861579.2081149346,2733846.5186849344
8268.0,True,1.1159157009036282,4442332.115096102,4957268.155864163
4645.0,True,1.0460994176930318,9601577.177665457,10044204.294490539
5874.0,True,1.1405848031962917,407215296.555033,464463578.87974197
4825.0,True,1.0742952209820185,2020446.7477515158,2170556.285358115
3037.0,True,1.1672211479011638,1668104.8466739098,1947047.253954216
1998.0,True,1.7169858156376923,1776503.100797239,3050230.625505237
7763.0,True,1.3243476647648964,1777655.0308889535,2354233.288915355
8165.0,True,1.130999351625636,5693308.3931207815,6439128.101224395
58.0,True,3.453946930807965,1651583.5623226757,5704481.976057291
9089.0,True,1.0892325939006104,2970193.3352394965,3235231.3909292226
1522.0,True,1.161751392933491,22571045.466198172,26221943.510320887
9183.0,True,1.5775961768358848,1138779.7944309628,1796534.6499522417
5118.0,True,1.9855765855826593,16037445.381162507,31843576.041397043
2759.0,True,1.2741610312878933,3491431.007274734,4448645.332899703
2302.0,True,1.2295435910788808,3902375.211889479,4798140.431763798
8263.0,True,2.2060293798261186,7267250.009882099,16031767.032341562
6168.0,True,0.9999999999997404,29066985.269102372,29066985.26909483
5541.0,True,1.1645428858080626,3200988.426313913,3727688.2994178133
641.0,True,1.3847246677678469,30881360.240402717,42762181.299110845
6619.0,True,1.0612578726838073,3028359.4796697246,3213870.3391161337
3092.0,True,1.8456727562074033,9199398.94561343,16979080.00740182
1716.0,True,1.05830688329582,13575847.648690253,14367413.01318427
5459.0,True,1.2126300700880117,27181728.23550566,32961381.015334513
1838.0,True,1.220449236587586,1157314.342429411,1412443.4057098387
5542.0,True,1.5565569352337858,4807858.175748863,7483704.987082351
7891.0,True,1.0811106396138657,1867746.2112663747,2019240.3010985644
6291.0,True,1.6781575769002524,8283999.419173789,13901856.392323785
6633.0,True,1.4587910563843642,4842289.36600575,7063888.419554302
7040.0,True,1.1305963188361685,3177254.461133994,3592192.197763888
3856.0,True,1.1320597090938078,4308245.825280634,4877191.515671806
5304.0,True,1.6336589799904833,2410336.4424873367,3937667.7740677525
7234.0,True,1.0741941428136286,2840963.8324145037,3051746.708725019
8538.0,True,1.5185715242278144,10960411.711367738,16644169.118696094
5984.0,True,1.1428815456674584,2922025.2881464018,3339528.77779616
5139.0,True,1.1552216302307021,7728710.551448689,8928373.602825783
5339.0,True,1.0,4753614.539686627,4753614.539686627
2111.0,True,1.4620127575951403,2270968.6895740526,3320185.196256383
8820.0,True,1.2031099527396456,8239287.372915171,9912768.64183633
5652.0,True,1.0,11274492.975235967,11274492.975235967
5382.0,True,1.1613175685436423,8960067.411776954,10405483.700631939
3220.0,True,1.380050345570387,3263841.6693543703,4504265.823679527
8899.0,True,1.0,14066973.981948813,14066973.981948813
3071.0,True,1.9730186228729645,1951680.3646498683,3850701.7053496884
7515.0,True,1.2070346867453707,1977769.0749033962,2387235.8757807026
3415.0,True,1.0678366880538048,2844721.5864995955,3037698.077362893
9177.0,True,1.449712814382382,78032053.73323885,113124068.22965094
6202.0,True,1.4910784384400946,11060807.962765759,16492532.265006531
5767.0,True,1.0391427145692715,2065093.9724013582,2145927.3563217875
7385.0,True,1.051701944558129,5918382.529918535,6224374.415354182
2988.0,True,1.5892501337843818,7655526.855387045,12166547.079113789
3387.0,True,1.4777973922937346,30458264.212035313,45011143.426339366
5281.0,True,1.0,4328527.473610161,4328527.473610161
1165.0,True,1.0,1787913.0276304332,1787913.0276304332
8470.0,True,2.648942799173231,4700815.061549043,12452190.207535407
3515.0,True,1.16045491013272,3212352.4731798684,3727790.2005785652
2928.0,True,1.0286471499622913,2290664.343334238,2356285.3482910073
3355.0,True,1.0,19890162.95164985,19890162.95164985
4073.0,True,1.0871853883810383,7034860.027855341,7648197.031590152
3884.0,True,1.2578142028471826,2497786.96327705,3141751.9180964073
6391.0,True,1.8607692434953382,23537485.602092523,43797829.27758812
1199.0,True,1.320323109047063,1996708.9749660492,2636301.0016893484
2027.0,True,1.0978417080748846,2394834.093508984,2629148.751773871
2896.0,True,1.021495034200158,53660020.281161055,54813444.252285786
4634.0,True,1.165783289661611,1892070.1825346088,2205743.8016658407
8242.0,True,1.0287136332891271,7999604.152752986,8229301.852853314
2047.0,True,1.4543767235264295,7044305.961773859,10245074.62420236
8397.0,True,1.1365251906023637,2385289.579157502,2710941.6935938117
2704.0,True,1.1277134301073908,4218243.4274350945,4756969.764580787
937.0,True,1.0784087007275958,9493798.344209472,10238194.737348735
4992.0,True,1.2443764065380911,15984650.847107375,19890922.38088953
4926.0,True,2.0903817276212777,3744423.640507792,7827274.758590633
4016.0,True,1.131098914507157,10011088.092895543,11323530.874909675
6428.0,True,1.6221885169635308,3079566.0024865554,4995636.606464975
5555.0,True,1.173087055299705,26984248.516505092,31654872.631702393
5003.0,True,1.460046582505216,3713790.1441284604,5422306.608076313
887.0,True,1.1019474202250035,1337066.2931461635,1473376.752402223
2632.0,True,1.1965950657725177,2390245.055052326,2860155.4388627736
5042.0,True,2.074989465747154,3732704.2677145153,7745322.034257064
4700.0,True,1.388649310580789,17657930.86533824,24520673.522435185
9084.0,True,3.7929064830560018,12420559.194249202,47110019.49104863
6908.0,True,1.6586924065627509,1303611.407748701,2162290.3431413486
8260.0,True,1.2024591767995023,4271202.032419155,5135946.079847098
230.0,True,4.287718676374827,4011326.078285323,17199437.74289337
9043.0,True,1.4176821564032362,1825935.7435060646,2588596.5223074243
6810.0,True,1.000000000000002,10495571.246018432,10495571.246018453
4611.0,True,1.2248657888097514,8436256.233434832,10333281.645967338
5675.0,True,1.1997993295181022,4202728.783780414,5042431.17692617
61.0,True,1.0684012412121842,4258237.985642241,4549506.749237042
4248.0,True,1.2596308939512173,76756225.31800199,96684512.7136359
3653.0,True,1.3660937369930761,1599999.1938040205,2185748.8778496436
8918.0,True,1.4085546875098105,4328326.206836505,6096684.167711116
4706.0,True,2.115923314255255,3442967.368173898,7285054.9245392075
5032.0,True,1.283706424559576,34244226.75285187,43959533.88671086
6375.0,True,1.1228310522509757,2124799.131743121,2385790.444917088
8858.0,True,7.513358766657564,8158253.231562492,61295883.437972456
8706.0,True,1.3296044805741971,6712048.3010490555,8924369.494905252
6467.0,True,1.310101414166916,1682084.6534960754,2203701.4832936754
7133.0,True,1.3317610822577537,2849231.9095751382,3794496.1714991126
2785.0,True,1.1011733913287147,3080500.386371052,3392165.057449627
5805.0,True,1.3238191883977395,2696479.4337236118,3569651.2154831877
2765.0,True,1.2936412705710891,951758.7112312688,1231234.348474321
3368.0,True,1.5519693465860702,21414731.714895498,33235007.18688236
5236.0,True,1.3129790794740952,12292344.161976598,16139590.722370803
332.0,True,1.4751807703015936,9257419.552316345,13656367.306191059
4695.0,True,1.071290440672575,6740933.09303516,7221497.18378198
4076.0,True,1.2945093514754487,4505372.347716145,5832246.635997446
7911.0,True,1.2221209778408197,2247038.3014705535,2746152.6462389673
8063.0,True,1.0598064281384876,2617955.407651525,2774525.9696090007
4882.0,True,1.0936755252722608,2002218.6693334433,2189777.5548931807
8585.0,True,1.2386689068444554,6742516.121896256,8351745.074090352
5572.0,True,1.3850158775742574,6530804.990286523,9045268.604888028
1781.0,True,1.0,2266807.5925500067,2266807.5925500067
7339.0,True,1.0496769540583721,2068013.5960217838,2170746.212423447
313.0,True,1.2887364653219209,2338719.6676850994,3013993.3179113525
4752.0,True,1.1699148482657769,5207800.899060128,6092683.598622306
7009.0,True,1.087117724341365,18650479.65289966,20275266.99813521
6689.0,True,1.119581208649748,17277381.105822224,19343431.220758766
7849.0,True,1.0,16793910.64675495,16793910.64675495
315.0,True,1.199106257352551,2942574.2411133293,3528459.1852434278
1236.0,True,1.4865851533568346,2321922.583989456,3451735.6406026627
7568.0,True,1.453379860419031,3349996.459882227,4868817.387267879
5165.0,True,1.561758774415221,2568789.4854978607,4011829.518601845
1860.0,True,1.0305746671795732,11673425.609350856,12030336.712202266
5510.0,True,1.0843688170937615,2840236.417979646,3079863.8048312115
2362.0,True,1.6130926692431167,5506044.572095879,8881760.135773716
3229.0,True,1.2340759317435825,7854042.390442613,9692484.680939062
3974.0,True,1.2150886229745281,25626927.436815616,31138987.97026844
2681.0,True,1.3500251271011492,8076488.486437775,10903462.395434126
5438.0,True,1.0636750021366974,4216410.897416121,4484890.870318287
3968.0,True,1.3518060057499166,3228474.7614766043,4364271.571976103
4088.0,True,1.0279823629664253,3426807.4933936503,3522697.6644898574
9001.0,True,1.039436700765351,88592130.39608786,92085911.73268333
3429.0,True,1.1108992032708842,1012275.6139973694,1124536.173080223
8901.0,True,1.2149227193979164,2872401.764022487,3489746.1623495724
5062.0,True,1.3304387779796212,4833127.920709889,6430180.804648452
3131.0,True,1.04145911012522,7010985.5421196725,7301654.7637967365
1211.0,True,2.7347000356715045,7247094.663026282,19818630.033492744
5608.0,True,1.0,2377021.6683115494,2377021.6683115494
228.0,True,1.4491559710001616,2072120.068130935,3002825.1693612062
8871.0,True,1.0706721548176041,10465722.387685666,11205357.540546253
669.0,True,1.4099146985311972,494809.42535317683,697639.0817772192
4228.0,True,1.0545506361444295,4045331.0494493204,4266006.431611593
2823.0,True,1.7775823326885722,4563685.950600913,8112327.517727234
7673.0,True,1.3449458167956483,19995891.433238346,26893390.536233854
1028.0,True,1.0974403601166813,2016961.2077373008,2213494.6341605997
7691.0,True,1.0830755583345615,864113.6471669562,935900.3708698653
471.0,True,3.647188517152564,4295421.29225159,15666211.213432627
8926.0,True,2.0729541286193256,3791526.6130795525,7859660.746353307
350.0,True,1.0671195524408372,4221698.914021434,4505057.455670522
2546.0,True,1.2576727999273216,1875885.5905538138,2359250.2830151324
236.0,True,1.260447343727206,4765001.9650047645,6006034.069645172
7330.0,True,1.0074176068011815,2186792.2797555956,2203013.045042682
2044.0,True,1.1041648360980914,2264803.827034537,2500716.7464719196
2978.0,True,1.4970022155687601,2845795.2770566433,4260161.834808908
1765.0,True,1.2593243919499406,45605570.89782656,57432207.84043534
5642.0,True,1.516347689477498,3225560.9406906175,4891071.879685083
7919.0,True,1.1159339195695523,4904867.5778854685,5473508.101159347
1641.0,True,1.2026988844258921,3263673.2954334896,3925216.2315484327
6686.0,True,1.1290104219915345,2412203.9588445425,2723403.409504727
2747.0,True,1.5150855861992865,2808164.529858608,4254609.602864873
8318.0,True,1.9001950146736741,3796200.766036969,7213521.770323832
3181.0,True,1.1363059594526843,5784998.242812389,6573527.978731024
9056.0,True,1.0410857261126794,7938927.516496277,8265104.118067456
4473.0,True,1.2479091377701375,6380295.179254166,7962028.655862031
2208.0,True,1.2240858809764195,2606920.848888742,3191095.0039477707
7162.0,True,1.1566970046786562,3644335.9531600657,4215392.481062983
7174.0,True,1.569178190998612,3285038.196589683,5154810.294685942
9178.0,True,5.099498757752699,3440022.7577751335,17542391.779915307
2162.0,True,1.1606433838946033,2441088.568126614,2833233.2960969056
3784.0,True,1.1244596272614935,14477463.427918963,16279323.129849661
6840.0,True,1.135411923809902,1645472.6059120113,1868289.2170550497
300.0,True,1.7412993262740126,5030671.628610318,8759905.117604936
3793.0,True,1.1056633989562685,2934401.888917295,3244460.766403991
4554.0,True,4.239606630871211,1347976.646536392,5714890.728915226
4788.0,True,1.0,5626919.302664629,5626919.302664629
8488.0,True,1.0005837946693046,3050600.462615658,3052381.3869039114
2532.0,True,1.1009105130755634,1599130.6603772638,1760499.755790798
1151.0,True,1.5973112852703295,1921232.6258583106,3068806.554913028
7011.0,True,2.11359818858805,7099411.135290039,15005302.51559086
8202.0,True,3.011733551349652,11599027.4070609,34933180.004869476
7393.0,True,1.0854301546559841,944016.7308850313,1024664.2262023761
3025.0,True,1.7426367457908047,2488105.373050392,4335863.850477152
1467.0,True,1.0871547036815052,6471681.186750424,7035718.64290283
9112.0,True,1.6252320999610832,9757953.369932694,15858939.046738042
3680.0,True,1.2357548229660922,2857067.6132193543,3530635.082576039
8131.0,True,1.1646168427660992,989350.7773894491,1152214.578751486
7098.0,True,1.0604934488768467,2290335466.768855,2428885758.2386656
6705.0,True,1.3353340613690636,3420733.037294472,4567821.33954976
485.0,True,1.3153067498109159,724919.8389064287,953491.9571854674
4203.0,True,1.1663558132491656,8480903.535901316,9891751.140703904
6305.0,True,1.0,17554074.308921624,17554074.308921624
7833.0,True,1.1889179962259302,2823587.6830023667,3357014.210243391
4497.0,True,1.0,13664214.243493225,13664214.243493225
1032.0,True,2.3566550451372468,4023752.0003672107,9482595.452046476
7625.0,True,1.0,5850502.401949793,5850502.401949793
4135.0,True,1.0887473477372465,5267290.0816495875,5734748.106158692
156.0,True,1.4463258089702882,3989035.0903813024,5769444.404106604
5837.0,True,1.031401982775589,127316498.60259749,131314489.09876455
1513.0,True,1.350724341456761,1717313.4066999804,2319617.0203396976
5210.0,True,2.478948059297902,1822522.9625245372,4517939.760976065
4407.0,True,1.0,8902708.00224449,8902708.00224449
7494.0,True,1.4868338346433527,7444352.388418748,11068515.008109048
5491.0,True,4.164846872558657,14622116.194303615,60898874.90203471
8409.0,True,1.5286046890957243,8080131.946077519,12351327.581286255
2049.0,True,1.2556558526025994,2723019.268665952,3419175.081450053
5231.0,True,1.277119348892037,2525286.5661402442,3225092.335114836
2305.0,True,1.9703437597919777,17048343.296635583,33591096.82931732
8697.0,True,1.296886154070118,2227455.9187336327,2888756.739807182
6206.0,True,1.0,3029059.1996536297,3029059.1996536297
7678.0,True,1.0,1871840.1694751023,1871840.1694751023
3338.0,False,0.5011343214462329,22559020.93378688,11305099.648144653
7275.0,True,1.636226447942363,2271015.0508532636,3715894.8898812803
6373.0,True,1.285347314223139,2695998.018583078,3465293.8123366637
9133.0,True,1.1664425740272741,1873156.0989071187,2184929.021564107
5753.0,True,1.0903635590766707,140189215.39796618,152857211.84549242
5544.0,True,1.1991924830946603,1719962.7260170588,2062566.3722426577
5232.0,True,1.482505784358816,2346367.7835054467,3478503.811279999
8655.0,True,2.7983403895361048,36721254.21710884,102758568.83015868
7014.0,True,1.3849645377274873,1477002.3031727707,2045595.8120361103
3319.0,True,10.140858689537865,232291.56399151133,2355635.9252096587
3914.0,True,1.152543570509539,13941760.680820217,16068486.634262037
3052.0,True,1.9028001471392548,10955711.768962003,20846529.965996165
1277.0,True,1.0851738114440117,7191519.623330719,7804048.759724199
3436.0,True,2.0400493430367077,1179065.1033978423,2405350.989584276
5388.0,True,1.1038206706079716,4914297.91888753,5424503.624393793
3036.0,True,1.129194664036475,1649919.8164035296,1863080.6527709062
8887.0,True,1.4252988888366944,8903701.70271261,12690436.143409668
6748.0,True,1.0,2398445.239264499,2398445.239264499
7205.0,True,1.1045936961142786,8568674.321049,9464903.639087021
7900.0,True,1.1662981338126683,5391196.279615687,6287742.159933576
4079.0,True,4.5317213383199775,1814194.9245671642,8221425.85153282
330.0,True,1.0818609768387186,10895583.523090247,11787506.633518262
3945.0,True,1.2384925195629621,10289340.952175383,12743271.800502056
2363.0,True,1.8079022244095118,1315805.8476696343,2378848.318892975
5799.0,True,2.7560009770676355,4046117.8974316297,11151104.878652418
2685.0,True,1.0876889983579008,8741925.22509295,9508495.891801016
4278.0,True,1.0700448738729678,1456277.8202608756,1558282.616505049
3204.0,True,1.3672232300967895,2472175.5629545776,3380015.8585491064
4124.0,True,1.9453551381095493,6904505.8129594475,13431715.859347912
3445.0,True,1.1979695743563317,56265031.15982926,67403795.4296864
7048.0,True,1.7343030598971663,6641697.671428792,11518716.594470838
3404.0,True,1.1778969539652562,5090708.021895343,5996329.47251702
6600.0,True,1.8764246663915285,3644317.2461480363,6838286.772828223
132.0,True,1.6211211378117927,2989320.5569743933,4846050.74260651
6156.0,True,1.2483522654920416,7957454.3086083755,9933706.113700673
2460.0,True,1.752387696030395,1834084.4881186308,3214027.0904592937
3010.0,True,1.0,3178591.42575072,3178591.42575072
8544.0,True,1.1916614771672762,34914061.30617144,41605741.8700211
6580.0,True,1.4747888568584568,16508827.415384736,24347034.712008808
8969.0,True,1.4136069832276668,1944731.4248450408,2749085.92266324
2997.0,True,1.1003553492468257,3939894.5966528496,4335284.094895627
5666.0,True,1.0080538877804828,2927847.6335694925,2951428.1898486135
7605.0,True,1.3835215811704924,649723.7830350079,898906.8756286681
8456.0,True,1.1772266295225486,7239596.3354925215,8522645.593135655
5843.0,True,1.110193667609472,2983314.5439539393,3312056.915184903
5363.0,True,1.4072434514261385,1405946.9997095114,1978509.708393437
205.0,True,1.0735126372024846,2256568.8743175566,2422455.203297682
1352.0,True,1.3706120905228578,8944428.327415043,12259341.608370202
3609.0,True,1.1522942340999667,4942717.394945606,5695464.754981429
2797.0,True,1.5919330378491605,2081006.030003758,3312822.251126304
8217.0,True,1.9560511287091322,79089123.87174462,154702370.01794243
3030.0,True,1.3023968281322365,3223405.2931766193,4198152.8296178905
3726.0,True,1.442191963624256,3096123.6656379406,4465204.668969911
7860.0,True,1.6085611228415537,12355724.645623391,19874938.309485022
6874.0,True,1.0867666809708594,11320085.338126132,12302291.571222225
4476.0,True,1.0,4720770.829683245,4720770.829683245
6557.0,True,2.3380946040986466,10937823.836251456,25573666.892121088
6289.0,True,1.430199305179007,17149097.883312862,24526627.877160836
4169.0,True,1.7831523904661144,7446821.3257521875,13278817.248389052
5124.0,True,1.170643521898966,1727062.0671269582,2021774.0207996108
8843.0,True,2.1088765095482676,4502676.258846395,9495588.192381836
4015.0,True,1.146768759798032,11589566.469974749,13290552.7673698
4250.0,True,1.262053851680719,16084353.357043793,20299320.106050823
8356.0,True,1.1287519416796836,3901439.9492354067,4403757.918046151
5423.0,True,1.0328030405390296,1992256.1868038827,2057608.247263743
3345.0,True,1.4449494288081406,2985036.8958574748,4313227.357640483
3730.0,True,1.3454767368712621,2691677.7978010997,3621589.860094249
2887.0,True,1.425697508496219,8494892.1966158,12111146.639659118
1709.0,True,1.347765958444135,5777310.047106848,7786461.812867892
8557.0,True,1.283838267500041,5441062.721415533,6985444.537621176
2477.0,True,1.2940905984010023,19079687.144663583,24690843.754341606
1698.0,True,1.1818746875440735,6444901.423976373,7617065.85671443
8813.0,True,2.3348541724482703,13505696.075809874,31533830.834422912
6345.0,True,1.2298976430153368,1941636.2224809872,2388013.8136225683
9014.0,True,1.0036238166775444,1952861.6106904212,1959938.4231641775
8194.0,True,2.86815636866353,6405329.8039748585,18371487.47066081
2396.0,True,1.1658422976504097,3534957.5692022624,4121203.054575473
2730.0,True,1.2110891371609784,3864599.4879705347,4680374.459358994
8755.0,True,1.788640303936989,2084346.357291231,3728145.902015343
5763.0,True,0.9999999999999997,5639835.291657304,5639835.2916573025
3406.0,True,3.928402717167744,3583944.6243878375,14079177.80062391
8588.0,True,1.1598635834267916,6971396.767905839,8085869.236713219
6983.0,True,1.7666321922740769,5125140.976794945,9054239.039548958
8988.0,True,1.0475021958651796,7663721.737071502,8027765.3480821075
6231.0,True,1.261482942215426,3347596.712372879,4222936.150074827
7058.0,True,1.7490482162641356,1285714.7469038093,2248777.084696602
3485.0,True,1.3013916060704467,46602586.687644415,60648215.13647079
1454.0,True,1.17159756677299,27059208.68679583,31702503.05625255
2490.0,True,1.3540323199998465,73093605.59282577,98971104.35800764
3629.0,True,1.139666104779035,1481498.487454535,1688413.610433342
2856.0,True,1.9009092294453325,1558125.0680211696,2961854.322431578
4395.0,True,1.142412546158666,5028843.399610211,5745013.792381903
3687.0,True,1.1509169049662895,3664488.3916497254,4217521.638002398
169.0,True,1.0185191091966772,3836093.0220076684,3907134.0475708395
8416.0,True,1.0573625156959061,1270313.8620742154,1343182.2609261747
1768.0,True,1.0,3807606.722986031,3807606.722986031
3383.0,True,1.1626643300040942,12415050.128461076,14434535.939574441
565.0,True,1.1903024466345193,12708678.512196641,15127171.126559205
715.0,True,1.3722609436112272,4135110.7726281662,5674451.010783678
6556.0,True,1.298286729752152,7296585.414278626,9473060.01586105
3587.0,True,1.1352874840761618,8214981.991062445,9326366.23636426
8284.0,True,1.263164644122073,4551787.167449945,5749656.617491328
7517.0,True,1.7042165892999337,1961665.3468096578,3343102.6266878266
8911.0,True,1.0986975027534092,3194627.6595654553,3509929.4317915337
5844.0,True,1.478050957501367,8933993.32602619,13204897.389843833
1474.0,True,1.2056819017697953,2256288.8442908702,2720366.62472659
153.0,True,1.2753305661373087,6769088.453568439,8632825.409722956
6794.0,True,1.1315104153433961,14566065.217060274,16481654.503674867
3500.0,True,1.4598570390813235,6020005.899666978,8788347.987939933
5599.0,True,1.0887636331352177,47948438.749704234,52204516.37628944
5700.0,True,1.0000950904538093,131262347.53260615,131274829.3288011
5287.0,True,1.5767942873519412,90998692.61529623,143486218.67229438
4129.0,True,1.432922601638003,10019275.280257327,14356846.00111366
2389.0,True,1.3465605532403118,10974720.671137657,14778125.93858501
660.0,True,1.4161553614527955,10106467.984202366,14312328.821179207
3134.0,True,1.4882778493385256,20203643.69812637,30068635.39184937
5684.0,True,1.601621227213692,1205607.751954691,1930926.9672240126
1637.0,True,4.592466471677594,20169450.360787045,92627524.53408006
964.0,True,1.2697459507078317,12753416.722141122,16193599.240628237
4836.0,True,1.0446281359156446,47439282.392650016,49556409.13500985
5851.0,True,1.0243741550304006,2725081.766676974,2791503.3321284764
1110.0,True,10.144757288853889,9657896.254936127,97977013.42725796
6822.0,True,1.0227356736920477,1487636.4834925947,1521458.9011536676
7422.0,True,1.273974456860819,4204969.96219477,5357024.32370314
8155.0,True,1.0835735463835265,3800268.409287576,4117870.317461022
705.0,True,0.9999999999999986,1095073.7088544914,1095073.7088544897
2038.0,True,1.9568489303144916,19124064.075775653,37422904.32994738
2013.0,True,1.423496740772234,7557640.177186732,10758276.160154603
6675.0,True,1.5363788586159814,17321467.390534747,26612336.299023718
1250.0,True,1.0238338666767013,16890974.0134105,17293551.236085754
3081.0,True,1.2813595689414543,5261925.594160536,6742418.71113555
1684.0,True,1.0,2512437.8124854546,2512437.8124854546
6626.0,True,1.1993556287101264,18666038.098437734,22387217.85907896
9033.0,True,1.1261583833673443,8404797.74978373,9465133.446425939
5006.0,True,1.3666686474649583,33701361.12810292,46058593.63067254
2838.0,True,1.2278007626383172,12729351.3487177,15629107.293846685
9153.0,True,1.5833598234830109,3502355.203556466,5545488.516877971
6212.0,True,1.3797367663078788,157892128.16153127,217849574.3350603
5386.0,True,2.3346037179797685,7043011.112159904,16442639.928221336
5307.0,True,1.1492963777381202,2128438.4812202435,2446206.636704852
3640.0,True,1.3838784509311173,3188210.0385217955,4412095.16935258
6969.0,True,1.0355834020169248,1899103.9149536726,1966680.4930313847
5166.0,True,1.0805651362355329,1824316.0337318373,1971292.3035261096
3718.0,True,1.1924676589771745,17591826.069413297,20977683.650126904
6737.0,True,1.5497654196429858,3684852.5446477723,5710657.050178579
7328.0,True,1.166971833057632,85824000.39259616,100154191.05848686
831.0,True,2.0414367512762532,46152717.56171456,94217853.80175705
7199.0,True,1.6561172566675997,10712568.321617965,17741269.260662176
8774.0,True,1.1731675728348618,3624150.315889613,4251735.629680915
1441.0,True,1.3056793190028577,3832603.95129447,5004151.717133826
9019.0,True,1.301269133656998,7238184.134003426,9418825.597304465
2643.0,True,1.2307509497399787,2620573.5373909995,3225273.370007428
7370.0,True,1.2377842227146854,57688794.794796534,71406280.02442421
3277.0,True,1.4423312129142418,20269131.51083107,29234801.036735255
7823.0,True,1.986365571984788,2739109.393688995,5440872.597523946
1205.0,True,1.642063272801847,1795650.9677244097,2948572.504871348
2087.0,True,2.1161920696284358,12388379.038246531,26216189.476288456
2993.0,True,1.3166118600382952,6429194.429406095,8464753.636248205
2278.0,True,1.0000000238994198,64274333.4036922,64274334.939811476
6540.0,True,1.0729751036300776,8093283.182077697,8683891.36099738
