Country Code,Year,Value
AFE,1990,3385.6756003253454
AFW,1990,3324.4581268684046
AGO,1990,7391.752353683448
BDI,1990,1396.0776268891557
BEN,1990,2207.067964283567
BFA,1990,1107.855904549655
BWA,1990,10520.91839689263
CAF,1990,1481.252550942584
CIV,1990,5255.509626384006
CMR,1990,4517.618877796182
COD,1990,2172.001597445441
COG,1990,8699.526838706148
COM,1990,2380.981615248248
CPV,1990,1848.7586523557443
EAS,1990,5742.923143016235
ECS,1990,28303.163728322685
ETH,1990,874.346936189696
GAB,1990,23884.810699751022
GHA,1990,2785.671143325006
GIN,1990,2105.7472949623243
GMB,1990,2653.7829139212536
GNB,1990,1944.2278545432416
GNQ,1990,1122.8176736466428
KEN,1990,4177.486033103455
LBR,1990,1866.405481258332
LCN,1990,12450.189380005995
LSO,1990,1422.1505688128389
MDG,1990,1968.2723977112491
MEA,1990,9094.823552107006
MLI,1990,1615.919155265022
MOZ,1990,547.6227814321957
MRT,1990,5519.610341443216
MUS,1990,8951.338013543842
MWI,1990,1047.4643635113166
NAM,1990,7281.778925778884
NER,1990,1411.8489220028068
NGA,1990,3650.67300166823
RWA,1990,1122.991324145581
SDN,1990,2460.18872070313
SEN,1990,2923.3441246967304
SLE,1990,2706.0314506583622
SSA,1990,3605.776850066514
STP,1990,3883.204298422663
SWZ,1990,5522.298877497576
SYC,1990,15478.84754442276
TCD,1990,1705.0422647686323
TGO,1990,2171.19605672473
TSA,1990,2221.1040111715165
TZA,1990,1794.20458984375
UGA,1990,1080.038309803981
ZAF,1990,10824.384759010714
ZMB,1990,2425.1112867838174
ZWE,1990,4013.2958976719256
AFE,1991,3292.714637981406
AFW,1991,3276.9948609291023
AGO,1991,7218.441431735835
BDI,1991,1435.8195614996594
BEN,1991,2230.460546645372
BFA,1991,1178.0770463906254
BWA,1991,11001.80135782158
CAF,1991,1427.6901831353905
CIV,1991,5052.8516705138645
CMR,1991,4220.652973870841
COD,1991,1923.969922851708
COG,1991,8658.161452860055
COM,1991,2198.320385514296
CPV,1991,1830.0759965621085
EAS,1991,5973.383120522487
ECS,1991,27818.67587674373
ETH,1991,777.5235662589245
GAB,1991,24665.679229433325
GHA,1991,2859.827021664115
GIN,1991,2075.991943026749
GMB,1991,2623.6416160750728
GNB,1991,2000.302768637567
GNQ,1991,1070.8276428304123
KEN,1991,4102.476775129651
LBR,1991,1819.4978529252185
LCN,1991,12621.99504535392
LSO,1991,1494.2403244677694
MDG,1991,1789.841693659772
MEA,1991,8976.192079146897
MLI,1991,1770.2150109066924
MOZ,1991,563.5121034162315
MRT,1991,5456.555765275771
MUS,1991,9248.000250301086
MWI,1991,1104.3904622212017
NAM,1991,7618.332781844494
NER,1991,1362.7454534352598
NGA,1991,3568.2583637637567
RWA,1991,1072.6971064156132
SDN,1991,2591.869140625
SEN,1991,2917.014277850267
SLE,1991,2737.429111906247
SOM,1991,836.9666067773624
SSA,1991,3538.235648895697
STP,1991,3844.8963771481976
SWZ,1991,5398.237292843047
SYC,1991,15695.670838946027
TCD,1991,1784.1168359998835
TGO,1991,2094.811466311372
TSA,1991,2207.152293663417
TZA,1991,1785.66394042969
UGA,1991,1103.2289727883465
ZAF,1991,10472.158598025117
ZMB,1991,2364.862340399563
ZWE,1991,4126.4019965810185
AFE,1992,3133.9745861114693
AFW,1992,3253.800064712755
AGO,1992,6578.068574920001
BDI,1992,1412.0605462709775
BEN,1992,2226.566660066255
BFA,1992,1152.0447609509613
BWA,1992,11008.681020426648
CAF,1992,1294.202547257675
CIV,1992,4843.293492563526
CMR,1992,3974.277595011964
COD,1992,1664.753651868454
COG,1992,8636.637192099231
COM,1992,2336.834800745625
CPV,1992,1984.6806299883467
EAS,1992,6207.038514599158
ECS,1992,26890.18228718237
ETH,1992,680.8347668477983
GAB,1992,23268.99747205757
GHA,1992,2897.835431968584
GIN,1992,2076.5506269069524
GMB,1992,2604.269033267541
GNB,1992,1963.6381447992776
GNQ,1992,1390.4791848201276
KEN,1992,3946.840934378508
LBR,1992,1115.0377081685178
LCN,1992,12754.749345213431
LSO,1992,1571.8270420314038
MDG,1992,1757.2945977499276
MEA,1992,9249.256133563083
MLI,1992,1679.048112532745
MOZ,1992,510.8228229283101
MRT,1992,5350.118041586421
MUS,1992,9721.538962583509
MWI,1992,994.0365047904706
NAM,1992,7911.010258042807
NER,1992,1347.3322974198368
NGA,1992,3636.771291888407
RWA,1992,1112.5903445689676
SDN,1992,2709.7900390625
SEN,1992,2874.0029796631075
SLE,1992,2259.480290675865
SOM,1992,803.4986753413912
SSA,1992,3438.067351990228
STP,1992,3798.8835292951417
SWZ,1992,5364.323232851656
SYC,1992,16744.50808160341
TCD,1992,1846.8228914488875
TGO,1992,1955.3338053926093
TSA,1992,2278.2956227516665
TZA,1992,1751.91845703125
UGA,1992,1102.72992145701
ZAF,1992,10065.916090326671
ZMB,1992,2268.4981219537804
ZWE,1992,3649.8890722311176
AFE,1993,3022.859879316677
AFW,1993,3129.3491513955546
AGO,1993,4843.1558838155215
BDI,1993,1366.292152932177
BEN,1993,2254.2456542889263
BFA,1993,1162.6492345335105
BWA,1993,10902.951276512382
CAF,1993,1257.828403382401
CIV,1993,4645.467508718052
CMR,1993,3556.3185442459217
COD,1993,1389.9508694841345
COG,1993,8302.697268349411
COM,1993,2363.536912739266
CPV,1993,2111.6214081474827
EAS,1993,6452.674357120317
ECS,1993,26233.788734913
ETH,1993,743.7084859171009
GAB,1993,23551.681253301016
GHA,1993,2964.2660094365847
GIN,1993,2115.8664959393955
GMB,1993,2586.1304164570315
GNB,1993,1939.7543979518812
GNQ,1993,1487.8120252858776
KEN,1993,3844.920297835986
LBR,1993,718.6832388147643
LCN,1993,13122.841201637206
LSO,1993,1602.596332390953
MDG,1993,1740.2951359393903
MEA,1993,9203.990596733664
MLI,1993,1696.5719339117609
MOZ,1993,549.0487597709551
MRT,1993,5439.82229260651
MUS,1993,10095.198756261469
MWI,1993,1074.584852132686
NAM,1993,7541.560817918446
NER,1993,1309.6112110994045
NGA,1993,3469.580441391304
RWA,1993,984.2175299219524
SDN,1993,2777.27490234375
SEN,1993,2834.027972813183
SLE,1993,2295.626921455405
SOM,1993,812.2657411283254
SSA,1993,3304.816517330753
STP,1993,3771.286124160622
SWZ,1993,5372.063772929981
SYC,1993,17596.89776171707
TCD,1993,1520.4118914398105
TGO,1993,1670.4836739759164
TSA,1993,2338.64909437645
TZA,1993,1718.39306640625
UGA,1993,1153.9936907031818
ZAF,1993,9989.177217461232
ZMB,1993,2365.6295363077843
ZWE,1993,3634.747631563151
AFE,1994,2992.566301479558
AFW,1994,3046.0668137740427
AGO,1994,4751.471649039665
BDI,1994,1305.4520796515042
BEN,1994,2215.36616821938
BFA,1994,1148.607213703954
BWA,1994,10989.670054115608
CAF,1994,1278.9150914506276
CIV,1994,4502.45953404415
CMR,1994,3522.7488528574927
COD,1994,1273.9945875097058
COG,1994,7617.607502748115
COM,1994,2199.534332290007
CPV,1994,2465.9939315016995
EAS,1994,6765.196747053912
ECS,1994,25898.849715398803
ETH,1994,741.1766237138589
GAB,1994,23794.31492951661
GHA,1994,2989.3473101213126
GIN,1994,2134.897693557875
GMB,1994,2508.1039153388992
GNB,1994,1940.8092252823967
GNQ,1994,1672.3454753589672
KEN,1994,3833.2235783858864
LBR,1994,563.6403611966473
LCN,1994,13582.886370489256
LSO,1994,1675.5977232422033
MDG,1994,1686.341908330956
MEA,1994,9205.543731957088
MLI,1994,1723.2076180947988
MOZ,1994,546.2096881642631
MRT,1994,5097.208394948361
MUS,1994,10366.590863239166
MWI,1994,975.849640143399
NAM,1994,7437.335290361091
NER,1994,1291.6816102900232
NGA,1994,3317.8073943368886
RWA,1994,575.3675484910217
SDN,1994,2736.47192382813
SEN,1994,2757.860875138443
SLE,1994,2242.3055000688973
SOM,1994,634.4999903223924
SSA,1994,3250.200953483973
STP,1994,3788.483704421524
SWZ,1994,5501.630828778936
SYC,1994,16716.520718892283
TCD,1994,1636.4434908910523
TGO,1994,1913.7183509075207
TSA,1994,2437.5272636802506
TZA,1994,1679.66235351563
UGA,1994,1187.3678054173429
ZAF,1994,10143.206282627
ZMB,1994,2110.5832556480973
ZWE,1994,3965.727862180693
AFE,1995,3047.0184567199926
AFW,1995,3029.285606245653
AGO,1995,5284.7031332192055
BDI,1995,1132.218781538122
BEN,1995,2300.14122107459
BFA,1995,1183.5286100808369
BWA,1995,11457.699435214956
CAF,1995,1334.103229817836
CIV,1995,4638.75732482502
CMR,1995,3526.5436751033917
COD,1995,1230.7448763689804
COG,1995,7701.324685333359
COM,1995,2239.7167545817497
CPV,1995,2763.397333718566
EAS,1995,7115.00765887358
ECS,1995,26213.578940619
ETH,1995,760.2643451223138
GAB,1995,24344.185740028515
GHA,1995,3039.6887303167423
GIN,1995,2171.7255215326454
GMB,1995,2456.0007811360647
GNB,1995,1975.695757703195
GNQ,1995,1892.116530625265
KEN,1995,3890.098551146502
LBR,1995,534.8097151654064
LCN,1995,13472.30526984152
LSO,1995,1709.6943351293946
MDG,1995,1661.2706246680884
MEA,1995,9254.141790855503
MLI,1995,1701.7997661328611
MOZ,1995,525.4186718374989
MRT,1995,5446.269565997231
MUS,1995,10718.513439560484
MWI,1995,1140.7560936507862
NAM,1995,7506.104840340862
NER,1995,1280.335421191399
NGA,1995,3229.12414149508
RWA,1995,931.3677900693864
SDN,1995,2824.63208007813
SEN,1995,2835.0327287449586
SLE,1995,2059.9283634159647
SOM,1995,636.4336334509278
SSA,1995,3278.5065534976075
STP,1995,3802.291323021736
SWZ,1995,5771.749817553437
SYC,1995,16552.454781523076
TCD,1995,1585.2584532169583
TGO,1995,1975.9492328003823
TSA,1995,2561.1387186893057
TZA,1995,1685.85107421875
UGA,1995,1288.508866743482
ZAF,1995,10331.469216430538
ZMB,1995,2119.9564292869727
ZWE,1995,3935.276957650139
AFE,1996,3132.145149559123
AFW,1996,3086.3866791527003
AGO,1996,5800.9625138357005
BDI,1996,1040.9223147610792
BEN,1996,2337.6303077127877
BFA,1996,1280.6960853388855
BWA,1996,11832.93877717184
CAF,1996,1247.9687525828017
CIV,1996,4807.424281780255
CMR,1996,3577.5920413787067
COD,1996,1194.9591024932347
COG,1996,7812.047799716408
COM,1996,2173.0429462341167
CPV,1996,3022.888252115846
EAS,1996,7470.028736117853
ECS,1996,26510.991361354783
ETH,1996,826.9916588609918
GAB,1996,24595.97196248689
GHA,1996,3106.185554803875
GIN,1996,2205.32363416973
GMB,1996,2439.045516485124
GNB,1996,2159.3997497808978
GNQ,1996,3033.840312203059
KEN,1996,3941.409194813533
LBR,1996,582.6779825360925
LCN,1996,13766.85555442088
LSO,1996,1786.1822901659996
MDG,1996,1643.325796286411
MEA,1996,9502.49007663256
MLI,1996,1783.0275058807242
MOZ,1996,562.8574563416563
MRT,1996,5650.341186254896
MUS,1996,11202.286320862857
MWI,1996,1200.3205823242208
NAM,1996,7538.924623422007
NER,1996,1239.4766411517376
NGA,1996,3277.794522439561
RWA,1996,888.1310098785486
SDN,1996,2924.29077148438
SEN,1996,2822.468373238563
SLE,1996,2086.057235105867
SOM,1996,663.1131175095657
SSA,1996,3354.426335272228
STP,1996,3801.081649338574
SWZ,1996,5875.987789201892
SYC,1996,17942.173303662712
TCD,1996,1550.1610881683996
TGO,1996,2072.0832898731187
TSA,1996,2688.748849505991
TZA,1996,1730.55456542969
UGA,1996,1367.9457376493572
ZAF,1996,10636.864334573853
ZMB,1996,2197.1956492524155
ZWE,1996,4271.476565750964
AFE,1997,3176.422608961932
AFW,1997,3139.049385665495
AGO,1997,6015.186847368994
BDI,1997,1024.449953968789
BEN,1997,2399.785931273558
BFA,1997,1326.9423082996295
BWA,1997,12526.352235264483
CAF,1997,1278.4882606278122
CIV,1997,5072.59703802667
CMR,1997,3641.707504632775
COD,1997,1109.858456534372
COG,1997,7599.048153885874
COM,1997,2222.021132369842
CPV,1997,3302.974033753598
EAS,1997,7716.832895604794
ECS,1997,27220.428311262007
ETH,1997,826.0052181118597
GAB,1997,25359.65965810655
GHA,1997,3160.4450405324947
GIN,1997,2272.411004639549
GMB,1997,2486.9379839652697
GNB,1997,2256.3323511613994
GNQ,1997,7296.100098098426
KEN,1997,3853.371392803545
LBR,1997,1111.937602513708
LCN,1997,14284.571833993206
LSO,1997,1837.696570499663
MDG,1997,1649.4480900605552
MEA,1997,9636.886069478023
MLI,1997,1827.132689868108
MOZ,1997,612.3715512659153
MRT,1997,5302.366638184381
MUS,1997,11692.09700801809
MWI,1997,1221.0940455535338
NAM,1997,7656.325125429863
NER,1997,1217.3125356792175
NGA,1997,3287.3700047658363
RWA,1997,874.6947282963217
SDN,1997,3380.18676757813
SEN,1997,2840.608088598318
SLE,1997,1938.2987320824063
SOM,1997,647.7846514247291
SSA,1997,3408.687832893537
STP,1997,3784.790234317797
SWZ,1997,5957.23563505531
SYC,1997,19895.14221884307
TCD,1997,1582.2267677680202
TGO,1997,2296.176564018913
TSA,1997,2747.1844930856405
TZA,1997,1755.8037109375
UGA,1997,1396.631069152182
ZAF,1997,10783.461157989614
ZMB,1997,2223.4574544573074
ZWE,1997,4304.402881137268
AFE,1998,3154.03765386441
AFW,1998,3168.2082360622667
AGO,1998,6090.095877585338
BDI,1998,1052.8070342297856
BEN,1998,2419.1001433854794
BFA,1998,1385.0931067909478
BWA,1998,12306.250476124267
CAF,1998,1302.7514283078167
CIV,1998,5093.131694385288
CMR,1998,3714.13212604236
COD,1998,1062.568706947883
COG,1998,7711.632125760498
COM,1998,2212.095187702129
CPV,1998,3657.3811899377583
EAS,1998,7626.710979403828
ECS,1998,27718.65988269211
ETH,1998,772.7866464731577
GAB,1998,25585.507796403752
GHA,1998,3229.4822827263124
GIN,1998,2311.3273534030013
GMB,1998,2502.764771242983
GNB,1998,1717.5686440302286
GNQ,1998,8684.657308306403
KEN,1998,3871.821763224465
LBR,1998,1308.405683052936
LCN,1998,14483.599586776312
LSO,1998,1856.6907848871383
MDG,1998,1658.888492528144
MEA,1998,9842.045475292163
MLI,1998,1916.3242157466595
MOZ,1998,660.6501778207478
MRT,1998,5310.158196202668
MUS,1998,12272.319593349104
MWI,1998,1241.524331818263
NAM,1998,7709.890043701341
NER,1998,1294.1619115653896
NGA,1998,3285.238039806414
RWA,1998,913.71963460585
SDN,1998,3441.17919921875
SEN,1998,2938.6916255152523
SLE,1998,1953.576849821134
SOM,1998,662.4370857973719
SSA,1998,3414.3012903221293
STP,1998,3828.9982383908296
SWZ,1998,6034.3273075835
SYC,1998,19991.2293154949
TCD,1998,1634.9895079419716
TGO,1998,2180.6557676215507
TSA,1998,2855.99974040467
TZA,1998,1773.72424316406
UGA,1998,1422.2078918470515
ZAF,1998,10706.777679671017
ZMB,1998,2157.573393356672
ZWE,1998,4342.854756088617
AFE,1999,3156.349944554054
AFW,1999,3135.958691162537
AGO,1999,6021.2291477647705
BDI,1999,1017.4977782373476
BEN,1999,2470.685044005489
BFA,1999,1444.5669017041432
BWA,1999,13207.44734532214
CAF,1999,1313.2357090208814
CIV,1999,4987.357085302651
CMR,1999,3780.062172821907
COD,1999,983.6022257825572
COG,1999,7312.326650716208
COM,1999,2214.839611855239
CPV,1999,4006.47964718799
EAS,1999,7866.173201334607
ECS,1999,28496.85673099379
ETH,1999,787.679577553394
GAB,1999,22713.714440326
GHA,1999,3290.268652357485
GIN,1999,2346.2701835770954
GMB,1999,2589.9777386039564
GNB,1999,1968.6895559805807
GNQ,1999,10492.46494755543
KEN,1999,3848.464706127269
LBR,1999,1507.3147025459425
LCN,1999,14339.87037882892
LSO,1999,1860.700521786124
MDG,1999,1681.35933226238
MEA,1999,9900.574650732691
MLI,1999,1970.0340490451
MOZ,1999,722.3055613799794
MRT,1999,5359.988824826803
MUS,1999,12433.669751621925
MWI,1999,1249.7752329887055
NAM,1999,7773.943541487135
NER,1999,1247.647128927562
NGA,1999,3218.463573656963
RWA,1999,945.733218859969
SDN,1999,3459.22998046875
SEN,1999,3050.178009986962
SLE,1999,1905.039273121068
SOM,1999,682.7340666732961
SSA,1999,3400.980706493884
STP,1999,3878.1310852524616
SWZ,1999,6145.31969792255
SYC,1999,19969.35137461744
TCD,1999,1567.767138987283
TGO,1999,2172.491734959823
TSA,1999,3032.538674448168
TZA,1999,1810.97155761719
UGA,1999,1487.7579617887395
ZAF,1999,10844.917289783618
ZMB,1999,2198.1891299864765
ZWE,1999,4238.191860016092
AFE,2000,3175.467231773516
AFW,2000,3162.4167466440235
AGO,2000,6002.989140112461
BDI,2000,988.036863486
BEN,2000,2536.168858670967
BFA,2000,1428.5740061709628
BWA,2000,13185.817150239867
CAF,2000,1245.813995635986
CIV,2000,4838.3402372993805
CMR,2000,3822.9442535892576
COD,2000,886.7207593112989
COG,2000,7570.582792973423
COM,2000,2408.4169365974035
CPV,2000,4510.13573659758
EAS,2000,8248.938487659545
ECS,2000,29840.408270345582
ETH,2000,810.2707491824355
GAB,2000,21717.224079678897
GHA,2000,3327.351992917668
GIN,2000,2358.287656084953
GMB,2000,2658.617705794637
GNB,2000,1950.8012279417549
GNQ,2000,11767.470881431287
KEN,2000,3756.636222968789
LBR,2000,1868.1797558761764
LCN,2000,14637.734362125138
LSO,2000,1932.157932234147
MDG,2000,1701.443202533242
MEA,2000,10257.307113503102
MLI,2000,1912.3089840759624
MOZ,2000,711.9763935273959
MRT,2000,5008.608071445723
MUS,2000,13322.02013715291
MWI,2000,1239.39174838676
NAM,2000,7858.3878952125315
NER,2000,1190.566745432232
NGA,2000,3290.7056611918106
RWA,2000,1016.66199090104
SDN,2000,3575.85205078125
SEN,2000,3093.287916026153
SLE,2000,1983.2887238461365
SOM,2000,702.5978846421054
SSA,2000,3424.1353715320784
STP,2000,3852.8904272145337
SWZ,2000,6189.644908603427
SYC,2000,20633.674695076068
TCD,2000,1501.1448405951433
TGO,2000,2096.859098008801
TSA,2000,3097.806570678501
TZA,2000,1839.93664550781
UGA,2000,1487.004988535119
ZAF,2000,11197.51489524929
ZMB,2000,2220.565371271404
ZWE,2000,4071.018794933316
AFE,2001,3207.570294897685
AFW,2001,3233.544367797276
AGO,2001,6049.163212222716
BDI,2001,983.3968467170328
BEN,2001,2591.064852202879
BFA,2001,1477.2849184652491
BWA,2001,12949.640309298891
CAF,2001,1272.8571075850507
CIV,2001,4609.144693953026
CMR,2001,3884.8730481271423
COD,2001,841.0356513737311
COG,2001,7567.439168171039
COM,2001,2414.430049724934
CPV,2001,4540.907317805181
EAS,2001,8481.634058867952
ECS,2001,30566.33128747211
ETH,2001,851.3134284645707
GAB,2001,21604.78044417686
GHA,2001,3369.50702508212
GIN,2001,2412.751619596276
GMB,2001,2737.6961080590604
GNB,2001,2001.1651702290396
GNQ,2001,18031.964975073995
KEN,2001,3778.2585475561496
LBR,2001,1867.1191092175295
LCN,2001,14492.233252593694
LSO,2001,2004.033502159552
MDG,2001,1748.5035092891244
MEA,2001,10240.377895851494
MLI,2001,2140.9925656051087
MOZ,2001,785.7901736162456
MRT,2001,4847.410865284954
MUS,2001,13659.635144760472
MWI,2001,1149.5803960189826
NAM,2001,7786.541694967607
NER,2001,1233.06511808278
NGA,2001,3392.035285163088
RWA,2001,1093.1840983842944
SDN,2001,3701.548828125
SEN,2001,3149.3311370350257
SLE,2001,1750.9246451664314
SOM,2001,723.1201803191184
SSA,2001,3474.030789817968
STP,2001,3907.019281869803
SWZ,2001,6197.503519839475
SYC,2001,20147.418765616727
TCD,2001,1620.5527624764934
TGO,2001,2059.104879543
TSA,2001,3182.3165181160666
TZA,2001,1899.74536132813
UGA,2001,1516.9642375569515
ZAF,2001,11401.43105422591
ZMB,2001,2268.9696556459685
ZWE,2001,4102.083473741006
AFE,2002,3247.6559108358333
AFW,2002,3430.6361292862143
AGO,2002,6645.477766277176
BDI,2002,998.5612889848552
BEN,2002,2630.1806102962714
BFA,2002,1494.678012695828
BWA,2002,13479.696070777904
CAF,2002,1290.383149171263
CIV,2002,4368.928088372793
CMR,2002,3951.419362321322
COD,2002,839.766208262362
COG,2002,7729.388901418899
COM,2002,2418.834349061367
CPV,2002,4710.241049122802
EAS,2002,8837.472617161364
ECS,2002,31151.181923893742
ETH,2002,838.2980470016009
GAB,2002,20981.479858446597
GHA,2002,3425.6182093427806
GIN,2002,2498.131774951022
GMB,2002,2578.557145741996
GNB,2002,2029.1842929895915
GNQ,2002,20242.430968439872
KEN,2002,3681.2569427490953
LBR,2002,1887.646015707326
LCN,2002,14372.61090126586
LSO,2002,2024.787273048636
MDG,2002,1486.434297415456
MEA,2002,10242.137098114134
MLI,2002,2139.970919568272
MOZ,2002,842.6452661727614
MRT,2002,4806.898538534186
MUS,2002,13784.198753234248
MWI,2002,1140.8427464241763
NAM,2002,8017.281341285588
NER,2002,1248.8231366060063
NGA,2002,3806.215896344624
RWA,2002,1220.7394919553026
SDN,2002,3814.31323242188
SEN,2002,3075.231575031118
SLE,2002,2091.141105066224
SOM,2002,749.6444778004828
SSA,2002,3592.2646012104806
STP,2002,3942.760406951149
SWZ,2002,6417.810233197037
SYC,2002,19777.752524972137
TCD,2002,1697.971572015353
TGO,2002,2084.2303518135927
TSA,2002,3244.37301172371
TZA,2002,1982.64428710938
UGA,2002,1598.5828380848989
ZAF,2002,11711.88395420875
ZMB,2002,2299.3328918811426
ZWE,2002,3701.4551630322
AFE,2003,3263.224448620747
AFW,2003,3515.562588422705
AGO,2003,6609.214889023856
BDI,2003,955.669204427762
BEN,2003,2639.0437011464146
BFA,2003,1561.833101849148
BWA,2003,13857.258825225295
CAF,2003,1191.8731520061974
CIV,2003,4060.000380384268
CMR,2003,4054.7813324651656
COD,2003,861.0815742873104
COG,2003,7577.456304563524
COM,2003,2422.5870893221468
CPV,2003,4841.265398714998
EAS,2003,9262.48315307642
ECS,2003,31866.8856547309
ETH,2003,795.7721383501071
GAB,2003,20875.45493258444
GHA,2003,3507.75105744843
GIN,2003,2473.234182954709
GMB,2003,2682.479933101329
GNB,2003,1978.123292093274
GNQ,2003,21709.57512419592
KEN,2003,3674.0859275840858
LBR,2003,1308.1509014027406
LCN,2003,14541.80249179513
LSO,2003,2127.3730216013228
MDG,2003,1584.7492523212356
MEA,2003,10436.321763893791
MLI,2003,2262.051327218106
MOZ,2003,883.239121472194
MRT,2003,5023.652138803911
MUS,2003,14495.693666715575
MWI,2003,1176.1238599873695
NAM,2003,8237.36597245597
NER,2003,1231.278091508503
NGA,2003,3974.767874693968
RWA,2003,1220.499166867418
SDN,2003,3946.92260742188
SEN,2003,3170.034946884792
SLE,2003,2198.2572054634
SOM,2003,777.6054434721584
SSA,2003,3647.114186712574
STP,2003,4161.638331675416
SWZ,2003,6621.46651215923
SYC,2003,18825.220693618936
TCD,2003,1871.6399023847248
TGO,2003,2168.6512643728447
TSA,2003,3427.976938436444
TZA,2003,2059.83740234375
UGA,2003,1649.1482601447972
ZAF,2003,11937.715417041843
ZMB,2003,2383.876117410889
ZWE,2003,3036.05335744546
AFE,2004,3361.793730044429
AFW,2004,3685.55112744516
AGO,2004,7074.025947376249
BDI,2004,965.2041181160212
BEN,2004,2672.8440435715747
BFA,2004,1581.2562093329386
BWA,2004,13984.84151000419
CAF,2004,1236.2853471216572
CIV,2004,4088.945173284719
CMR,2004,4222.966386898855
COD,2004,892.4352911077764
COG,2004,7577.445972741525
COM,2004,2422.7213514853697
CPV,2004,5268.303124857083
EAS,2004,9787.534977923402
ECS,2004,33038.39238049477
ETH,2004,877.1144949893832
GAB,2004,20438.930706659277
GHA,2004,3607.3652228502106
GIN,2004,2477.502826023631
GMB,2004,2794.1935260911773
GNB,2004,1955.6943349769497
GNQ,2004,28225.985816122036
KEN,2004,3743.567857369295
LBR,2004,1326.535655026949
LCN,2004,15133.27200244086
LSO,2004,2178.6647467433204
MDG,2004,1620.1195379304725
MEA,2004,11004.468347570555
MLI,2004,2224.144095187644
MOZ,2004,934.1339648444211
MRT,2004,5139.225524688632
MUS,2004,15028.817636762718
MWI,2004,1208.2196975075028
NAM,2004,9130.824423376938
NER,2004,1192.0823507557006
NGA,2004,4223.797947818596
RWA,2004,1277.1928044082854
SDN,2004,4041.05712890625
SEN,2004,3240.302016698396
SLE,2004,2262.872128818401
SOM,2004,802.7716383094504
SSA,2004,3781.091789490257
STP,2004,4202.561868987751
SWZ,2004,6820.126066592045
SYC,2004,18356.47114472117
TCD,2004,2392.0927022495985
TGO,2004,2093.014824341172
TSA,2004,3626.659952890685
TZA,2004,2155.24145507813
UGA,2004,1709.361592168574
ZAF,2004,12356.31633696637
ZMB,2004,2471.720733286847
ZWE,2004,2828.8433523576427
AFE,2005,3482.940809014797
AFW,2005,3791.2670241173487
AGO,2005,7845.890152715419
BDI,2005,938.3815973100842
BEN,2005,2632.472514543285
BFA,2005,1664.9954318002267
BWA,2005,14361.95763148201
CAF,2005,1219.5939445673976
CIV,2005,4032.245880298464
CMR,2005,4199.7227096936185
COD,2005,918.5348423563324
COG,2005,7876.11806658285
COM,2005,2441.1357047607166
CPV,2005,5565.76951208069
EAS,2005,10353.462771583092
ECS,2005,34031.52696590074
ETH,2005,952.1156662946822
GAB,2005,20385.289990912428
GHA,2005,3721.3078574199576
GIN,2005,2501.221604562786
GMB,2005,2653.64239155191
GNB,2005,2035.681408580779
GNQ,2005,31302.95795387398
KEN,2005,3844.7355712057774
LBR,2005,1335.61728880785
LCN,2005,15537.763467194683
LSO,2005,2275.0161441925584
MDG,2005,1648.176315537588
MEA,2005,11304.36693113108
MLI,2005,2314.015145720992
MOZ,2005,970.3899560986298
MRT,2005,5445.829517219564
MUS,2005,15205.661596689435
MWI,2005,1214.7426419187989
NAM,2005,9245.136532955505
NER,2005,1233.8755105220482
NGA,2005,4372.975611050847
RWA,2005,1360.2958757027577
SDN,2005,4152.32275390625
SEN,2005,3301.820761608148
SLE,2005,2298.723844613782
SOM,2005,830.509147724838
SSA,2005,3901.030121996189
STP,2005,4371.497216441276
SWZ,2005,7189.969156143649
SYC,2005,19917.11945342207
TCD,2005,2695.812021385431
TGO,2005,1944.7795106378792
TSA,2005,3844.006327498874
TZA,2005,2253.09326171875
UGA,2005,1765.0378845706573
ZAF,2005,12877.306310551172
ZMB,2005,2564.475609659117
ZWE,2005,2642.172286457632
AFE,2006,3620.75194734932
AFW,2006,3880.960550165473
AGO,2006,8435.4550466421
BDI,2006,954.190853889464
BEN,2006,2652.218419671588
BFA,2006,1714.7603490450902
BWA,2006,15275.582879735455
CAF,2006,1251.8708217133526
CIV,2006,4049.2603296249617
CMR,2006,4241.517447228207
COD,2006,938.0411640831902
COG,2006,8192.57979719023
COM,2006,2455.715424141723
CPV,2006,5941.382180915113
EAS,2006,11014.085928030936
ECS,2006,35511.287461985645
ETH,2006,1024.7291193694837
GAB,2006,19224.126865838676
GHA,2006,3857.861548476053
GIN,2006,2478.6131951072603
GMB,2006,2564.6865397051947
GNB,2006,2040.171940187357
GNQ,2006,32251.768008251925
KEN,2006,3970.733498876854
LBR,2006,1364.6034732370929
LCN,2006,16143.648969774604
LSO,2006,2381.020245620732
MDG,2006,1686.8633545976052
MEA,2006,11669.398924230018
MLI,2006,2388.3482027456807
MOZ,2006,1041.8047170959524
MRT,2006,6284.702095956665
MUS,2006,15871.302634778069
MWI,2006,1237.2738651994675
NAM,2006,9773.298331997976
NER,2006,1260.1204667129823
NGA,2006,4511.639523655171
RWA,2006,1446.7109468655126
SDN,2006,4299.97412109375
SEN,2006,3301.0315241419294
SLE,2006,2344.8622450073813
SOM,2006,857.6858030535482
SSA,2006,4024.7398426546606
STP,2006,4644.180446699914
SWZ,2006,7582.757574564038
SYC,2006,21341.85975260028
TCD,2006,2586.9878908005376
TGO,2006,1941.1729901686224
TSA,2006,4085.07331187694
TZA,2006,2334.1044921875
UGA,2006,1898.9791528047847
ZAF,2006,13460.689422510295
ZMB,2006,2673.461519285285
ZWE,2006,2519.8273743602167
AFE,2007,3766.897179496462
AFW,2007,3971.0297993080912
AGO,2007,9263.980702933408
BDI,2007,951.2900825566378
BEN,2007,2729.1374139035174
BFA,2007,1731.9304633507736
BWA,2007,15850.234348195116
CAF,2007,1284.5528359066566
CIV,2007,3999.690956822084
CMR,2007,4302.619263084698
COD,2007,967.054152909544
COG,2007,7375.824541001449
COM,2007,2426.515145195496
CPV,2007,6767.406773803466
EAS,2007,11829.117225924912
ECS,2007,36980.41098686998
ETH,2007,1109.1433025709516
GAB,2007,19751.87622158098
GHA,2007,3923.125678037277
GIN,2007,2587.0048887648027
GMB,2007,2567.1572880298177
GNB,2007,2040.94007140034
GNQ,2007,35540.44775636574
KEN,2007,4116.450947208563
LBR,2007,1422.100196700045
LCN,2007,16790.980020414016
LSO,2007,2470.3146212788542
MDG,2007,1731.6175179471286
MEA,2007,11994.761290649169
MLI,2007,2400.652868532716
MOZ,2007,1095.1256870159818
MRT,2007,6002.778327099591
MUS,2007,16703.990045872233
MWI,2007,1318.3319639721356
NAM,2007,10162.240070874554
NER,2007,1252.7482725293846
NGA,2007,4677.541847208889
RWA,2007,1516.2675060932334
SDN,2007,4415.78515625
SEN,2007,3316.4203783477437
SLE,2007,2379.944467746475
SOM,2007,887.0509592261081
SSA,2007,4152.648009847512
STP,2007,4698.084169618394
SWZ,2007,7873.565170727415
SYC,2007,23117.855522477108
TCD,2007,2608.2686409016437
TGO,2007,1863.283021678935
TSA,2007,4330.302605722178
TZA,2007,2423.61596679688
UGA,2007,1999.062489643405
ZAF,2007,14033.40084325541
ZMB,2007,2796.3529332184025
ZWE,2007,2395.9888431511013
AFE,2008,3836.0190731647767
AFW,2008,4099.56941791379
AGO,2008,9916.90935059131
BDI,2008,957.2226643570352
BEN,2008,2777.6197403176543
BFA,2008,1779.3271091157114
BWA,2008,16040.315322164684
CAF,2008,1283.2728263105955
CIV,2008,4096.723469189311
CMR,2008,4300.266403524642
COD,2008,996.7441180786312
COG,2008,7587.28826163492
COM,2008,2473.089053440403
CPV,2008,7169.139441553671
EAS,2008,12336.951568045492
ECS,2008,37451.21220740248
ETH,2008,1193.7472832672147
GAB,2008,18493.09211027825
GHA,2008,4174.781241033644
GIN,2008,2629.539747463695
GMB,2008,2649.611198653064
GNB,2008,2080.1430115837456
GNQ,2008,39994.61597906466
KEN,2008,4002.883640737916
LBR,2008,1463.124081872974
LCN,2008,17212.00719466103
LSO,2008,2589.1663585468577
MDG,2008,1794.4023588705688
MEA,2008,12232.490786813913
MLI,2008,2474.909968543109
MOZ,2008,1141.9425616101892
MRT,2008,5813.356088958989
MUS,2008,17540.281831313652
MWI,2008,1378.428866904647
NAM,2008,10286.512406760456
NER,2008,1300.554185001771
NGA,2008,4856.812800818355
RWA,2008,1641.7776740167228
SDN,2008,4446.40966796875
SEN,2008,3359.7056709031144
SLE,2008,2406.815306785368
SOM,2008,918.8022937997132
SSA,2008,4247.696123207688
STP,2008,4873.181311204605
SWZ,2008,7884.86494881977
SYC,2008,21990.36852697053
TCD,2008,2596.864494603616
TGO,2008,1883.5493789036404
TSA,2008,4419.832112468824
TZA,2008,2493.25927734375
UGA,2008,2110.100492715031
ZAF,2008,14315.189649520493
ZMB,2008,2908.1436251066807
ZWE,2008,1949.0348940029903
AFE,2009,3768.186016222384
AFW,2009,4217.717318556768
AGO,2009,9629.091948018293
BDI,2009,944.6299256129544
BEN,2009,2758.072431506483
BFA,2009,1779.3230562797253
BWA,2009,13489.950915614312
CAF,2009,1402.6816477080108
CIV,2009,4151.053608749818
CMR,2009,4286.57718166156
COD,2009,993.997785686778
COG,2009,8138.450338188224
COM,2009,2581.6623777410787
CPV,2009,6994.5740991365
EAS,2009,12672.723484735505
ECS,2009,35503.76607734797
ETH,2009,1262.463979947242
GAB,2009,17911.14584911181
GHA,2009,4269.160058615575
GIN,2009,2537.3064575874573
GMB,2009,2745.3254057476843
GNB,2009,2077.5589205517467
GNQ,2009,38706.6052512135
KEN,2009,4012.194283823972
LBR,2009,1492.9981738405286
LCN,2009,16633.925884368604
LSO,2009,2538.193417518541
MDG,2009,1673.155514664694
MEA,2009,12152.43468525864
MLI,2009,2506.5809124358825
MOZ,2009,1178.7090994783405
MRT,2009,5639.787455304535
MUS,2009,18073.69942333301
MWI,2009,1449.7260152213614
NAM,2009,10166.289945393855
NER,2009,1277.6923095763634
NGA,2009,5102.916403793553
RWA,2009,1699.9445299269448
SDN,2009,4188.0546875
SEN,2009,3371.4616668861586
SLE,2009,2378.7206117633937
SOM,2009,955.8772282742476
SSA,2009,4249.860779453555
STP,2009,4919.195298228649
SWZ,2009,7957.093586454042
SYC,2009,21361.130787528356
TCD,2009,2472.178703184288
TGO,2009,1930.7801793647309
TSA,2009,4683.423205593672
TZA,2009,2560.81103515625
UGA,2009,2188.299162463274
ZAF,2009,13927.72889293759
ZMB,2009,3065.8442010899757
ZWE,2009,2176.864510563069
AFE,2010,3862.651278764209
AFW,2010,4382.420565692026
AGO,2010,9672.83922433216
BDI,2010,947.6214173312696
BEN,2010,2733.573996411508
BFA,2010,1873.97146230828
BWA,2010,14545.01980721737
CAF,2010,1479.4136775769205
CIV,2010,4338.652483941416
CMR,2010,4286.583029473781
COD,2010,1031.2501532094304
COG,2010,8583.661798342875
COM,2010,2652.355544606409
CPV,2010,7072.121502073416
EAS,2010,13604.4531745589
ECS,2010,36392.78502771375
ETH,2010,1381.1904465757416
GAB,2010,18530.57609354969
GHA,2010,4495.6891658410605
GIN,2010,2594.830503442451
GMB,2010,2824.2125922251694
GNB,2010,2138.026861707267
GNQ,2010,33668.87406548518
KEN,2010,4211.524629577841
LBR,2010,1538.8508348851226
LCN,2010,17519.326266488533
LSO,2010,2651.378048982262
MDG,2010,1635.2451147281065
MEA,2010,12469.312741167014
MLI,2010,2594.4156487525224
MOZ,2010,1224.2302047130938
MRT,2010,5605.763892631892
MUS,2010,18819.998411752294
MWI,2010,1504.3751411321457
NAM,2010,10614.62015766705
NER,2010,1336.5641023744686
NGA,2010,5359.518483708732
RWA,2010,1779.1585105156846
SDN,2010,4219.8369140625
SEN,2010,3403.5670716591885
SLE,2010,2461.9810477780197
SOM,2010,994.8684631028522
SSA,2010,4373.825808269339
STP,2010,4882.047964663413
SWZ,2010,8210.696985763456
SYC,2010,21708.75545065657
TCD,2010,2717.5076266485903
TGO,2010,1988.9521050647852
TSA,2010,4997.841582094795
TZA,2010,2654.80346679688
UGA,2010,2244.6059519458368
ZAF,2010,14182.334284781826
ZMB,2010,3266.507492938285
ZWE,2010,2563.4783506973145
AFE,2011,3923.037217531668
AFW,2011,4471.204118651846
AGO,2011,9627.020597769784
BDI,2011,951.188460391309
BEN,2011,2732.012496479568
BFA,2011,1939.866599894059
BWA,2011,15236.718880645943
CAF,2011,1517.1483909101112
CIV,2011,4017.407820402076
CMR,2011,4307.851955585272
COD,2011,1066.57951450382
COG,2011,8492.420983921034
COM,2011,2752.9529559795237
CPV,2011,7325.784418346915
EAS,2011,14313.033764008524
ECS,2011,37343.28048720503
ETH,2011,1492.5339647394949
GAB,2011,19153.087820094453
GHA,2011,5005.367324981874
GIN,2011,2673.40873029955
GMB,2011,2519.839832556724
GNB,2011,2250.920523235844
GNQ,2011,34341.934260750466
KEN,2011,4307.106115568585
LBR,2011,1601.0337404599568
LCN,2011,18117.83969290301
LSO,2011,2749.319581665728
MDG,2011,1614.551377735399
MEA,2011,12698.051493010262
MLI,2011,2612.8482600592206
MOZ,2011,1275.5295982258067
MRT,2011,5653.217204697533
MUS,2011,19556.048783135346
MWI,2011,1533.228895724054
NAM,2011,10965.272975953529
NER,2011,1318.1013099784416
NGA,2011,5488.004815195557
RWA,2011,1874.214981728728
SDN,2011,4467.6259765625
SEN,2011,3362.879405373316
SLE,2011,2592.8589354612072
SOM,2011,1053.9838388456972
SSA,2011,4441.694328643565
STP,2011,4876.473157921455
SWZ,2011,8348.774297381586
SYC,2011,24406.41297641055
TCD,2011,2742.699649066997
TGO,2011,2048.8154887000446
TSA,2011,5199.398280236612
TZA,2011,2779.70776367188
UGA,2011,2384.465327315405
ZAF,2011,14451.92918419598
ZMB,2011,3335.6433950065702
ZWE,2011,2875.902061192834
AFE,2012,3930.400725550547
AFW,2012,4579.604908419915
AGO,2012,10051.339911845163
BDI,2012,958.6574029077254
BEN,2012,2779.726480853202
BFA,2012,2003.6646118745
BWA,2012,14957.618908068993
CAF,2012,1577.9805325225304
CIV,2012,4234.180555933187
CMR,2012,4382.1112079735485
COD,2012,1104.6640065293382
COG,2012,9079.686564008907
COM,2012,2868.3998691892884
CPV,2012,7397.822207024744
EAS,2012,15001.448406850544
ECS,2012,37463.99068382283
ETH,2012,1576.7687573560358
GAB,2012,19450.40270667901
GHA,2012,5339.7132190304455
GIN,2012,2762.903509385131
GMB,2012,2574.93509664061
GNB,2012,2154.302254144677
GNQ,2012,35711.491927353694
KEN,2012,4387.937900754086
LBR,2012,1668.972895887763
LCN,2012,18400.02244081484
LSO,2012,2894.2270504814223
MDG,2012,1617.7908288223548
MEA,2012,12805.041316465196
MLI,2012,2523.1769808850763
MOZ,2012,1338.5159486610426
MRT,2012,5716.251958470767
MUS,2012,20183.700066903995
MWI,2012,1518.1480384923818
NAM,2012,11266.60894864636
NER,2012,1403.1897106785675
NGA,2012,5563.641675606714
RWA,2012,1988.0121947884684
SDN,2012,4145.931640625
SEN,2012,3405.1086446082427
SLE,2012,2795.43889111142
SOM,2012,1114.4041510606992
SSA,2012,4486.915273388035
STP,2012,4919.552943865769
SWZ,2012,8752.114712603328
SYC,2012,24919.955210327957
TCD,2012,2887.7482470141863
TGO,2012,2121.4290315524813
TSA,2012,5421.169739926894
TZA,2012,2822.4853515625
UGA,2012,2405.094559327674
ZAF,2012,14581.58895674716
ZMB,2012,3474.5525284409214
ZWE,2012,3301.166232139204
AFE,2013,3990.2375783525504
AFW,2013,4717.238005224772
AGO,2013,10150.916095769251
BDI,2013,970.3753917685044
BEN,2013,2893.046701535196
BFA,2013,2057.0639319852958
BWA,2013,16369.425290937155
CAF,2013,996.8963559239124
CIV,2013,4597.186352398664
CMR,2013,4473.57231896434
COD,2013,1158.2819297749052
COG,2013,8798.493825063139
COM,2013,3059.116238300323
CPV,2013,7440.662426501136
EAS,2013,15717.654202310025
ECS,2013,37729.81068964531
ETH,2013,1696.8651558741294
GAB,2013,19836.455485141018
GHA,2013,5593.774818869173
GIN,2013,2802.5600702447355
GMB,2013,2572.447289416851
GNB,2013,2166.0079802876107
GNQ,2013,32894.36931891009
KEN,2013,4443.371215681998
LBR,2013,1774.5205777393996
LCN,2013,18731.18869412648
LSO,2013,2914.375159667385
MDG,2013,1610.602307894154
MEA,2013,12790.159389176268
MLI,2013,2508.921422418244
MOZ,2013,1385.8325486421404
MRT,2013,5769.7287135923325
MUS,2013,20811.4949948638
MWI,2013,1555.5060741051134
NAM,2013,11593.575376868916
NER,2013,1423.261690347005
NGA,2013,5775.866346507207
RWA,2013,2032.4048019409224
SDN,2013,4130.48583984375
SEN,2013,3385.425906865616
SLE,2013,3127.539452276209
SOM,2013,1197.2919154688616
SSA,2013,4575.336496237675
STP,2013,5072.112001958659
SWZ,2013,9040.764746675564
SYC,2013,24770.651459179448
TCD,2013,2864.715197411104
TGO,2013,2188.0701081096604
TSA,2013,5690.3266487264
TZA,2013,2924.86328125
UGA,2013,2420.8880808726617
ZAF,2013,14699.066812792827
ZMB,2013,3535.22449043144
ZWE,2013,3319.772086016761
AFE,2014,4052.0246932903897
AFW,2014,4846.986601833508
AGO,2014,10250.59240403328
BDI,2014,977.7658402881344
BEN,2014,2987.382363261529
BFA,2014,2083.198446983037
BWA,2014,17052.192403995807
CAF,2014,1001.8559805349564
CIV,2014,4907.574502945163
CMR,2014,4588.486494990299
COD,2014,1225.7021871195946
COG,2014,9159.256644140454
COM,2014,3109.8956555451314
CPV,2014,7491.021982282428
EAS,2014,16412.29941866382
ECS,2014,38210.64130805269
ETH,2014,1821.3916176818016
GAB,2014,20008.989977871584
GHA,2014,5619.072335115914
GIN,2014,2834.966343478455
GMB,2014,2465.1097114482327
GNB,2014,2130.1912326209417
GNQ,2014,31765.899705685137
KEN,2014,4558.551552663736
LBR,2014,1750.1438489328034
LCN,2014,18814.95134623506
LSO,2014,2930.617240362057
MDG,2014,1620.357889063546
MEA,2014,12938.320240148718
MLI,2014,2615.670310331102
MOZ,2014,1449.929266327224
MRT,2014,5837.852036521064
MUS,2014,21568.864854943346
MWI,2014,1597.5648433140498
NAM,2014,11982.696364834796
NER,2014,1462.8212299849097
NGA,2014,5980.191816483002
RWA,2014,2106.2145436558853
SDN,2014,4207.50048828125
SEN,2014,3484.0121974979747
SLE,2014,2815.058582389715
SOM,2014,1258.8224942626737
SSA,2014,4660.916588056176
STP,2014,5223.095728863879
SWZ,2014,9119.66363354344
SYC,2014,25379.41807070132
TCD,2014,2821.2751543915124
TGO,2014,2253.485262183143
TSA,2014,6029.5488910262175
TZA,2014,3027.56909179688
UGA,2014,2470.503809095981
ZAF,2014,14661.26243482512
ZMB,2014,3585.577485071313
ZWE,2014,3352.381348562271
AFE,2015,4075.159661274607
AFW,2015,4858.288176530254
AGO,2015,9980.92988185425
BDI,2015,918.557192941296
BEN,2015,2952.002183387052
BFA,2015,2101.7026619202743
BWA,2015,15994.964302769064
CAF,2015,1043.9217169715732
CIV,2015,5110.862408098814
CMR,2015,4698.666778435867
COD,2015,1267.905486782274
COG,2015,8977.706816414171
COM,2015,3105.5929632384978
CPV,2015,7560.136492024688
EAS,2015,17117.839928492347
ECS,2015,38660.12548726669
ETH,2015,1957.414541908332
GAB,2015,20147.711620179474
GHA,2015,5607.366356574134
GIN,2015,2869.851571787319
GMB,2015,2495.9574160152483
GNB,2015,2203.485143745375
GNQ,2015,27797.79428031792
KEN,2015,4679.621828319382
LBR,2015,1714.0904796046364
LCN,2015,18723.606732282504
LSO,2015,2986.958667298789
MDG,2015,1627.580613419933
MEA,2015,13085.57723622107
MLI,2015,2686.559744481003
MOZ,2015,1512.5997455553957
MRT,2015,5969.542398815748
MUS,2015,22335.283616673227
MWI,2015,1597.6914532485466
NAM,2015,12166.565839205805
NER,2015,1471.6613532922368
NGA,2015,5985.094352487308
RWA,2015,2238.539414696418
SDN,2015,4159.1943359375
SEN,2015,3593.794771203888
SLE,2015,2630.534986471315
SOM,2015,1343.442966643063
SSA,2015,4665.574139038828
STP,2015,5210.203775543102
SWZ,2015,9253.290936180869
SYC,2015,27032.20838800024
TCD,2015,2823.3607152971417
TGO,2015,2317.5478108026946
TSA,2015,6420.397534085878
TZA,2015,3111.44458007813
UGA,2015,2520.0201028842985
ZAF,2015,14559.474378088866
ZMB,2015,3576.92544834125
ZWE,2015,3366.6337134672463
AFE,2016,4074.187591306929
AFW,2016,4755.000821963366
AGO,2016,9381.809725730422
BDI,2016,897.4590464336037
BEN,2016,2962.6638157226457
BFA,2016,2162.725789778139
BWA,2016,16905.58873934999
CAF,2016,1073.9447770373913
CIV,2016,5320.846462398552
CMR,2016,4767.131861489534
COD,2016,1253.1581565672652
COG,2016,8001.825519450503
COM,2016,3127.132120053182
CPV,2016,7881.303362277843
EAS,2016,17848.70470498467
ECS,2016,39174.96201693589
ETH,2016,2084.840556193996
GAB,2016,19988.17559631861
GHA,2016,5666.077953345908
GIN,2016,3099.788741893716
GMB,2016,2478.4605575699925
GNB,2016,2265.5717969088496
GNQ,2016,24435.064556480145
KEN,2016,4770.310463880859
LBR,2016,1653.310502112331
LCN,2016,18509.858715587998
LSO,2016,3057.2609156816206
MDG,2016,1648.912269790456
MEA,2016,13460.6456819571
MLI,2016,2759.1095822031903
MOZ,2016,1537.9085327121647
MRT,2016,5866.281452918018
MUS,2016,23182.043412437382
MWI,2016,1593.5954926480813
NAM,2016,11846.788083275676
NER,2016,1500.0085868128788
NGA,2016,5744.557878771575
RWA,2016,2316.6373157381445
SDN,2016,4174.56103515625
SEN,2016,3710.055315897236
SLE,2016,2734.718988734029
SOM,2016,1383.658531602926
SSA,2016,4603.140453337702
STP,2016,5388.509133489098
SWZ,2016,9629.555661696468
SYC,2016,29905.134738995184
TCD,2016,2623.1207027149376
TGO,2016,2355.268265515186
TSA,2016,6853.836220455686
TZA,2016,3214.24682617188
UGA,2016,2554.2276906207285
ZAF,2016,14519.03085530197
ZMB,2016,3598.1716602338947
ZWE,2016,3345.31502335074
AFE,2017,4085.466232930637
AFW,2017,4751.502274516142
AGO,2017,9042.117129402322
BDI,2017,880.9934401287061
BEN,2017,3041.7792998498926
BFA,2017,2232.287814909443
BWA,2017,17352.895842884576
CAF,2017,1103.866093187238
CIV,2017,5556.113663228983
CMR,2017,4797.975441855437
COD,2017,1253.187349397721
COG,2017,7372.770467375988
COM,2017,3236.9859990029245
CPV,2017,8234.560003124592
EAS,2017,18679.47407809958
ECS,2017,40198.56832322769
ETH,2017,2222.828244813824
GAB,2017,19555.707882916
GHA,2017,5993.630852110768
GIN,2017,3332.765761505315
GMB,2017,2533.186837102765
GNB,2017,2314.1579595047924
GNQ,2017,22250.438923026337
KEN,2017,4846.862108519316
LBR,2017,1661.3029078217144
LCN,2017,18701.052559903517
LSO,2017,2924.6809619327246
MDG,2017,1669.727642670245
MEA,2017,13549.947997981591
MLI,2017,2816.193289029609
MOZ,2017,1532.0073576114
MRT,2017,6050.6218082295145
MUS,2017,24073.232563388592
MWI,2017,1613.059357146196
NAM,2017,11408.725309996667
NER,2017,1520.0015371231984
NGA,2017,5651.7341316503735
RWA,2017,2351.596868662269
SDN,2017,4061.01831054688
SEN,2017,3871.4514678592
SLE,2017,2755.904289224262
SOM,2017,1527.1121577922331
SSA,2017,4593.299451492816
STP,2017,5521.202495974128
SWZ,2017,9696.551595097162
SYC,2017,31595.668057050523
TCD,2017,2496.4927517022443
TGO,2017,2389.212448328693
TSA,2017,7237.901346095853
TZA,2017,3319.37670898438
UGA,2017,2543.8475439495646
ZAF,2017,14591.436675859257
ZMB,2017,3612.505976645926
ZWE,2017,3453.505738570638
AFE,2018,4088.4028310813264
AFW,2018,4775.859029032452
AGO,2018,8620.21466424389
BDI,2018,868.5555075793944
BEN,2018,3155.451065062702
BFA,2018,2316.3943207904454
BWA,2018,17825.018570040316
CAF,2018,1125.7009174822797
CIV,2018,5670.200053566878
CMR,2018,4851.480039499606
COD,2018,1282.482278966255
COG,2018,7029.33651566257
COM,2018,3303.256887089838
CPV,2018,8531.12961646549
EAS,2018,19526.16471230885
ECS,2018,41007.45548497669
ETH,2018,2311.165116596056
GAB,2018,19225.59825746784
GHA,2018,6234.51208201488
GIN,2018,3455.645126386619
GMB,2018,2651.4328145582635
GNB,2018,2344.8692710482837
GNQ,2018,20165.47955506073
KEN,2018,5017.667846746638
LBR,2018,1647.974437938465
LCN,2018,18851.87070688749
LSO,2018,2846.4182812464937
MDG,2018,1678.7862326923646
MEA,2018,13707.39431629876
MLI,2018,2862.4063242994525
MOZ,2018,1538.8351212702223
MRT,2018,6153.637908536946
MUS,2018,25024.1337925763
MWI,2018,1638.9166576107648
NAM,2018,11214.386043059969
NER,2018,1574.3383826266586
NGA,2018,5628.740794420151
RWA,2018,2493.4400174493794
SDN,2018,3816.65991210938
SEN,2018,3998.286353034058
SLE,2018,2769.8696770893903
SOM,2018,1504.4390872528895
SSA,2018,4595.942712941724
STP,2018,5674.723790940113
SWZ,2018,9632.16196997692
SYC,2018,32841.42424673813
TCD,2018,2552.6061626634687
TGO,2018,2442.6469385739224
TSA,2018,7622.250842125821
TZA,2018,3392.68872070313
UGA,2018,2613.879764139632
ZAF,2018,14571.375633359476
ZMB,2018,3646.959664816546
ZWE,2018,3572.9813398595998
AFE,2019,4073.653989359771
AFW,2019,4822.310180265697
AGO,2019,8274.542561746428
BDI,2019,855.7327200831218
BEN,2019,3281.1047005146465
BFA,2019,2391.5362684448355
BWA,2019,18106.010543783937
CAF,2019,1145.095636577519
CIV,2019,5894.878746741531
CMR,2019,4882.355600288962
COD,2019,1296.947572562439
COG,2019,6939.369133974658
COM,2019,3357.8979138993573
CPV,2019,9111.629931732694
EAS,2019,20291.39049133334
ECS,2019,41700.116917406885
ETH,2019,2437.970460559523
GAB,2019,19491.40676313957
GHA,2019,6508.246523059009
GIN,2019,3557.462338831454
GMB,2019,2750.8213217963403
GNB,2019,2418.104102202881
GNQ,2019,18446.59165796805
KEN,2019,5171.712642792572
LBR,2019,1575.766650012378
LCN,2019,18841.039263572857
LSO,2019,2773.286398872358
MDG,2019,1707.8315382977992
MEA,2019,13715.828536408211
MLI,2019,2916.170694199209
MOZ,2019,1528.8898835437335
MRT,2019,6162.210450713407
MUS,2019,25739.354897587964
MWI,2019,1687.2894491789152
NAM,2019,10813.304468194408
NER,2019,1612.6373469325897
NGA,2019,5628.177652446524
RWA,2019,2667.464584366134
SDN,2019,3625.52319335938
SEN,2019,4070.612270585939
SLE,2019,2855.229066068369
SOM,2019,1491.1076039950906
SSA,2019,4592.560671605046
STP,2019,5702.083470712361
SWZ,2019,10123.316018779604
SYC,2019,34346.07089234829
TCD,2019,2604.9163655198927
TGO,2019,2501.030875362434
TSA,2019,7857.614692334278
TZA,2019,3484.63256835938
UGA,2019,2689.4100914491924
ZAF,2019,14370.238039015134
ZMB,2019,3591.56418883108
ZWE,2019,3294.8038916273817
AFE,2020,3861.068816165531
AFW,2020,4670.070431001215
AGO,2020,7556.967927719756
BDI,2020,833.9202574580189
BEN,2020,3317.8597222556973
BFA,2020,2380.931718265739
BWA,2020,16289.391360351005
CAF,2020,1136.5705299375754
CIV,2020,5787.815333090179
CMR,2020,4763.481943880655
COD,2020,1277.6328634575616
COG,2020,6350.509134097218
COM,2020,3424.5396885925834
CPV,2020,7207.868539620482
EAS,2020,20199.12279275299
ECS,2020,39619.62541343469
ETH,2020,2516.5490764254387
GAB,2020,18681.484073854645
GHA,2020,6412.685417624688
GIN,2020,3630.9933057767694
GMB,2020,2702.319194744816
GNB,2020,2413.679077917472
GNQ,2020,17089.153726379038
KEN,2020,5057.401155374287
LBR,2020,1497.3769243627232
LCN,2020,17478.395670746573
LSO,2020,2517.110418979436
MDG,2020,1545.727143789694
MEA,2020,13116.0948070665
MLI,2020,2796.410384456078
MOZ,2020,1466.1247647447606
MRT,2020,5963.23550334684
MUS,2020,21994.665984868087
MWI,2020,1656.4398519253257
NAM,2020,9652.248272194623
NER,2020,1615.6927244894391
NGA,2020,5410.693555177258
RWA,2020,2520.317394253728
SDN,2020,3401.24975585938
SEN,2020,4018.041292773576
SLE,2020,2755.1025245078736
SOM,2020,1396.0534334436145
SSA,2020,4374.652836585037
STP,2020,5742.947248588261
SWZ,2020,9727.513900025268
SYC,2020,30056.199430096807
TCD,2020,2513.01578402889
TGO,2020,2490.0529378086367
TSA,2020,7399.214690558735
TZA,2020,3449.82153320313
UGA,2020,2678.009072022927
ZAF,2020,13266.785814740966
ZMB,2020,3391.595411560952
ZWE,2020,2987.2684126563345
AFE,2021,3933.580905295672
AFW,2021,4746.752785045447
AGO,2021,7408.126591210588
BDI,2021,836.6655713378286
BEN,2021,3464.2886286745
BFA,2021,2486.4309314776174
BWA,2021,17960.625443125624
CAF,2021,1128.5523799645855
CIV,2021,6045.204804908794
CMR,2021,4793.556282001956
COD,2021,1313.6182182908603
COG,2021,6263.211612926363
COM,2021,3449.043574531814
CPV,2021,7685.419213936686
EAS,2021,21435.04820964335
ECS,2021,42235.022384413016
ETH,2021,2588.413102158837
GAB,2021,18523.57980321349
GHA,2021,6607.502973783208
GIN,2021,3738.8051255133023
GMB,2021,2777.79620978324
GNB,2021,2483.8506293464893
GNQ,2021,16821.44864704129
KEN,2021,5338.852433827813
LBR,2021,1539.20892304674
LCN,2021,18654.7651180854
LSO,2021,2544.7824955121414
MDG,2021,1577.4324605658617
MEA,2021,13527.217823232426
MLI,2021,2796.227937954306
MOZ,2021,1457.2354093092151
MRT,2021,5836.565808218969
MUS,2021,22737.572941054328
MWI,2021,1687.593581796507
NAM,2021,9709.099306467706
NER,2021,1585.5992202118823
NGA,2021,5491.700340682966
RWA,2021,2733.4356676244715
SDN,2021,3248.9755859375
SEN,2021,4173.677413996194
SLE,2021,2851.9520807034755
SOM,2021,1392.464259832649
SSA,2021,4448.694367337749
STP,2021,5732.694560615356
SWZ,2021,9946.040553703331
SYC,2021,29979.827268609057
TCD,2021,2435.072746510997
TGO,2021,2577.2019632206925
TSA,2021,8015.356744628112
TZA,2021,3493.0830078125
UGA,2021,2684.9203593974357
ZAF,2021,13711.293573047353
ZMB,2021,3503.034914183715
ZWE,2021,3184.784601761127
AFE,2022,3974.2442136972095
AFW,2022,4825.138239690451
AGO,2022,7397.486427311053
BDI,2022,829.3871596335701
BEN,2022,3588.3251993814706
BFA,2022,2466.053313900536
BWA,2022,18647.37345720321
CAF,2022,1136.8017111276995
CIV,2022,6272.263957594149
CMR,2022,4843.6503820291655
COD,2022,1385.4647266735662
COG,2022,6205.105041403403
COM,2022,3478.17346802815
CPV,2022,8850.106691881196
EAS,2022,22097.721150582096
ECS,2022,43268.83770972778
ETH,2022,2655.5927674372947
GAB,2022,18662.04979704721
GHA,2022,6728.45414012286
GIN,2022,3792.0106883627727
GMB,2022,2863.1804989768016
GNB,2022,2564.4240723407056
GNQ,2022,16932.77068271548
KEN,2022,5491.693782802457
LBR,2022,1578.9983706917492
LCN,2022,19295.45120059473
LSO,2022,2577.5454412776908
MDG,2022,1602.7136835231067
MEA,2022,14106.73477390345
MLI,2022,2808.5224740984777
MOZ,2022,1476.665602980974
MRT,2022,6053.261787048757
MUS,2022,24788.766497731915
MWI,2022,1659.9593382516805
NAM,2022,9953.097522323364
NER,2022,1717.5189145768409
NGA,2022,5552.837649949573
RWA,2022,2892.4596494282064
SDN,2022,3132.0771484375
SEN,2022,4228.733826429741
SLE,2022,2937.373465086839
SOM,2022,1387.8137420749197
SSA,2022,4502.8640842648365
STP,2022,5632.138907150473
SWZ,2022,9955.709045953654
SYC,2022,27978.177055093693
TCD,2022,2655.710043917898
TGO,2022,2662.2591713482248
TSA,2022,8522.025552664412
TZA,2022,3546.98095703125
UGA,2022,2724.9060956840863
ZAF,2022,13777.19275205639
ZMB,2022,3585.123790843465
ZWE,2022,3323.1183183042003
AFE,2023,3948.142721050981
AFW,2023,4872.768000554665
AGO,2023,7250.402699352409
BDI,2023,828.5829499141413
BEN,2023,3721.2125481480793
BFA,2023,2482.072253438053
BWA,2023,18932.480269527743
CAF,2023,1132.676433633163
CIV,2023,6511.751102828624
CMR,2023,4870.570765143652
COD,2023,1456.482368234966
COG,2023,6172.287766506827
COM,2023,3516.481593293696
CPV,2023,9280.979260297652
EAS,2023,23016.827795429534
ECS,2023,43956.564464880015
ETH,2023,2757.95923634026
GAB,2023,18702.690517792555
GHA,2023,6808.537751650294
GIN,2023,3904.82395527998
GMB,2023,2932.280595690391
GNB,2023,2619.41353737414
GNQ,2023,15688.23841926583
KEN,2023,5682.989162486775
LBR,2023,1616.923733566953
LCN,2023,19602.594519825638
LSO,2023,2595.8295231045336
MDG,2023,1629.460972480417
MEA,2023,14141.05234842648
MLI,2023,2854.827173515688
MOZ,2023,1511.636534749921
MRT,2023,6258.710913291806
MUS,2023,26060.73290235185
MWI,2023,1648.436517963789
NAM,2023,10137.67261367167
NER,2023,1689.5642536706694
NGA,2023,5593.056614482311
RWA,2023,3062.9990964944227
SDN,2023,2181.0791015625
SEN,2023,4304.761487202323
SLE,2023,3037.676439008281
SOM,2023,1402.46991851717
SSA,2023,4495.494766048698
STP,2023,5541.301676053497
SWZ,2023,10201.637984563347
SYC,2023,28635.356358174395
TCD,2023,2641.4329504920843
TGO,2023,2767.5165583442727
TSA,2023,9169.176225471288
TZA,2023,3620.79345703125
UGA,2023,2791.0557688586127
ZAF,2023,13690.38945830695
ZMB,2023,3673.484196992201
ZWE,2023,3442.2488869545828
AFE,2024,3968.963751226807
AFW,2024,4961.6639959108215
AGO,2024,7344.1453785539325
BDI,2024,835.6208592483559
BEN,2024,3901.3258849439226
BFA,2024,2547.932643878987
BWA,2024,18068.505069800503
CAF,2024,1111.6533116674614
CIV,2024,6733.154023826679
CMR,2024,4919.14166939977
COD,2024,1504.1437401180597
COG,2024,6181.470532935725
COM,2024,3567.5138651157567
CPV,2024,9907.588474984736
EAS,2024,23953.91824331963
ECS,2024,44689.60267885081
ETH,2024,2884.264607123447
GAB,2024,18923.09004766778
GHA,2024,7061.934027991852
GIN,2024,4028.483473808986
GMB,2024,3030.9740835672933
GNB,2024,2685.6174278336
GNQ,2024,15454.42849356404
KEN,2024,5823.407594643909
LBR,2024,1658.259994250099
LCN,2024,19905.30339367855
LSO,2024,2637.916510233947
MDG,2024,1657.0497062251034
MEA,2024,14174.490326936646
MLI,2024,2910.8154229539755
MOZ,2024,1495.3224081401984
MRT,2024,6396.991258273656
MUS,2024,27317.18528365497
MWI,2024,1635.8568967371602
NAM,2024,10281.335637034432
NER,2024,1772.7245118612757
NGA,2024,5665.451577161966
RWA,2024,3264.6445147439244
SDN,2024,1871.58911132813
SEN,2024,4495.894893458376
SLE,2024,3092.8305770948004
SOM,2024,1408.2782982201727
SSA,2024,4535.110065390304
STP,2024,5480.435261057681
SWZ,2024,10367.268255418434
SYC,2024,29241.77580488251
TCD,2024,2605.771641839742
TGO,2024,2849.6038496617084
TSA,2024,9653.441920414756
TZA,2024,3713.26293945313
UGA,2024,2881.865946684304
ZAF,2024,13598.788865698376
ZMB,2024,3716.037353331005
ZWE,2024,3450.1297076871524
